timestamp_utc,gpu_index,gpu_name,memory_used_mib,memory_total_mib,utilization_gpu_percent,temperature_c,power_draw_w
2026-09-15T12:14:38.113919Z,0,NVIDIA L20Z,68092,81559,83,47,398.20
2026-09-15T12:14:38.113919Z,1,NVIDIA L20Z,66330,81559,0,32,121.06
2026-09-15T12:14:38.113919Z,2,NVIDIA L20Z,35708,81559,3,36,125.28
2026-09-15T12:14:38.113919Z,3,NVIDIA L20Z,35180,81559,0,35,127.40
2026-09-15T12:14:38.113919Z,4,NVIDIA L20Z,27822,81559,1,32,122.89
2026-09-15T12:14:38.113919Z,5,NVIDIA L20Z,27822,81559,1,36,124.77
2026-09-15T12:14:38.113919Z,6,NVIDIA L20Z,35708,81559,2,34,119.76
2026-09-15T12:14:38.113919Z,7,NVIDIA L20Z,35180,81559,0,35,114.96
2026-09-15T12:14:43.455825Z,0,NVIDIA L20Z,68092,81559,62,46,296.84
2026-09-15T12:14:43.455825Z,1,NVIDIA L20Z,66330,81559,0,32,120.93
2026-09-15T12:14:43.455825Z,2,NVIDIA L20Z,35180,81559,0,37,126.20
2026-09-15T12:14:43.455825Z,3,NVIDIA L20Z,35180,81559,0,35,127.34
2026-09-15T12:14:43.455825Z,4,NVIDIA L20Z,27822,81559,1,32,122.90
2026-09-15T12:14:43.455825Z,5,NVIDIA L20Z,27822,81559,1,36,124.75
2026-09-15T12:14:43.455825Z,6,NVIDIA L20Z,35180,81559,0,34,123.56
2026-09-15T12:14:43.455825Z,7,NVIDIA L20Z,35180,81559,0,36,119.16
2026-09-15T12:14:48.758161Z,0,NVIDIA L20Z,68092,81559,68,46,345.02
2026-09-15T12:14:48.758161Z,1,NVIDIA L20Z,66330,81559,0,32,121.04
2026-09-15T12:14:48.758161Z,2,NVIDIA L20Z,35180,81559,0,37,126.17
2026-09-15T12:14:48.758161Z,3,NVIDIA L20Z,35180,81559,0,35,127.38
2026-09-15T12:14:48.758161Z,4,NVIDIA L20Z,27822,81559,0,32,122.90
2026-09-15T12:14:48.758161Z,5,NVIDIA L20Z,27822,81559,2,36,124.83
2026-09-15T12:14:48.758161Z,6,NVIDIA L20Z,35180,81559,0,34,124.00
2026-09-15T12:14:48.758161Z,7,NVIDIA L20Z,35180,81559,0,36,119.28
2026-09-15T12:14:53.898606Z,0,NVIDIA L20Z,68092,81559,31,47,319.38
2026-09-15T12:14:53.898606Z,1,NVIDIA L20Z,66330,81559,0,33,121.05
2026-09-15T12:14:53.898606Z,2,NVIDIA L20Z,35180,81559,0,37,126.25
2026-09-15T12:14:53.898606Z,3,NVIDIA L20Z,35180,81559,0,35,127.35
2026-09-15T12:14:53.898606Z,4,NVIDIA L20Z,27822,81559,1,32,122.95
2026-09-15T12:14:53.898606Z,5,NVIDIA L20Z,27822,81559,1,36,124.85
2026-09-15T12:14:53.898606Z,6,NVIDIA L20Z,35180,81559,0,34,121.96
2026-09-15T12:14:53.898606Z,7,NVIDIA L20Z,35180,81559,0,36,117.21
2026-09-15T12:14:59.043027Z,0,NVIDIA L20Z,68092,81559,43,47,352.75
2026-09-15T12:14:59.043027Z,1,NVIDIA L20Z,66330,81559,0,33,121.02
2026-09-15T12:14:59.043027Z,2,NVIDIA L20Z,35180,81559,0,37,126.20
2026-09-15T12:14:59.043027Z,3,NVIDIA L20Z,35180,81559,0,35,127.42
2026-09-15T12:14:59.043027Z,4,NVIDIA L20Z,27822,81559,1,32,122.96
2026-09-15T12:14:59.043027Z,5,NVIDIA L20Z,27822,81559,1,36,124.87
2026-09-15T12:14:59.043027Z,6,NVIDIA L20Z,35180,81559,0,34,119.65
2026-09-15T12:14:59.043027Z,7,NVIDIA L20Z,35180,81559,0,36,114.81
2026-09-15T12:15:04.178400Z,0,NVIDIA L20Z,68092,81559,3,45,298.76
2026-09-15T12:15:04.178400Z,1,NVIDIA L20Z,66330,81559,0,33,121.07
2026-09-15T12:15:04.178400Z,2,NVIDIA L20Z,35180,81559,1,37,126.33
2026-09-15T12:15:04.178400Z,3,NVIDIA L20Z,35180,81559,0,35,127.49
2026-09-15T12:15:04.178400Z,4,NVIDIA L20Z,66962,81559,1,32,126.09
2026-09-15T12:15:04.178400Z,5,NVIDIA L20Z,66962,81559,13,36,127.58
2026-09-15T12:15:04.178400Z,6,NVIDIA L20Z,35180,81559,0,34,119.29
2026-09-15T12:15:04.178400Z,7,NVIDIA L20Z,35180,81559,0,36,114.88
2026-09-15T12:15:09.318347Z,0,NVIDIA L20Z,68092,81559,84,48,391.68
2026-09-15T12:15:09.318347Z,1,NVIDIA L20Z,66330,81559,0,33,121.01
2026-09-15T12:15:09.318347Z,2,NVIDIA L20Z,35180,81559,0,37,126.35
2026-09-15T12:15:09.318347Z,3,NVIDIA L20Z,35180,81559,0,35,127.50
2026-09-15T12:15:09.318347Z,4,NVIDIA L20Z,69202,81559,0,32,118.74
2026-09-15T12:15:09.318347Z,5,NVIDIA L20Z,69202,81559,0,36,120.51
2026-09-15T12:15:09.318347Z,6,NVIDIA L20Z,35180,81559,0,34,119.33
2026-09-15T12:15:09.318347Z,7,NVIDIA L20Z,35180,81559,0,36,114.95
2026-09-15T12:15:14.494863Z,0,NVIDIA L20Z,68092,81559,45,47,334.61
2026-09-15T12:15:14.494863Z,1,NVIDIA L20Z,66330,81559,0,33,121.11
2026-09-15T12:15:14.494863Z,2,NVIDIA L20Z,35180,81559,0,37,121.89
2026-09-15T12:15:14.494863Z,3,NVIDIA L20Z,35180,81559,0,35,122.50
2026-09-15T12:15:14.494863Z,4,NVIDIA L20Z,69202,81559,0,34,133.64
2026-09-15T12:15:14.494863Z,5,NVIDIA L20Z,69202,81559,0,36,121.91
2026-09-15T12:15:14.494863Z,6,NVIDIA L20Z,35180,81559,0,34,119.33
2026-09-15T12:15:14.494863Z,7,NVIDIA L20Z,35180,81559,0,36,114.98
2026-09-15T12:15:19.632988Z,0,NVIDIA L20Z,68092,81559,45,47,320.53
2026-09-15T12:15:19.632988Z,1,NVIDIA L20Z,66330,81559,0,33,121.17
2026-09-15T12:15:19.632988Z,2,NVIDIA L20Z,35180,81559,0,37,121.85
2026-09-15T12:15:19.632988Z,3,NVIDIA L20Z,35180,81559,0,35,122.40
2026-09-15T12:15:19.632988Z,4,NVIDIA L20Z,69204,81559,0,33,120.18
2026-09-15T12:15:19.632988Z,5,NVIDIA L20Z,69204,81559,0,36,121.10
2026-09-15T12:15:19.632988Z,6,NVIDIA L20Z,35180,81559,0,34,119.32
2026-09-15T12:15:19.632988Z,7,NVIDIA L20Z,35180,81559,0,36,115.01
2026-09-15T12:15:24.779796Z,0,NVIDIA L20Z,68092,81559,94,49,353.24
2026-09-15T12:15:24.779796Z,1,NVIDIA L20Z,66330,81559,0,33,121.13
2026-09-15T12:15:24.779796Z,2,NVIDIA L20Z,35180,81559,1,37,121.96
2026-09-15T12:15:24.779796Z,3,NVIDIA L20Z,35180,81559,1,35,122.44
2026-09-15T12:15:24.779796Z,4,NVIDIA L20Z,69954,81559,92,33,125.44
2026-09-15T12:15:24.779796Z,5,NVIDIA L20Z,69312,81559,0,36,124.78
2026-09-15T12:15:24.779796Z,6,NVIDIA L20Z,35180,81559,0,34,119.41
2026-09-15T12:15:24.779796Z,7,NVIDIA L20Z,35180,81559,0,36,115.04
2026-09-15T12:15:29.924019Z,0,NVIDIA L20Z,68092,81559,1,45,248.93
2026-09-15T12:15:29.924019Z,1,NVIDIA L20Z,66330,81559,0,33,121.05
2026-09-15T12:15:29.924019Z,2,NVIDIA L20Z,35180,81559,2,37,121.92
2026-09-15T12:15:29.924019Z,3,NVIDIA L20Z,35180,81559,0,35,122.52
2026-09-15T12:15:29.924019Z,4,NVIDIA L20Z,70210,81559,0,33,122.09
2026-09-15T12:15:29.924019Z,5,NVIDIA L20Z,69570,81559,45,38,139.55
2026-09-15T12:15:29.924019Z,6,NVIDIA L20Z,35180,81559,0,34,119.89
2026-09-15T12:15:29.924019Z,7,NVIDIA L20Z,35180,81559,0,36,115.05
2026-09-15T12:15:35.115593Z,0,NVIDIA L20Z,68092,81559,30,46,328.95
2026-09-15T12:15:35.115593Z,1,NVIDIA L20Z,66330,81559,0,33,121.12
2026-09-15T12:15:35.115593Z,2,NVIDIA L20Z,35180,81559,0,37,122.12
2026-09-15T12:15:35.115593Z,3,NVIDIA L20Z,35180,81559,0,35,122.46
2026-09-15T12:15:35.115593Z,4,NVIDIA L20Z,70210,81559,62,33,138.48
2026-09-15T12:15:35.115593Z,5,NVIDIA L20Z,69570,81559,0,37,140.85
2026-09-15T12:15:35.115593Z,6,NVIDIA L20Z,35180,81559,0,34,119.80
2026-09-15T12:15:35.115593Z,7,NVIDIA L20Z,35180,81559,0,36,115.12
2026-09-15T12:15:40.271152Z,0,NVIDIA L20Z,68092,81559,62,46,303.20
2026-09-15T12:15:40.271152Z,1,NVIDIA L20Z,66349,81559,0,33,120.77
2026-09-15T12:15:40.271152Z,2,NVIDIA L20Z,35180,81559,0,37,121.97
2026-09-15T12:15:40.271152Z,3,NVIDIA L20Z,35180,81559,0,35,122.40
2026-09-15T12:15:40.271152Z,4,NVIDIA L20Z,70760,81559,0,34,121.46
2026-09-15T12:15:40.271152Z,5,NVIDIA L20Z,70120,81559,0,37,121.35
2026-09-15T12:15:40.271152Z,6,NVIDIA L20Z,35180,81559,0,34,119.78
2026-09-15T12:15:40.271152Z,7,NVIDIA L20Z,35180,81559,0,36,115.05
2026-09-15T12:15:45.430560Z,0,NVIDIA L20Z,68092,81559,47,48,327.53
2026-09-15T12:15:45.430560Z,1,NVIDIA L20Z,66330,81559,0,33,120.69
2026-09-15T12:15:45.430560Z,2,NVIDIA L20Z,35180,81559,0,37,126.46
2026-09-15T12:15:45.430560Z,3,NVIDIA L20Z,35180,81559,1,35,124.82
2026-09-15T12:15:45.430560Z,4,NVIDIA L20Z,70760,81559,0,33,121.23
2026-09-15T12:15:45.430560Z,5,NVIDIA L20Z,70120,81559,0,37,121.34
2026-09-15T12:15:45.430560Z,6,NVIDIA L20Z,35180,81559,0,34,119.85
2026-09-15T12:15:45.430560Z,7,NVIDIA L20Z,35180,81559,0,36,115.08
2026-09-15T12:15:50.809301Z,0,NVIDIA L20Z,68092,81559,2,45,312.85
2026-09-15T12:15:50.809301Z,1,NVIDIA L20Z,66754,81559,0,34,151.73
2026-09-15T12:15:50.809301Z,2,NVIDIA L20Z,35180,81559,0,37,126.54
2026-09-15T12:15:50.809301Z,3,NVIDIA L20Z,35180,81559,0,35,126.89
2026-09-15T12:15:50.809301Z,4,NVIDIA L20Z,70760,81559,0,33,124.85
2026-09-15T12:15:50.809301Z,5,NVIDIA L20Z,70120,81559,0,37,125.29
2026-09-15T12:15:50.809301Z,6,NVIDIA L20Z,35180,81559,0,35,124.14
2026-09-15T12:15:50.809301Z,7,NVIDIA L20Z,35180,81559,0,36,119.41
2026-09-15T12:15:56.014964Z,0,NVIDIA L20Z,68092,81559,55,46,278.58
2026-09-15T12:15:56.014964Z,1,NVIDIA L20Z,66754,81559,0,33,116.52
2026-09-15T12:15:56.014964Z,2,NVIDIA L20Z,35180,81559,0,37,126.50
2026-09-15T12:15:56.014964Z,3,NVIDIA L20Z,35180,81559,0,35,126.90
2026-09-15T12:15:56.014964Z,4,NVIDIA L20Z,70762,81559,100,42,423.45
2026-09-15T12:15:56.014964Z,5,NVIDIA L20Z,70122,81559,16,42,355.88
2026-09-15T12:15:56.014964Z,6,NVIDIA L20Z,35180,81559,0,35,124.21
2026-09-15T12:15:56.014964Z,7,NVIDIA L20Z,35180,81559,0,36,118.90
2026-09-15T12:16:01.219407Z,0,NVIDIA L20Z,68092,81559,65,45,403.44
2026-09-15T12:16:01.219407Z,1,NVIDIA L20Z,66754,81559,0,33,116.62
2026-09-15T12:16:01.219407Z,2,NVIDIA L20Z,35180,81559,0,37,126.45
2026-09-15T12:16:01.219407Z,3,NVIDIA L20Z,35180,81559,0,35,127.26
2026-09-15T12:16:01.219407Z,4,NVIDIA L20Z,70762,81559,0,34,121.63
2026-09-15T12:16:01.219407Z,5,NVIDIA L20Z,70122,81559,0,38,121.68
2026-09-15T12:16:01.219407Z,6,NVIDIA L20Z,35180,81559,0,35,124.24
2026-09-15T12:16:01.219407Z,7,NVIDIA L20Z,35180,81559,0,36,119.40
2026-09-15T12:16:06.374203Z,0,NVIDIA L20Z,68094,81559,64,48,308.42
2026-09-15T12:16:06.374203Z,1,NVIDIA L20Z,68016,81559,15,40,176.46
2026-09-15T12:16:06.374203Z,2,NVIDIA L20Z,35180,81559,0,37,126.51
2026-09-15T12:16:06.374203Z,3,NVIDIA L20Z,35180,81559,0,35,127.16
2026-09-15T12:16:06.374203Z,4,NVIDIA L20Z,70762,81559,0,34,121.26
2026-09-15T12:16:06.374203Z,5,NVIDIA L20Z,70122,81559,0,38,121.46
2026-09-15T12:16:06.374203Z,6,NVIDIA L20Z,35180,81559,0,35,124.27
2026-09-15T12:16:06.374203Z,7,NVIDIA L20Z,35180,81559,0,36,119.46
2026-09-15T12:16:11.524656Z,0,NVIDIA L20Z,68096,81559,52,47,328.76
2026-09-15T12:16:11.524656Z,1,NVIDIA L20Z,68016,81559,15,36,240.99
2026-09-15T12:16:11.524656Z,2,NVIDIA L20Z,35180,81559,0,37,126.48
2026-09-15T12:16:11.524656Z,3,NVIDIA L20Z,35180,81559,0,35,127.28
2026-09-15T12:16:11.524656Z,4,NVIDIA L20Z,71580,81559,22,36,161.12
2026-09-15T12:16:11.524656Z,5,NVIDIA L20Z,71070,81559,24,39,140.21
2026-09-15T12:16:11.524656Z,6,NVIDIA L20Z,35180,81559,0,34,119.96
2026-09-15T12:16:11.524656Z,7,NVIDIA L20Z,35180,81559,0,36,115.14
2026-09-15T12:16:16.826308Z,0,NVIDIA L20Z,68096,81559,43,47,341.82
2026-09-15T12:16:16.826308Z,1,NVIDIA L20Z,68018,81559,86,40,384.25
2026-09-15T12:16:16.826308Z,2,NVIDIA L20Z,35180,81559,0,37,126.47
2026-09-15T12:16:16.826308Z,3,NVIDIA L20Z,35180,81559,0,35,127.35
2026-09-15T12:16:16.826308Z,4,NVIDIA L20Z,71710,81559,100,46,381.06
2026-09-15T12:16:16.826308Z,5,NVIDIA L20Z,71070,81559,5,45,352.29
2026-09-15T12:16:16.826308Z,6,NVIDIA L20Z,35180,81559,0,34,119.79
2026-09-15T12:16:16.826308Z,7,NVIDIA L20Z,35180,81559,0,36,114.82
2026-09-15T12:16:21.990550Z,0,NVIDIA L20Z,68096,81559,0,43,145.20
2026-09-15T12:16:21.990550Z,1,NVIDIA L20Z,68020,81559,17,41,356.36
2026-09-15T12:16:21.990550Z,2,NVIDIA L20Z,35180,81559,2,37,126.60
2026-09-15T12:16:21.990550Z,3,NVIDIA L20Z,35180,81559,0,35,127.25
2026-09-15T12:16:21.990550Z,4,NVIDIA L20Z,71710,81559,70,46,505.82
2026-09-15T12:16:21.990550Z,5,NVIDIA L20Z,71070,81559,76,46,291.53
2026-09-15T12:16:21.990550Z,6,NVIDIA L20Z,35180,81559,0,34,119.95
2026-09-15T12:16:21.990550Z,7,NVIDIA L20Z,35180,81559,0,36,115.02
2026-09-15T12:16:27.188649Z,0,NVIDIA L20Z,68096,81559,0,42,120.57
2026-09-15T12:16:27.188649Z,1,NVIDIA L20Z,68020,81559,89,45,451.82
2026-09-15T12:16:27.188649Z,2,NVIDIA L20Z,35180,81559,1,37,126.54
2026-09-15T12:16:27.188649Z,3,NVIDIA L20Z,35180,81559,1,35,127.29
2026-09-15T12:16:27.188649Z,4,NVIDIA L20Z,71710,81559,93,48,503.13
2026-09-15T12:16:27.188649Z,5,NVIDIA L20Z,71070,81559,93,51,500.70
2026-09-15T12:16:27.188649Z,6,NVIDIA L20Z,35180,81559,0,34,119.75
2026-09-15T12:16:27.188649Z,7,NVIDIA L20Z,35180,81559,0,36,115.01
2026-09-15T12:16:32.388957Z,0,NVIDIA L20Z,68096,81559,0,41,119.65
2026-09-15T12:16:32.388957Z,1,NVIDIA L20Z,68020,81559,63,40,317.38
2026-09-15T12:16:32.388957Z,2,NVIDIA L20Z,35180,81559,1,37,126.50
2026-09-15T12:16:32.388957Z,3,NVIDIA L20Z,35180,81559,0,35,127.21
2026-09-15T12:16:32.388957Z,4,NVIDIA L20Z,71710,81559,93,47,435.35
2026-09-15T12:16:32.388957Z,5,NVIDIA L20Z,71070,81559,54,49,334.46
2026-09-15T12:16:32.388957Z,6,NVIDIA L20Z,35180,81559,0,34,119.83
2026-09-15T12:16:32.388957Z,7,NVIDIA L20Z,35180,81559,0,36,115.19
2026-09-15T12:16:37.609548Z,0,NVIDIA L20Z,68096,81559,0,41,119.35
2026-09-15T12:16:37.609548Z,1,NVIDIA L20Z,68020,81559,64,45,447.86
2026-09-15T12:16:37.609548Z,2,NVIDIA L20Z,69186,81559,0,37,129.12
2026-09-15T12:16:37.609548Z,3,NVIDIA L20Z,69186,81559,0,35,131.92
2026-09-15T12:16:37.609548Z,4,NVIDIA L20Z,71710,81559,37,45,353.70
2026-09-15T12:16:37.609548Z,5,NVIDIA L20Z,71070,81559,81,54,395.08
2026-09-15T12:16:37.609548Z,6,NVIDIA L20Z,35180,81559,0,34,119.89
2026-09-15T12:16:37.609548Z,7,NVIDIA L20Z,35180,81559,0,36,115.09
2026-09-15T12:16:42.772157Z,0,NVIDIA L20Z,68096,81559,0,40,119.13
2026-09-15T12:16:42.772157Z,1,NVIDIA L20Z,68020,81559,65,45,389.04
2026-09-15T12:16:42.772157Z,2,NVIDIA L20Z,69186,81559,0,37,122.20
2026-09-15T12:16:42.772157Z,3,NVIDIA L20Z,69186,81559,0,35,122.89
2026-09-15T12:16:42.772157Z,4,NVIDIA L20Z,71710,81559,88,47,404.23
2026-09-15T12:16:42.772157Z,5,NVIDIA L20Z,71070,81559,75,55,486.08
2026-09-15T12:16:42.772157Z,6,NVIDIA L20Z,35180,81559,0,34,119.76
2026-09-15T12:16:42.772157Z,7,NVIDIA L20Z,35180,81559,0,36,115.10
2026-09-15T12:16:47.923471Z,0,NVIDIA L20Z,68096,81559,0,40,119.10
2026-09-15T12:16:47.923471Z,1,NVIDIA L20Z,68020,81559,43,49,306.67
2026-09-15T12:16:47.923471Z,2,NVIDIA L20Z,69150,81559,0,37,132.30
2026-09-15T12:16:47.923471Z,3,NVIDIA L20Z,69150,81559,0,35,132.99
2026-09-15T12:16:47.923471Z,4,NVIDIA L20Z,71710,81559,72,49,467.96
2026-09-15T12:16:47.923471Z,5,NVIDIA L20Z,71070,81559,91,53,377.88
2026-09-15T12:16:47.923471Z,6,NVIDIA L20Z,35180,81559,0,34,119.83
2026-09-15T12:16:47.923471Z,7,NVIDIA L20Z,35180,81559,0,36,114.95
2026-09-15T12:16:53.082264Z,0,NVIDIA L20Z,68096,81559,0,40,119.00
2026-09-15T12:16:53.082264Z,1,NVIDIA L20Z,68020,81559,19,41,273.22
2026-09-15T12:16:53.082264Z,2,NVIDIA L20Z,69848,81559,1,37,122.67
2026-09-15T12:16:53.082264Z,3,NVIDIA L20Z,69208,81559,1,35,122.69
2026-09-15T12:16:53.082264Z,4,NVIDIA L20Z,71710,81559,91,48,415.98
2026-09-15T12:16:53.082264Z,5,NVIDIA L20Z,71070,81559,34,54,467.72
2026-09-15T12:16:53.082264Z,6,NVIDIA L20Z,35180,81559,0,34,119.93
2026-09-15T12:16:53.082264Z,7,NVIDIA L20Z,35180,81559,0,36,114.91
2026-09-15T12:16:58.229676Z,0,NVIDIA L20Z,68096,81559,0,40,123.35
2026-09-15T12:16:58.229676Z,1,NVIDIA L20Z,68547,81559,4,43,307.99
2026-09-15T12:16:58.229676Z,2,NVIDIA L20Z,70106,81559,41,38,140.81
2026-09-15T12:16:58.229676Z,3,NVIDIA L20Z,69466,81559,73,36,140.55
2026-09-15T12:16:58.229676Z,4,NVIDIA L20Z,71710,81559,50,48,370.31
2026-09-15T12:16:58.229676Z,5,NVIDIA L20Z,71070,81559,92,57,495.04
2026-09-15T12:16:58.229676Z,6,NVIDIA L20Z,35180,81559,0,34,119.76
2026-09-15T12:16:58.229676Z,7,NVIDIA L20Z,35180,81559,0,36,115.12
2026-09-15T12:17:03.445732Z,0,NVIDIA L20Z,68096,81559,0,40,123.38
2026-09-15T12:17:03.445732Z,1,NVIDIA L20Z,68020,81559,100,52,421.76
2026-09-15T12:17:03.445732Z,2,NVIDIA L20Z,70106,81559,0,37,141.66
2026-09-15T12:17:03.445732Z,3,NVIDIA L20Z,69466,81559,0,35,143.64
2026-09-15T12:17:03.445732Z,4,NVIDIA L20Z,71710,81559,38,47,361.29
2026-09-15T12:17:03.445732Z,5,NVIDIA L20Z,71070,81559,80,58,478.29
2026-09-15T12:17:03.445732Z,6,NVIDIA L20Z,35180,81559,0,34,119.63
2026-09-15T12:17:03.445732Z,7,NVIDIA L20Z,35180,81559,0,36,115.18
2026-09-15T12:17:08.616740Z,0,NVIDIA L20Z,68096,81559,0,40,123.32
2026-09-15T12:17:08.616740Z,1,NVIDIA L20Z,68020,81559,55,44,345.98
2026-09-15T12:17:08.616740Z,2,NVIDIA L20Z,70654,81559,0,37,123.30
2026-09-15T12:17:08.616740Z,3,NVIDIA L20Z,70014,81559,0,35,124.38
2026-09-15T12:17:08.616740Z,4,NVIDIA L20Z,71710,81559,35,47,354.36
2026-09-15T12:17:08.616740Z,5,NVIDIA L20Z,71070,81559,92,59,505.46
2026-09-15T12:17:08.616740Z,6,NVIDIA L20Z,35180,81559,0,35,124.12
2026-09-15T12:17:08.616740Z,7,NVIDIA L20Z,35180,81559,0,36,119.47
2026-09-15T12:17:13.774518Z,0,NVIDIA L20Z,643,81559,0,40,123.29
2026-09-15T12:17:13.774518Z,1,NVIDIA L20Z,68020,81559,66,45,354.03
2026-09-15T12:17:13.774518Z,2,NVIDIA L20Z,70654,81559,0,37,123.24
2026-09-15T12:17:13.774518Z,3,NVIDIA L20Z,70014,81559,0,35,124.25
2026-09-15T12:17:13.774518Z,4,NVIDIA L20Z,71710,81559,42,48,378.55
2026-09-15T12:17:13.774518Z,5,NVIDIA L20Z,71070,81559,74,61,506.22
2026-09-15T12:17:13.774518Z,6,NVIDIA L20Z,35180,81559,0,35,123.91
2026-09-15T12:17:13.774518Z,7,NVIDIA L20Z,35180,81559,0,36,119.40
2026-09-15T12:17:18.936135Z,0,NVIDIA L20Z,4,81559,0,39,71.00
2026-09-15T12:17:18.936135Z,1,NVIDIA L20Z,68020,81559,100,49,415.49
2026-09-15T12:17:18.936135Z,2,NVIDIA L20Z,70654,81559,0,37,123.24
2026-09-15T12:17:18.936135Z,3,NVIDIA L20Z,70014,81559,0,35,124.21
2026-09-15T12:17:18.936135Z,4,NVIDIA L20Z,71710,81559,40,48,370.54
2026-09-15T12:17:18.936135Z,5,NVIDIA L20Z,71070,81559,46,58,415.27
2026-09-15T12:17:18.936135Z,6,NVIDIA L20Z,35180,81559,0,35,124.13
2026-09-15T12:17:18.936135Z,7,NVIDIA L20Z,35180,81559,0,36,119.47
2026-09-15T12:17:24.105249Z,0,NVIDIA L20Z,4,81559,0,38,70.96
2026-09-15T12:17:24.105249Z,1,NVIDIA L20Z,68020,81559,21,42,279.80
2026-09-15T12:17:24.105249Z,2,NVIDIA L20Z,70654,81559,0,37,123.18
2026-09-15T12:17:24.105249Z,3,NVIDIA L20Z,70014,81559,0,35,124.29
2026-09-15T12:17:24.105249Z,4,NVIDIA L20Z,71710,81559,92,49,475.16
2026-09-15T12:17:24.105249Z,5,NVIDIA L20Z,71070,81559,92,58,483.95
2026-09-15T12:17:24.105249Z,6,NVIDIA L20Z,35180,81559,0,35,124.11
2026-09-15T12:17:24.105249Z,7,NVIDIA L20Z,35180,81559,0,36,119.39
2026-09-15T12:17:29.274255Z,0,NVIDIA L20Z,4425,81559,91,54,549.19
2026-09-15T12:17:29.274255Z,1,NVIDIA L20Z,68020,81559,66,44,378.17
2026-09-15T12:17:29.274255Z,2,NVIDIA L20Z,70662,81559,74,42,188.44
2026-09-15T12:17:29.274255Z,3,NVIDIA L20Z,70022,81559,35,39,190.76
2026-09-15T12:17:29.274255Z,4,NVIDIA L20Z,71978,81559,36,48,344.98
2026-09-15T12:17:29.274255Z,5,NVIDIA L20Z,71338,81559,76,61,501.19
2026-09-15T12:17:29.274255Z,6,NVIDIA L20Z,35180,81559,0,35,124.07
2026-09-15T12:17:29.274255Z,7,NVIDIA L20Z,35180,81559,0,37,119.35
2026-09-15T12:17:34.435010Z,0,NVIDIA L20Z,4997,81559,91,58,577.65
2026-09-15T12:17:34.435010Z,1,NVIDIA L20Z,68020,81559,75,45,365.05
2026-09-15T12:17:34.435010Z,2,NVIDIA L20Z,70662,81559,0,38,122.73
2026-09-15T12:17:34.435010Z,3,NVIDIA L20Z,70022,81559,0,35,123.26
2026-09-15T12:17:34.435010Z,4,NVIDIA L20Z,71978,81559,37,48,366.92
2026-09-15T12:17:34.435010Z,5,NVIDIA L20Z,71338,81559,59,60,454.49
2026-09-15T12:17:34.435010Z,6,NVIDIA L20Z,35180,81559,0,35,124.12
2026-09-15T12:17:34.435010Z,7,NVIDIA L20Z,35180,81559,0,36,119.39
2026-09-15T12:17:39.588568Z,0,NVIDIA L20Z,4997,81559,88,61,608.47
2026-09-15T12:17:39.588568Z,1,NVIDIA L20Z,68020,81559,87,46,388.51
2026-09-15T12:17:39.588568Z,2,NVIDIA L20Z,70662,81559,0,37,122.53
2026-09-15T12:17:39.588568Z,3,NVIDIA L20Z,70022,81559,0,35,123.03
2026-09-15T12:17:39.588568Z,4,NVIDIA L20Z,71978,81559,92,49,448.01
2026-09-15T12:17:39.588568Z,5,NVIDIA L20Z,71338,81559,93,58,451.85
2026-09-15T12:17:39.588568Z,6,NVIDIA L20Z,35180,81559,0,34,119.85
2026-09-15T12:17:39.588568Z,7,NVIDIA L20Z,35180,81559,0,36,115.11
2026-09-15T12:17:44.746244Z,0,NVIDIA L20Z,4,81559,0,45,102.13
2026-09-15T12:17:44.746244Z,1,NVIDIA L20Z,68020,81559,85,46,420.43
2026-09-15T12:17:44.746244Z,2,NVIDIA L20Z,70662,81559,0,37,122.38
2026-09-15T12:17:44.746244Z,3,NVIDIA L20Z,70022,81559,0,35,122.96
2026-09-15T12:17:44.746244Z,4,NVIDIA L20Z,71978,81559,94,50,379.08
2026-09-15T12:17:44.746244Z,5,NVIDIA L20Z,71338,81559,52,58,370.22
2026-09-15T12:17:44.746244Z,6,NVIDIA L20Z,35180,81559,0,34,119.84
2026-09-15T12:17:44.746244Z,7,NVIDIA L20Z,35180,81559,0,36,115.11
2026-09-15T12:17:49.897198Z,0,NVIDIA L20Z,4,81559,0,43,71.67
2026-09-15T12:17:49.897198Z,1,NVIDIA L20Z,68020,81559,44,47,329.11
2026-09-15T12:17:49.897198Z,2,NVIDIA L20Z,70662,81559,0,37,122.25
2026-09-15T12:17:49.897198Z,3,NVIDIA L20Z,70022,81559,0,35,122.83
2026-09-15T12:17:49.897198Z,4,NVIDIA L20Z,71978,81559,67,51,442.46
2026-09-15T12:17:49.897198Z,5,NVIDIA L20Z,71338,81559,59,59,344.59
2026-09-15T12:17:49.897198Z,6,NVIDIA L20Z,35180,81559,0,34,119.79
2026-09-15T12:17:49.897198Z,7,NVIDIA L20Z,35180,81559,0,36,114.96
2026-09-15T12:17:55.075841Z,0,NVIDIA L20Z,4,81559,0,42,71.88
2026-09-15T12:17:55.075841Z,1,NVIDIA L20Z,68022,81559,73,47,363.23
2026-09-15T12:17:55.075841Z,2,NVIDIA L20Z,71298,81559,77,44,355.86
2026-09-15T12:17:55.075841Z,3,NVIDIA L20Z,70658,81559,43,39,275.61
2026-09-15T12:17:55.075841Z,4,NVIDIA L20Z,72250,81559,48,52,446.57
2026-09-15T12:17:55.075841Z,5,NVIDIA L20Z,71610,81559,83,63,479.10
2026-09-15T12:17:55.075841Z,6,NVIDIA L20Z,35180,81559,0,34,119.75
2026-09-15T12:17:55.075841Z,7,NVIDIA L20Z,35180,81559,0,36,115.05
2026-09-15T12:18:00.242939Z,0,NVIDIA L20Z,2391,81559,3,44,156.38
2026-09-15T12:18:00.242939Z,1,NVIDIA L20Z,68022,81559,89,47,415.53
2026-09-15T12:18:00.242939Z,2,NVIDIA L20Z,71298,81559,88,45,307.62
2026-09-15T12:18:00.242939Z,3,NVIDIA L20Z,70658,81559,35,41,275.74
2026-09-15T12:18:00.242939Z,4,NVIDIA L20Z,72250,81559,62,50,389.12
2026-09-15T12:18:00.242939Z,5,NVIDIA L20Z,71610,81559,42,61,459.80
2026-09-15T12:18:00.242939Z,6,NVIDIA L20Z,35180,81559,0,34,119.86
2026-09-15T12:18:00.242939Z,7,NVIDIA L20Z,35180,81559,0,36,115.16
2026-09-15T12:18:05.419088Z,0,NVIDIA L20Z,6549,81559,74,58,590.17
2026-09-15T12:18:05.419088Z,1,NVIDIA L20Z,68022,81559,63,47,382.44
2026-09-15T12:18:05.419088Z,2,NVIDIA L20Z,71298,81559,30,44,304.72
2026-09-15T12:18:05.419088Z,3,NVIDIA L20Z,70658,81559,63,43,328.43
2026-09-15T12:18:05.419088Z,4,NVIDIA L20Z,72250,81559,91,52,423.63
2026-09-15T12:18:05.419088Z,5,NVIDIA L20Z,71610,81559,92,62,465.75
2026-09-15T12:18:05.419088Z,6,NVIDIA L20Z,35180,81559,0,34,119.81
2026-09-15T12:18:05.419088Z,7,NVIDIA L20Z,35180,81559,0,36,115.08
2026-09-15T12:18:10.625396Z,0,NVIDIA L20Z,4,81559,0,46,127.05
2026-09-15T12:18:10.625396Z,1,NVIDIA L20Z,68022,81559,87,49,483.81
2026-09-15T12:18:10.625396Z,2,NVIDIA L20Z,71298,81559,85,46,351.65
2026-09-15T12:18:10.625396Z,3,NVIDIA L20Z,70658,81559,84,43,354.51
2026-09-15T12:18:10.625396Z,4,NVIDIA L20Z,72250,81559,37,49,373.74
2026-09-15T12:18:10.625396Z,5,NVIDIA L20Z,71610,81559,79,64,513.64
2026-09-15T12:18:10.625396Z,6,NVIDIA L20Z,35180,81559,0,34,119.75
2026-09-15T12:18:10.625396Z,7,NVIDIA L20Z,35180,81559,0,36,115.04
2026-09-15T12:18:15.809784Z,0,NVIDIA L20Z,4,81559,0,43,71.57
2026-09-15T12:18:15.809784Z,1,NVIDIA L20Z,68022,81559,65,46,357.77
2026-09-15T12:18:15.809784Z,2,NVIDIA L20Z,71298,81559,72,47,340.13
2026-09-15T12:18:15.809784Z,3,NVIDIA L20Z,70658,81559,38,42,297.35
2026-09-15T12:18:15.809784Z,4,NVIDIA L20Z,72250,81559,78,51,398.42
2026-09-15T12:18:15.809784Z,5,NVIDIA L20Z,71610,81559,79,63,491.25
2026-09-15T12:18:15.809784Z,6,NVIDIA L20Z,35180,81559,0,34,119.80
2026-09-15T12:18:15.809784Z,7,NVIDIA L20Z,35180,81559,0,36,115.11
2026-09-15T12:18:20.979676Z,0,NVIDIA L20Z,4,81559,0,42,71.35
2026-09-15T12:18:20.979676Z,1,NVIDIA L20Z,68022,81559,36,48,349.25
2026-09-15T12:18:20.979676Z,2,NVIDIA L20Z,71298,81559,87,49,393.71
2026-09-15T12:18:20.979676Z,3,NVIDIA L20Z,70658,81559,87,46,388.90
2026-09-15T12:18:20.979676Z,4,NVIDIA L20Z,72250,81559,22,50,493.76
2026-09-15T12:18:20.979676Z,5,NVIDIA L20Z,71610,81559,9,60,506.67
2026-09-15T12:18:20.979676Z,6,NVIDIA L20Z,35180,81559,0,34,119.25
2026-09-15T12:18:20.979676Z,7,NVIDIA L20Z,35180,81559,0,36,118.83
2026-09-15T12:18:26.145232Z,0,NVIDIA L20Z,4,81559,0,41,71.05
2026-09-15T12:18:26.145232Z,1,NVIDIA L20Z,68024,81559,68,48,341.38
2026-09-15T12:18:26.145232Z,2,NVIDIA L20Z,71298,81559,84,49,343.18
2026-09-15T12:18:26.145232Z,3,NVIDIA L20Z,70658,81559,43,43,301.16
2026-09-15T12:18:26.145232Z,4,NVIDIA L20Z,72250,81559,98,52,438.88
2026-09-15T12:18:26.145232Z,5,NVIDIA L20Z,71610,81559,81,63,444.66
2026-09-15T12:18:26.145232Z,6,NVIDIA L20Z,35180,81559,0,34,119.32
2026-09-15T12:18:26.145232Z,7,NVIDIA L20Z,35180,81559,0,36,119.23
2026-09-15T12:18:31.322049Z,0,NVIDIA L20Z,4,81559,0,41,70.95
2026-09-15T12:18:31.322049Z,1,NVIDIA L20Z,68024,81559,2,49,342.40
2026-09-15T12:18:31.322049Z,2,NVIDIA L20Z,71298,81559,0,48,317.30
2026-09-15T12:18:31.322049Z,3,NVIDIA L20Z,70658,81559,45,45,271.19
2026-09-15T12:18:31.322049Z,4,NVIDIA L20Z,72250,81559,83,51,461.92
2026-09-15T12:18:31.322049Z,5,NVIDIA L20Z,71610,81559,93,64,454.54
2026-09-15T12:18:31.322049Z,6,NVIDIA L20Z,35180,81559,0,34,119.24
2026-09-15T12:18:31.322049Z,7,NVIDIA L20Z,35180,81559,0,36,119.35
2026-09-15T12:18:36.566145Z,0,NVIDIA L20Z,4,81559,0,40,71.38
2026-09-15T12:18:36.566145Z,1,NVIDIA L20Z,68026,81559,88,50,463.61
2026-09-15T12:18:36.566145Z,2,NVIDIA L20Z,71298,81559,37,48,281.54
2026-09-15T12:18:36.566145Z,3,NVIDIA L20Z,70658,81559,70,45,316.20
2026-09-15T12:18:36.566145Z,4,NVIDIA L20Z,72250,81559,42,52,452.09
2026-09-15T12:18:36.566145Z,5,NVIDIA L20Z,71610,81559,97,63,387.03
2026-09-15T12:18:36.566145Z,6,NVIDIA L20Z,35180,81559,0,34,119.46
2026-09-15T12:18:36.566145Z,7,NVIDIA L20Z,35180,81559,0,36,119.45
2026-09-15T12:18:41.750858Z,0,NVIDIA L20Z,4,81559,0,40,71.47
2026-09-15T12:18:41.750858Z,1,NVIDIA L20Z,68026,81559,63,49,373.86
2026-09-15T12:18:41.750858Z,2,NVIDIA L20Z,71300,81559,12,50,308.01
2026-09-15T12:18:41.750858Z,3,NVIDIA L20Z,70660,81559,56,43,267.77
2026-09-15T12:18:41.750858Z,4,NVIDIA L20Z,72250,81559,82,53,420.54
2026-09-15T12:18:41.750858Z,5,NVIDIA L20Z,71610,81559,47,60,319.81
2026-09-15T12:18:41.750858Z,6,NVIDIA L20Z,35180,81559,0,34,119.38
2026-09-15T12:18:41.750858Z,7,NVIDIA L20Z,35180,81559,0,36,119.37
2026-09-15T12:18:46.909274Z,0,NVIDIA L20Z,4,81559,0,40,71.40
2026-09-15T12:18:46.909274Z,1,NVIDIA L20Z,68026,81559,58,48,358.09
2026-09-15T12:18:46.909274Z,2,NVIDIA L20Z,71300,81559,17,50,276.64
2026-09-15T12:18:46.909274Z,3,NVIDIA L20Z,70660,81559,70,46,334.03
2026-09-15T12:18:46.909274Z,4,NVIDIA L20Z,72252,81559,93,51,459.43
2026-09-15T12:18:46.909274Z,5,NVIDIA L20Z,71612,81559,92,60,456.88
2026-09-15T12:18:46.909274Z,6,NVIDIA L20Z,35180,81559,0,34,119.29
2026-09-15T12:18:46.909274Z,7,NVIDIA L20Z,35180,81559,0,37,119.28
2026-09-15T12:18:52.063586Z,0,NVIDIA L20Z,4,81559,0,40,71.28
2026-09-15T12:18:52.063586Z,1,NVIDIA L20Z,68026,81559,94,50,413.76
2026-09-15T12:18:52.063586Z,2,NVIDIA L20Z,71300,81559,46,51,305.24
2026-09-15T12:18:52.063586Z,3,NVIDIA L20Z,70660,81559,90,46,345.81
2026-09-15T12:18:52.063586Z,4,NVIDIA L20Z,72254,81559,91,52,413.76
2026-09-15T12:18:52.063586Z,5,NVIDIA L20Z,71614,81559,87,64,469.78
2026-09-15T12:18:52.063586Z,6,NVIDIA L20Z,35180,81559,0,34,119.47
2026-09-15T12:18:52.063586Z,7,NVIDIA L20Z,35180,81559,0,37,119.38
2026-09-15T12:18:57.229178Z,0,NVIDIA L20Z,2295,81559,18,46,189.09
2026-09-15T12:18:57.229178Z,1,NVIDIA L20Z,68026,81559,70,48,341.21
2026-09-15T12:18:57.229178Z,2,NVIDIA L20Z,71300,81559,85,52,356.13
2026-09-15T12:18:57.229178Z,3,NVIDIA L20Z,70660,81559,84,47,342.12
2026-09-15T12:18:57.229178Z,4,NVIDIA L20Z,72254,81559,68,51,364.40
2026-09-15T12:18:57.229178Z,5,NVIDIA L20Z,71614,81559,61,64,491.21
2026-09-15T12:18:57.229178Z,6,NVIDIA L20Z,35180,81559,0,34,119.37
2026-09-15T12:18:57.229178Z,7,NVIDIA L20Z,35180,81559,0,37,119.31
2026-09-15T12:19:02.473172Z,0,NVIDIA L20Z,2961,81559,0,44,262.19
2026-09-15T12:19:02.473172Z,1,NVIDIA L20Z,68026,81559,67,49,376.03
2026-09-15T12:19:02.473172Z,2,NVIDIA L20Z,71302,81559,69,52,335.22
2026-09-15T12:19:02.473172Z,3,NVIDIA L20Z,70662,81559,32,46,307.78
2026-09-15T12:19:02.473172Z,4,NVIDIA L20Z,72254,81559,40,52,419.04
2026-09-15T12:19:02.473172Z,5,NVIDIA L20Z,71614,81559,70,62,450.37
2026-09-15T12:19:02.473172Z,6,NVIDIA L20Z,35180,81559,0,34,119.45
2026-09-15T12:19:02.473172Z,7,NVIDIA L20Z,35180,81559,0,36,115.05
2026-09-15T12:19:07.670524Z,0,NVIDIA L20Z,4,81559,0,41,71.78
2026-09-15T12:19:07.670524Z,1,NVIDIA L20Z,68026,81559,39,49,369.20
2026-09-15T12:19:07.670524Z,2,NVIDIA L20Z,71302,81559,5,49,350.92
2026-09-15T12:19:07.670524Z,3,NVIDIA L20Z,70662,81559,26,45,324.06
2026-09-15T12:19:07.670524Z,4,NVIDIA L20Z,72254,81559,46,51,398.21
2026-09-15T12:19:07.670524Z,5,NVIDIA L20Z,71614,81559,46,64,476.00
2026-09-15T12:19:07.670524Z,6,NVIDIA L20Z,35180,81559,0,34,119.36
2026-09-15T12:19:07.670524Z,7,NVIDIA L20Z,35180,81559,0,36,115.18
2026-09-15T12:19:12.849376Z,0,NVIDIA L20Z,4,81559,0,40,71.35
2026-09-15T12:19:12.849376Z,1,NVIDIA L20Z,68026,81559,88,46,432.06
2026-09-15T12:19:12.849376Z,2,NVIDIA L20Z,71302,81559,57,51,309.54
2026-09-15T12:19:12.849376Z,3,NVIDIA L20Z,70662,81559,44,46,295.27
2026-09-15T12:19:12.849376Z,4,NVIDIA L20Z,72254,81559,93,52,425.64
2026-09-15T12:19:12.849376Z,5,NVIDIA L20Z,71614,81559,92,63,492.97
2026-09-15T12:19:12.849376Z,6,NVIDIA L20Z,35180,81559,0,34,119.80
2026-09-15T12:19:12.849376Z,7,NVIDIA L20Z,35180,81559,0,36,115.39
2026-09-15T12:19:18.052270Z,0,NVIDIA L20Z,4,81559,0,40,71.46
2026-09-15T12:19:18.052270Z,1,NVIDIA L20Z,68026,81559,62,48,355.86
2026-09-15T12:19:18.052270Z,2,NVIDIA L20Z,71302,81559,21,50,300.15
2026-09-15T12:19:18.052270Z,3,NVIDIA L20Z,70662,81559,70,47,346.07
2026-09-15T12:19:18.052270Z,4,NVIDIA L20Z,72254,81559,56,51,371.04
2026-09-15T12:19:18.052270Z,5,NVIDIA L20Z,71614,81559,62,64,480.38
2026-09-15T12:19:18.052270Z,6,NVIDIA L20Z,35180,81559,0,34,119.79
2026-09-15T12:19:18.052270Z,7,NVIDIA L20Z,35180,81559,0,36,115.01
2026-09-15T12:19:23.237681Z,0,NVIDIA L20Z,4,81559,0,40,116.45
2026-09-15T12:19:23.237681Z,1,NVIDIA L20Z,68555,81559,61,46,396.42
2026-09-15T12:19:23.237681Z,2,NVIDIA L20Z,71302,81559,55,51,335.79
2026-09-15T12:19:23.237681Z,3,NVIDIA L20Z,70662,81559,42,47,313.99
2026-09-15T12:19:23.237681Z,4,NVIDIA L20Z,72254,81559,30,52,385.64
2026-09-15T12:19:23.237681Z,5,NVIDIA L20Z,71614,81559,92,62,421.89
2026-09-15T12:19:23.237681Z,6,NVIDIA L20Z,35180,81559,0,34,119.78
2026-09-15T12:19:23.237681Z,7,NVIDIA L20Z,35180,81559,0,36,114.95
2026-09-15T12:19:28.571035Z,0,NVIDIA L20Z,4,81559,0,39,71.33
2026-09-15T12:19:28.571035Z,1,NVIDIA L20Z,68028,81559,56,47,363.33
2026-09-15T12:19:28.571035Z,2,NVIDIA L20Z,71302,81559,55,52,342.07
2026-09-15T12:19:28.571035Z,3,NVIDIA L20Z,70662,81559,67,47,303.19
2026-09-15T12:19:28.571035Z,4,NVIDIA L20Z,72781,81559,100,56,498.05
2026-09-15T12:19:28.571035Z,5,NVIDIA L20Z,71614,81559,94,68,525.49
2026-09-15T12:19:28.571035Z,6,NVIDIA L20Z,35180,81559,0,34,119.79
2026-09-15T12:19:28.571035Z,7,NVIDIA L20Z,35180,81559,0,36,114.95
2026-09-15T12:19:33.760726Z,0,NVIDIA L20Z,4,81559,0,39,71.20
2026-09-15T12:19:33.760726Z,1,NVIDIA L20Z,68028,81559,45,47,356.29
2026-09-15T12:19:33.760726Z,2,NVIDIA L20Z,71302,81559,53,52,312.40
2026-09-15T12:19:33.760726Z,3,NVIDIA L20Z,70662,81559,67,46,323.36
2026-09-15T12:19:33.760726Z,4,NVIDIA L20Z,72254,81559,46,50,393.79
2026-09-15T12:19:33.760726Z,5,NVIDIA L20Z,71614,81559,74,64,497.71
2026-09-15T12:19:33.760726Z,6,NVIDIA L20Z,35180,81559,0,34,123.95
2026-09-15T12:19:33.760726Z,7,NVIDIA L20Z,35180,81559,0,36,115.00
2026-09-15T12:19:39.114377Z,0,NVIDIA L20Z,4,81559,0,39,71.15
2026-09-15T12:19:39.114377Z,1,NVIDIA L20Z,68028,81559,24,53,394.52
2026-09-15T12:19:39.114377Z,2,NVIDIA L20Z,71302,81559,46,52,313.24
2026-09-15T12:19:39.114377Z,3,NVIDIA L20Z,70702,81559,29,46,310.30
2026-09-15T12:19:39.114377Z,4,NVIDIA L20Z,72254,81559,42,50,371.49
2026-09-15T12:19:39.114377Z,5,NVIDIA L20Z,71614,81559,78,67,480.04
2026-09-15T12:19:39.114377Z,6,NVIDIA L20Z,35180,81559,0,34,119.71
2026-09-15T12:19:39.114377Z,7,NVIDIA L20Z,35180,81559,0,36,115.06
2026-09-15T12:19:44.410286Z,0,NVIDIA L20Z,4,81559,0,39,71.13
2026-09-15T12:19:44.410286Z,1,NVIDIA L20Z,68028,81559,63,47,369.61
2026-09-15T12:19:44.410286Z,2,NVIDIA L20Z,71302,81559,73,53,308.08
2026-09-15T12:19:44.410286Z,3,NVIDIA L20Z,70662,81559,48,47,284.80
2026-09-15T12:19:44.410286Z,4,NVIDIA L20Z,72254,81559,57,49,356.11
2026-09-15T12:19:44.410286Z,5,NVIDIA L20Z,71614,81559,85,66,527.18
2026-09-15T12:19:44.410286Z,6,NVIDIA L20Z,35180,81559,0,34,123.92
2026-09-15T12:19:44.410286Z,7,NVIDIA L20Z,35180,81559,0,36,116.16
2026-09-15T12:19:49.669107Z,0,NVIDIA L20Z,4,81559,0,39,71.12
2026-09-15T12:19:49.669107Z,1,NVIDIA L20Z,68028,81559,46,51,285.75
2026-09-15T12:19:49.669107Z,2,NVIDIA L20Z,71302,81559,85,53,362.09
2026-09-15T12:19:49.669107Z,3,NVIDIA L20Z,70662,81559,47,45,307.27
2026-09-15T12:19:49.669107Z,4,NVIDIA L20Z,72254,81559,31,47,360.66
2026-09-15T12:19:49.669107Z,5,NVIDIA L20Z,71614,81559,16,60,397.68
2026-09-15T12:19:49.669107Z,6,NVIDIA L20Z,35180,81559,0,34,123.99
2026-09-15T12:19:49.669107Z,7,NVIDIA L20Z,35180,81559,0,36,119.42
2026-09-15T12:19:54.825933Z,0,NVIDIA L20Z,4,81559,0,39,71.07
2026-09-15T12:19:54.825933Z,1,NVIDIA L20Z,68028,81559,47,47,353.33
2026-09-15T12:19:54.825933Z,2,NVIDIA L20Z,71302,81559,42,51,280.16
2026-09-15T12:19:54.825933Z,3,NVIDIA L20Z,70662,81559,75,47,332.49
2026-09-15T12:19:54.825933Z,4,NVIDIA L20Z,72254,81559,93,50,465.41
2026-09-15T12:19:54.825933Z,5,NVIDIA L20Z,71614,81559,93,61,472.28
2026-09-15T12:19:54.825933Z,6,NVIDIA L20Z,35180,81559,0,34,124.06
2026-09-15T12:19:54.825933Z,7,NVIDIA L20Z,35180,81559,0,36,119.25
2026-09-15T12:19:59.995130Z,0,NVIDIA L20Z,4,81559,0,38,70.96
2026-09-15T12:19:59.995130Z,1,NVIDIA L20Z,68028,81559,48,47,390.05
2026-09-15T12:19:59.995130Z,2,NVIDIA L20Z,71304,81559,49,52,277.69
2026-09-15T12:19:59.995130Z,3,NVIDIA L20Z,70664,81559,42,45,297.65
2026-09-15T12:19:59.995130Z,4,NVIDIA L20Z,72254,81559,37,49,328.38
2026-09-15T12:19:59.995130Z,5,NVIDIA L20Z,71614,81559,87,66,524.84
2026-09-15T12:19:59.995130Z,6,NVIDIA L20Z,35180,81559,0,34,123.93
2026-09-15T12:19:59.995130Z,7,NVIDIA L20Z,35180,81559,0,36,119.36
2026-09-15T12:20:05.157261Z,0,NVIDIA L20Z,4,81559,0,38,70.94
2026-09-15T12:20:05.157261Z,1,NVIDIA L20Z,68028,81559,71,46,369.78
2026-09-15T12:20:05.157261Z,2,NVIDIA L20Z,71304,81559,44,52,297.99
2026-09-15T12:20:05.157261Z,3,NVIDIA L20Z,70664,81559,60,47,318.69
2026-09-15T12:20:05.157261Z,4,NVIDIA L20Z,72254,81559,37,50,373.32
2026-09-15T12:20:05.157261Z,5,NVIDIA L20Z,71614,81559,87,66,514.77
2026-09-15T12:20:05.157261Z,6,NVIDIA L20Z,35180,81559,0,34,124.03
2026-09-15T12:20:05.157261Z,7,NVIDIA L20Z,35180,81559,0,36,119.31
2026-09-15T12:20:10.336286Z,0,NVIDIA L20Z,4,81559,0,38,70.97
2026-09-15T12:20:10.336286Z,1,NVIDIA L20Z,68028,81559,59,47,385.29
2026-09-15T12:20:10.336286Z,2,NVIDIA L20Z,71306,81559,55,52,357.22
2026-09-15T12:20:10.336286Z,3,NVIDIA L20Z,70666,81559,49,46,277.36
2026-09-15T12:20:10.336286Z,4,NVIDIA L20Z,72254,81559,100,59,497.60
2026-09-15T12:20:10.336286Z,5,NVIDIA L20Z,71614,81559,100,71,522.23
2026-09-15T12:20:10.336286Z,6,NVIDIA L20Z,35180,81559,0,34,123.93
2026-09-15T12:20:10.336286Z,7,NVIDIA L20Z,35180,81559,0,36,119.30
2026-09-15T12:20:15.496140Z,0,NVIDIA L20Z,4,81559,0,38,70.94
2026-09-15T12:20:15.496140Z,1,NVIDIA L20Z,68028,81559,90,47,446.30
2026-09-15T12:20:15.496140Z,2,NVIDIA L20Z,71306,81559,78,53,344.43
2026-09-15T12:20:15.496140Z,3,NVIDIA L20Z,70666,81559,53,46,313.48
2026-09-15T12:20:15.496140Z,4,NVIDIA L20Z,72254,81559,35,50,418.32
2026-09-15T12:20:15.496140Z,5,NVIDIA L20Z,71614,81559,57,63,425.67
2026-09-15T12:20:15.496140Z,6,NVIDIA L20Z,35180,81559,0,34,123.87
2026-09-15T12:20:15.496140Z,7,NVIDIA L20Z,35180,81559,0,36,119.35
2026-09-15T12:20:20.697241Z,0,NVIDIA L20Z,4,81559,0,38,70.86
2026-09-15T12:20:20.697241Z,1,NVIDIA L20Z,68028,81559,31,46,305.02
2026-09-15T12:20:20.697241Z,2,NVIDIA L20Z,71306,81559,48,54,353.89
2026-09-15T12:20:20.697241Z,3,NVIDIA L20Z,70666,81559,59,46,307.98
2026-09-15T12:20:20.697241Z,4,NVIDIA L20Z,72254,81559,35,51,395.52
2026-09-15T12:20:20.697241Z,5,NVIDIA L20Z,71614,81559,56,64,431.27
2026-09-15T12:20:20.697241Z,6,NVIDIA L20Z,35180,81559,0,34,124.09
2026-09-15T12:20:20.697241Z,7,NVIDIA L20Z,35180,81559,0,36,119.36
2026-09-15T12:20:25.862945Z,0,NVIDIA L20Z,4,81559,0,38,70.98
2026-09-15T12:20:25.862945Z,1,NVIDIA L20Z,68028,81559,87,47,417.79
2026-09-15T12:20:25.862945Z,2,NVIDIA L20Z,71306,81559,42,52,277.88
2026-09-15T12:20:25.862945Z,3,NVIDIA L20Z,70666,81559,59,48,298.48
2026-09-15T12:20:25.862945Z,4,NVIDIA L20Z,72254,81559,78,51,369.01
2026-09-15T12:20:25.862945Z,5,NVIDIA L20Z,71614,81559,63,65,477.05
2026-09-15T12:20:25.862945Z,6,NVIDIA L20Z,4,81559,0,33,73.63
2026-09-15T12:20:25.862945Z,7,NVIDIA L20Z,4,81559,0,35,68.22
2026-09-15T12:20:31.031235Z,0,NVIDIA L20Z,4,81559,0,38,70.94
2026-09-15T12:20:31.031235Z,1,NVIDIA L20Z,68028,81559,55,46,365.92
2026-09-15T12:20:31.031235Z,2,NVIDIA L20Z,71306,81559,84,55,395.40
2026-09-15T12:20:31.031235Z,3,NVIDIA L20Z,70666,81559,86,49,378.78
2026-09-15T12:20:31.031235Z,4,NVIDIA L20Z,72254,81559,73,50,349.93
2026-09-15T12:20:31.031235Z,5,NVIDIA L20Z,71614,81559,93,66,499.70
2026-09-15T12:20:31.031235Z,6,NVIDIA L20Z,4,81559,0,33,73.74
2026-09-15T12:20:31.031235Z,7,NVIDIA L20Z,4,81559,0,35,68.14
2026-09-15T12:20:36.369492Z,0,NVIDIA L20Z,43,81559,0,39,78.12
2026-09-15T12:20:36.369492Z,1,NVIDIA L20Z,68028,81559,47,48,341.29
2026-09-15T12:20:36.369492Z,2,NVIDIA L20Z,71306,81559,74,53,329.36
2026-09-15T12:20:36.369492Z,3,NVIDIA L20Z,70666,81559,39,46,320.87
2026-09-15T12:20:36.369492Z,4,NVIDIA L20Z,72254,81559,92,51,459.45
2026-09-15T12:20:36.369492Z,5,NVIDIA L20Z,71614,81559,92,63,487.45
2026-09-15T12:20:36.369492Z,6,NVIDIA L20Z,4,81559,0,33,73.50
2026-09-15T12:20:36.369492Z,7,NVIDIA L20Z,4,81559,0,34,68.06
2026-09-15T12:20:41.622802Z,0,NVIDIA L20Z,4,81559,0,38,70.97
2026-09-15T12:20:41.622802Z,1,NVIDIA L20Z,68028,81559,12,53,383.44
2026-09-15T12:20:41.622802Z,2,NVIDIA L20Z,71306,81559,48,55,360.55
2026-09-15T12:20:41.622802Z,3,NVIDIA L20Z,71194,81559,41,46,279.57
2026-09-15T12:20:41.622802Z,4,NVIDIA L20Z,72254,81559,45,51,375.42
2026-09-15T12:20:41.622802Z,5,NVIDIA L20Z,71614,81559,87,66,493.22
2026-09-15T12:20:41.622802Z,6,NVIDIA L20Z,4,81559,0,32,73.35
2026-09-15T12:20:41.622802Z,7,NVIDIA L20Z,4,81559,0,34,67.96
2026-09-15T12:20:46.879108Z,0,NVIDIA L20Z,4,81559,0,38,71.03
2026-09-15T12:20:46.879108Z,1,NVIDIA L20Z,68028,81559,71,48,380.73
2026-09-15T12:20:46.879108Z,2,NVIDIA L20Z,71306,81559,76,54,363.40
2026-09-15T12:20:46.879108Z,3,NVIDIA L20Z,70668,81559,46,46,281.50
2026-09-15T12:20:46.879108Z,4,NVIDIA L20Z,72254,81559,92,51,384.06
2026-09-15T12:20:46.879108Z,5,NVIDIA L20Z,71614,81559,45,64,485.08
2026-09-15T12:20:46.879108Z,6,NVIDIA L20Z,4,81559,0,33,102.28
2026-09-15T12:20:46.879108Z,7,NVIDIA L20Z,4,81559,0,34,68.05
2026-09-15T12:20:52.038837Z,0,NVIDIA L20Z,4,81559,0,38,70.94
2026-09-15T12:20:52.038837Z,1,NVIDIA L20Z,68028,81559,55,49,346.14
2026-09-15T12:20:52.038837Z,2,NVIDIA L20Z,71306,81559,47,52,321.26
2026-09-15T12:20:52.038837Z,3,NVIDIA L20Z,70668,81559,50,45,327.34
2026-09-15T12:20:52.038837Z,4,NVIDIA L20Z,72254,81559,93,50,450.59
2026-09-15T12:20:52.038837Z,5,NVIDIA L20Z,71614,81559,93,62,457.69
2026-09-15T12:20:52.038837Z,6,NVIDIA L20Z,4,81559,0,32,73.57
2026-09-15T12:20:52.038837Z,7,NVIDIA L20Z,4,81559,0,34,68.12
2026-09-15T12:20:57.210077Z,0,NVIDIA L20Z,4,81559,0,38,70.98
2026-09-15T12:20:57.210077Z,1,NVIDIA L20Z,68028,81559,0,48,361.74
2026-09-15T12:20:57.210077Z,2,NVIDIA L20Z,71306,81559,83,55,388.79
2026-09-15T12:20:57.210077Z,3,NVIDIA L20Z,70668,81559,82,48,376.62
2026-09-15T12:20:57.210077Z,4,NVIDIA L20Z,72254,81559,37,51,375.87
2026-09-15T12:20:57.210077Z,5,NVIDIA L20Z,71614,81559,95,65,519.10
2026-09-15T12:20:57.210077Z,6,NVIDIA L20Z,4,81559,0,32,73.50
2026-09-15T12:20:57.210077Z,7,NVIDIA L20Z,4,81559,0,34,67.96
2026-09-15T12:21:02.386118Z,0,NVIDIA L20Z,4,81559,0,38,70.98
2026-09-15T12:21:02.386118Z,1,NVIDIA L20Z,68028,81559,0,42,122.90
2026-09-15T12:21:02.386118Z,2,NVIDIA L20Z,71306,81559,71,55,357.33
2026-09-15T12:21:02.386118Z,3,NVIDIA L20Z,70668,81559,41,47,314.20
2026-09-15T12:21:02.386118Z,4,NVIDIA L20Z,72254,81559,39,49,359.75
2026-09-15T12:21:02.386118Z,5,NVIDIA L20Z,71614,81559,71,64,500.89
2026-09-15T12:21:02.386118Z,6,NVIDIA L20Z,35180,81559,1,33,118.94
2026-09-15T12:21:02.386118Z,7,NVIDIA L20Z,35180,81559,0,35,115.51
2026-09-15T12:21:07.543570Z,0,NVIDIA L20Z,4,81559,0,38,70.95
2026-09-15T12:21:07.543570Z,1,NVIDIA L20Z,68028,81559,0,40,121.56
2026-09-15T12:21:07.543570Z,2,NVIDIA L20Z,71306,81559,96,58,401.99
2026-09-15T12:21:07.543570Z,3,NVIDIA L20Z,70668,81559,65,47,382.41
2026-09-15T12:21:07.543570Z,4,NVIDIA L20Z,72254,81559,41,50,382.89
2026-09-15T12:21:07.543570Z,5,NVIDIA L20Z,71614,81559,94,66,483.88
2026-09-15T12:21:07.543570Z,6,NVIDIA L20Z,35180,81559,0,34,119.03
2026-09-15T12:21:07.543570Z,7,NVIDIA L20Z,35180,81559,0,35,115.40
2026-09-15T12:21:12.726306Z,0,NVIDIA L20Z,4,81559,0,38,70.96
2026-09-15T12:21:12.726306Z,1,NVIDIA L20Z,68028,81559,0,39,120.97
2026-09-15T12:21:12.726306Z,2,NVIDIA L20Z,71306,81559,38,53,306.77
2026-09-15T12:21:12.726306Z,3,NVIDIA L20Z,70668,81559,60,48,345.54
2026-09-15T12:21:12.726306Z,4,NVIDIA L20Z,72256,81559,33,50,370.97
2026-09-15T12:21:12.726306Z,5,NVIDIA L20Z,71616,81559,89,65,508.05
2026-09-15T12:21:12.726306Z,6,NVIDIA L20Z,35180,81559,0,34,119.16
2026-09-15T12:21:12.726306Z,7,NVIDIA L20Z,35180,81559,2,35,115.58
2026-09-15T12:21:17.894226Z,0,NVIDIA L20Z,4,81559,0,38,70.88
2026-09-15T12:21:17.894226Z,1,NVIDIA L20Z,68028,81559,0,38,120.41
2026-09-15T12:21:17.894226Z,2,NVIDIA L20Z,71306,81559,86,59,386.95
2026-09-15T12:21:17.894226Z,3,NVIDIA L20Z,70668,81559,64,46,354.50
2026-09-15T12:21:17.894226Z,4,NVIDIA L20Z,72256,81559,37,49,375.42
2026-09-15T12:21:17.894226Z,5,NVIDIA L20Z,71616,81559,83,66,516.68
2026-09-15T12:21:17.894226Z,6,NVIDIA L20Z,35180,81559,0,34,119.09
2026-09-15T12:21:17.894226Z,7,NVIDIA L20Z,35180,81559,1,35,115.58
2026-09-15T12:21:23.051541Z,0,NVIDIA L20Z,4,81559,0,38,70.76
2026-09-15T12:21:23.051541Z,1,NVIDIA L20Z,68028,81559,0,38,119.47
2026-09-15T12:21:23.051541Z,2,NVIDIA L20Z,71306,81559,82,55,372.82
2026-09-15T12:21:23.051541Z,3,NVIDIA L20Z,70668,81559,36,48,310.14
2026-09-15T12:21:23.051541Z,4,NVIDIA L20Z,72256,81559,36,50,379.89
2026-09-15T12:21:23.051541Z,5,NVIDIA L20Z,71616,81559,58,65,494.72
2026-09-15T12:21:23.051541Z,6,NVIDIA L20Z,35180,81559,1,34,119.10
2026-09-15T12:21:23.051541Z,7,NVIDIA L20Z,35180,81559,0,36,115.54
2026-09-15T12:21:28.211268Z,0,NVIDIA L20Z,4,81559,0,37,70.72
2026-09-15T12:21:28.211268Z,1,NVIDIA L20Z,68028,81559,0,37,119.54
2026-09-15T12:21:28.211268Z,2,NVIDIA L20Z,71306,81559,18,58,370.09
2026-09-15T12:21:28.211268Z,3,NVIDIA L20Z,70668,81559,6,46,356.28
2026-09-15T12:21:28.211268Z,4,NVIDIA L20Z,72256,81559,97,52,418.32
2026-09-15T12:21:28.211268Z,5,NVIDIA L20Z,71616,81559,60,64,487.04
2026-09-15T12:21:28.211268Z,6,NVIDIA L20Z,35180,81559,0,34,119.54
2026-09-15T12:21:28.211268Z,7,NVIDIA L20Z,35180,81559,0,36,115.53
2026-09-15T12:21:33.365195Z,0,NVIDIA L20Z,4,81559,0,37,70.55
2026-09-15T12:21:33.365195Z,1,NVIDIA L20Z,68028,81559,0,36,119.20
2026-09-15T12:21:33.365195Z,2,NVIDIA L20Z,71306,81559,91,55,350.45
2026-09-15T12:21:33.365195Z,3,NVIDIA L20Z,70668,81559,60,47,297.47
2026-09-15T12:21:33.365195Z,4,NVIDIA L20Z,72256,81559,30,50,387.15
2026-09-15T12:21:33.365195Z,5,NVIDIA L20Z,71616,81559,68,65,464.80
2026-09-15T12:21:33.365195Z,6,NVIDIA L20Z,35180,81559,1,34,119.51
2026-09-15T12:21:33.365195Z,7,NVIDIA L20Z,35180,81559,1,36,115.61
2026-09-15T12:21:38.748440Z,0,NVIDIA L20Z,531,81559,0,38,118.39
2026-09-15T12:21:38.748440Z,1,NVIDIA L20Z,68028,81559,0,36,118.93
2026-09-15T12:21:38.748440Z,2,NVIDIA L20Z,71306,81559,81,56,395.69
2026-09-15T12:21:38.748440Z,3,NVIDIA L20Z,70668,81559,41,48,349.75
2026-09-15T12:21:38.748440Z,4,NVIDIA L20Z,72256,81559,92,52,471.08
2026-09-15T12:21:38.748440Z,5,NVIDIA L20Z,71616,81559,90,63,445.99
2026-09-15T12:21:38.748440Z,6,NVIDIA L20Z,35180,81559,0,34,119.61
2026-09-15T12:21:38.748440Z,7,NVIDIA L20Z,35180,81559,0,36,115.71
2026-09-15T12:21:44.174690Z,0,NVIDIA L20Z,4,81559,0,36,70.49
2026-09-15T12:21:44.174690Z,1,NVIDIA L20Z,68028,81559,0,36,123.15
2026-09-15T12:21:44.174690Z,2,NVIDIA L20Z,71308,81559,85,56,380.09
2026-09-15T12:21:44.174690Z,3,NVIDIA L20Z,70668,81559,32,47,339.54
2026-09-15T12:21:44.174690Z,4,NVIDIA L20Z,72256,81559,50,50,367.02
2026-09-15T12:21:44.174690Z,5,NVIDIA L20Z,71616,81559,83,65,513.49
2026-09-15T12:21:44.174690Z,6,NVIDIA L20Z,35180,81559,0,34,119.59
2026-09-15T12:21:44.174690Z,7,NVIDIA L20Z,35180,81559,0,36,115.68
2026-09-15T12:21:49.511454Z,0,NVIDIA L20Z,4,81559,0,36,70.50
2026-09-15T12:21:49.511454Z,1,NVIDIA L20Z,68028,81559,0,35,123.08
2026-09-15T12:21:49.511454Z,2,NVIDIA L20Z,71308,81559,40,54,297.52
2026-09-15T12:21:49.511454Z,3,NVIDIA L20Z,70668,81559,40,46,289.09
2026-09-15T12:21:49.511454Z,4,NVIDIA L20Z,72256,81559,92,54,426.44
2026-09-15T12:21:49.511454Z,5,NVIDIA L20Z,71616,81559,55,61,415.39
2026-09-15T12:21:49.511454Z,6,NVIDIA L20Z,35180,81559,0,34,123.78
2026-09-15T12:21:49.511454Z,7,NVIDIA L20Z,35180,81559,0,36,120.32
2026-09-15T12:21:54.873996Z,0,NVIDIA L20Z,4,81559,0,36,70.47
2026-09-15T12:21:54.873996Z,1,NVIDIA L20Z,68028,81559,0,35,122.88
2026-09-15T12:21:54.873996Z,2,NVIDIA L20Z,71308,81559,76,55,331.82
2026-09-15T12:21:54.873996Z,3,NVIDIA L20Z,70668,81559,66,47,312.03
2026-09-15T12:21:54.873996Z,4,NVIDIA L20Z,72256,81559,94,52,495.27
2026-09-15T12:21:54.873996Z,5,NVIDIA L20Z,71616,81559,91,64,501.53
2026-09-15T12:21:54.873996Z,6,NVIDIA L20Z,35180,81559,0,34,119.26
2026-09-15T12:21:54.873996Z,7,NVIDIA L20Z,35180,81559,0,36,115.72
2026-09-15T12:22:00.114961Z,0,NVIDIA L20Z,4,81559,0,36,70.56
2026-09-15T12:22:00.114961Z,1,NVIDIA L20Z,68028,81559,0,35,122.77
2026-09-15T12:22:00.114961Z,2,NVIDIA L20Z,71308,81559,36,55,317.63
2026-09-15T12:22:00.114961Z,3,NVIDIA L20Z,70668,81559,46,48,348.81
2026-09-15T12:22:00.114961Z,4,NVIDIA L20Z,72258,81559,37,53,455.06
2026-09-15T12:22:00.114961Z,5,NVIDIA L20Z,71618,81559,34,63,391.50
2026-09-15T12:22:00.114961Z,6,NVIDIA L20Z,35180,81559,0,34,119.26
2026-09-15T12:22:00.114961Z,7,NVIDIA L20Z,35180,81559,0,36,115.73
2026-09-15T12:22:05.383554Z,0,NVIDIA L20Z,4,81559,0,36,70.48
2026-09-15T12:22:05.383554Z,1,NVIDIA L20Z,68028,81559,0,35,122.61
2026-09-15T12:22:05.383554Z,2,NVIDIA L20Z,71308,81559,77,55,338.54
2026-09-15T12:22:05.383554Z,3,NVIDIA L20Z,70668,81559,59,47,290.69
2026-09-15T12:22:05.383554Z,4,NVIDIA L20Z,72258,81559,83,52,417.02
2026-09-15T12:22:05.383554Z,5,NVIDIA L20Z,71618,81559,81,66,480.03
2026-09-15T12:22:05.383554Z,6,NVIDIA L20Z,35180,81559,0,34,123.49
2026-09-15T12:22:05.383554Z,7,NVIDIA L20Z,35180,81559,0,36,120.14
2026-09-15T12:22:10.546540Z,0,NVIDIA L20Z,4,81559,0,35,70.32
2026-09-15T12:22:10.546540Z,1,NVIDIA L20Z,68028,81559,0,35,122.51
2026-09-15T12:22:10.546540Z,2,NVIDIA L20Z,71308,81559,82,55,303.43
2026-09-15T12:22:10.546540Z,3,NVIDIA L20Z,70668,81559,20,48,284.93
2026-09-15T12:22:10.546540Z,4,NVIDIA L20Z,72258,81559,32,51,399.73
2026-09-15T12:22:10.546540Z,5,NVIDIA L20Z,71618,81559,90,64,462.24
2026-09-15T12:22:10.546540Z,6,NVIDIA L20Z,35180,81559,0,34,119.39
2026-09-15T12:22:10.546540Z,7,NVIDIA L20Z,35180,81559,0,36,115.67
2026-09-15T12:22:15.700512Z,0,NVIDIA L20Z,4,81559,0,35,70.34
2026-09-15T12:22:15.700512Z,1,NVIDIA L20Z,68028,81559,0,35,122.10
2026-09-15T12:22:15.700512Z,2,NVIDIA L20Z,71308,81559,82,53,305.70
2026-09-15T12:22:15.700512Z,3,NVIDIA L20Z,70668,81559,27,46,304.42
2026-09-15T12:22:15.700512Z,4,NVIDIA L20Z,72258,81559,79,55,414.25
2026-09-15T12:22:15.700512Z,5,NVIDIA L20Z,71618,81559,65,63,433.61
2026-09-15T12:22:15.700512Z,6,NVIDIA L20Z,35180,81559,0,34,119.42
2026-09-15T12:22:15.700512Z,7,NVIDIA L20Z,35180,81559,0,36,115.85
2026-09-15T12:22:20.869327Z,0,NVIDIA L20Z,4,81559,0,35,70.36
2026-09-15T12:22:20.869327Z,1,NVIDIA L20Z,68028,81559,0,34,121.98
2026-09-15T12:22:20.869327Z,2,NVIDIA L20Z,71308,81559,97,55,357.91
2026-09-15T12:22:20.869327Z,3,NVIDIA L20Z,70668,81559,42,47,290.73
2026-09-15T12:22:20.869327Z,4,NVIDIA L20Z,72258,81559,83,52,427.88
2026-09-15T12:22:20.869327Z,5,NVIDIA L20Z,71618,81559,43,64,391.11
2026-09-15T12:22:20.869327Z,6,NVIDIA L20Z,35180,81559,1,34,119.46
2026-09-15T12:22:20.869327Z,7,NVIDIA L20Z,35180,81559,0,36,115.81
2026-09-15T12:22:26.062388Z,0,NVIDIA L20Z,4,81559,0,35,70.42
2026-09-15T12:22:26.062388Z,1,NVIDIA L20Z,68028,81559,0,34,122.05
2026-09-15T12:22:26.062388Z,2,NVIDIA L20Z,71310,81559,53,54,346.36
2026-09-15T12:22:26.062388Z,3,NVIDIA L20Z,70670,81559,9,46,293.52
2026-09-15T12:22:26.062388Z,4,NVIDIA L20Z,72258,81559,37,51,378.54
2026-09-15T12:22:26.062388Z,5,NVIDIA L20Z,71618,81559,77,66,473.60
2026-09-15T12:22:26.062388Z,6,NVIDIA L20Z,35180,81559,1,34,119.51
2026-09-15T12:22:26.062388Z,7,NVIDIA L20Z,35180,81559,0,36,115.90
2026-09-15T12:22:31.305076Z,0,NVIDIA L20Z,4,81559,0,35,70.34
2026-09-15T12:22:31.305076Z,1,NVIDIA L20Z,68028,81559,0,34,122.01
2026-09-15T12:22:31.305076Z,2,NVIDIA L20Z,71310,81559,72,55,331.44
2026-09-15T12:22:31.305076Z,3,NVIDIA L20Z,70670,81559,75,47,296.39
2026-09-15T12:22:31.305076Z,4,NVIDIA L20Z,72258,81559,44,53,399.45
2026-09-15T12:22:31.305076Z,5,NVIDIA L20Z,71618,81559,54,63,420.00
2026-09-15T12:22:31.305076Z,6,NVIDIA L20Z,35180,81559,6,34,119.39
2026-09-15T12:22:31.305076Z,7,NVIDIA L20Z,35180,81559,4,36,115.93
2026-09-15T12:22:36.782911Z,0,NVIDIA L20Z,4,81559,0,35,70.36
2026-09-15T12:22:36.782911Z,1,NVIDIA L20Z,68028,81559,0,34,122.30
2026-09-15T12:22:36.782911Z,2,NVIDIA L20Z,71310,81559,79,56,357.45
2026-09-15T12:22:36.782911Z,3,NVIDIA L20Z,70670,81559,58,47,313.64
2026-09-15T12:22:36.782911Z,4,NVIDIA L20Z,72258,81559,85,54,482.90
2026-09-15T12:22:36.782911Z,5,NVIDIA L20Z,71618,81559,0,61,362.86
2026-09-15T12:22:36.782911Z,6,NVIDIA L20Z,35180,81559,0,34,119.49
2026-09-15T12:22:36.782911Z,7,NVIDIA L20Z,35180,81559,0,36,115.92
2026-09-15T12:22:41.936786Z,0,NVIDIA L20Z,4,81559,0,35,70.26
2026-09-15T12:22:41.936786Z,1,NVIDIA L20Z,68028,81559,0,34,122.26
2026-09-15T12:22:41.936786Z,2,NVIDIA L20Z,71310,81559,86,57,392.15
2026-09-15T12:22:41.936786Z,3,NVIDIA L20Z,70670,81559,85,49,314.97
2026-09-15T12:22:41.936786Z,4,NVIDIA L20Z,72258,81559,95,55,516.13
2026-09-15T12:22:41.936786Z,5,NVIDIA L20Z,71618,81559,93,67,525.92
2026-09-15T12:22:41.936786Z,6,NVIDIA L20Z,35180,81559,0,34,119.47
2026-09-15T12:22:41.936786Z,7,NVIDIA L20Z,35180,81559,0,36,115.90
2026-09-15T12:22:47.114692Z,0,NVIDIA L20Z,4,81559,0,35,70.27
2026-09-15T12:22:47.114692Z,1,NVIDIA L20Z,68028,81559,0,34,122.25
2026-09-15T12:22:47.114692Z,2,NVIDIA L20Z,71310,81559,84,57,353.05
2026-09-15T12:22:47.114692Z,3,NVIDIA L20Z,70670,81559,27,46,286.33
2026-09-15T12:22:47.114692Z,4,NVIDIA L20Z,72258,81559,34,50,374.61
2026-09-15T12:22:47.114692Z,5,NVIDIA L20Z,71618,81559,83,67,491.41
2026-09-15T12:22:47.114692Z,6,NVIDIA L20Z,35180,81559,1,34,119.50
2026-09-15T12:22:47.114692Z,7,NVIDIA L20Z,35180,81559,0,36,115.96
2026-09-15T12:22:52.271081Z,0,NVIDIA L20Z,4,81559,0,35,70.25
2026-09-15T12:22:52.271081Z,1,NVIDIA L20Z,68028,81559,0,34,122.12
2026-09-15T12:22:52.271081Z,2,NVIDIA L20Z,71312,81559,56,56,378.75
2026-09-15T12:22:52.271081Z,3,NVIDIA L20Z,70672,81559,38,47,361.04
2026-09-15T12:22:52.271081Z,4,NVIDIA L20Z,72258,81559,62,50,365.25
2026-09-15T12:22:52.271081Z,5,NVIDIA L20Z,71618,81559,82,67,499.61
2026-09-15T12:22:52.271081Z,6,NVIDIA L20Z,35180,81559,1,34,119.45
2026-09-15T12:22:52.271081Z,7,NVIDIA L20Z,35180,81559,1,36,115.97
2026-09-15T12:22:57.437729Z,0,NVIDIA L20Z,4,81559,0,34,70.24
2026-09-15T12:22:57.437729Z,1,NVIDIA L20Z,68028,81559,0,34,122.16
2026-09-15T12:22:57.437729Z,2,NVIDIA L20Z,71312,81559,93,56,318.72
2026-09-15T12:22:57.437729Z,3,NVIDIA L20Z,70672,81559,31,46,278.71
2026-09-15T12:22:57.437729Z,4,NVIDIA L20Z,72258,81559,67,51,342.61
2026-09-15T12:22:57.437729Z,5,NVIDIA L20Z,71618,81559,82,65,499.83
2026-09-15T12:22:57.437729Z,6,NVIDIA L20Z,35180,81559,0,34,119.29
2026-09-15T12:22:57.437729Z,7,NVIDIA L20Z,35180,81559,1,36,115.86
2026-09-15T12:23:02.594873Z,0,NVIDIA L20Z,4,81559,0,34,70.23
2026-09-15T12:23:02.594873Z,1,NVIDIA L20Z,68028,81559,0,34,122.03
2026-09-15T12:23:02.594873Z,2,NVIDIA L20Z,71312,81559,37,55,293.39
2026-09-15T12:23:02.594873Z,3,NVIDIA L20Z,70672,81559,61,48,337.55
2026-09-15T12:23:02.594873Z,4,NVIDIA L20Z,72258,81559,73,51,404.27
2026-09-15T12:23:02.594873Z,5,NVIDIA L20Z,71618,81559,43,64,427.67
2026-09-15T12:23:02.594873Z,6,NVIDIA L20Z,35180,81559,0,34,119.28
2026-09-15T12:23:02.594873Z,7,NVIDIA L20Z,35180,81559,0,36,115.87
2026-09-15T12:23:07.768753Z,0,NVIDIA L20Z,4,81559,0,34,70.26
2026-09-15T12:23:07.768753Z,1,NVIDIA L20Z,4,81559,0,34,122.18
2026-09-15T12:23:07.768753Z,2,NVIDIA L20Z,71312,81559,37,55,314.90
2026-09-15T12:23:07.768753Z,3,NVIDIA L20Z,70672,81559,82,48,307.21
2026-09-15T12:23:07.768753Z,4,NVIDIA L20Z,72258,81559,63,52,414.11
2026-09-15T12:23:07.768753Z,5,NVIDIA L20Z,71618,81559,79,68,518.02
2026-09-15T12:23:07.768753Z,6,NVIDIA L20Z,35180,81559,0,34,119.36
2026-09-15T12:23:07.768753Z,7,NVIDIA L20Z,35180,81559,1,36,115.91
2026-09-15T12:23:13.017275Z,0,NVIDIA L20Z,4,81559,0,34,70.24
2026-09-15T12:23:13.017275Z,1,NVIDIA L20Z,4,81559,0,32,70.46
2026-09-15T12:23:13.017275Z,2,NVIDIA L20Z,71312,81559,53,54,348.93
2026-09-15T12:23:13.017275Z,3,NVIDIA L20Z,70672,81559,66,47,344.36
2026-09-15T12:23:13.017275Z,4,NVIDIA L20Z,72258,81559,42,50,344.73
2026-09-15T12:23:13.017275Z,5,NVIDIA L20Z,71618,81559,74,65,457.35
2026-09-15T12:23:13.017275Z,6,NVIDIA L20Z,35180,81559,0,34,119.45
2026-09-15T12:23:13.017275Z,7,NVIDIA L20Z,35180,81559,0,36,116.03
2026-09-15T12:23:18.290027Z,0,NVIDIA L20Z,4,81559,0,34,70.21
2026-09-15T12:23:18.290027Z,1,NVIDIA L20Z,4,81559,0,31,70.29
2026-09-15T12:23:18.290027Z,2,NVIDIA L20Z,71312,81559,83,55,346.77
2026-09-15T12:23:18.290027Z,3,NVIDIA L20Z,70672,81559,82,48,335.21
2026-09-15T12:23:18.290027Z,4,NVIDIA L20Z,72258,81559,93,53,504.10
2026-09-15T12:23:18.290027Z,5,NVIDIA L20Z,71618,81559,93,65,527.28
2026-09-15T12:23:18.290027Z,6,NVIDIA L20Z,35180,81559,0,34,119.24
2026-09-15T12:23:18.290027Z,7,NVIDIA L20Z,35180,81559,0,36,115.76
2026-09-15T12:23:23.524020Z,0,NVIDIA L20Z,4545,81559,90,51,558.01
2026-09-15T12:23:23.524020Z,1,NVIDIA L20Z,4597,81559,73,46,463.60
2026-09-15T12:23:23.524020Z,2,NVIDIA L20Z,71312,81559,82,54,306.14
2026-09-15T12:23:23.524020Z,3,NVIDIA L20Z,70672,81559,53,46,322.86
2026-09-15T12:23:23.524020Z,4,NVIDIA L20Z,72258,81559,45,49,381.28
2026-09-15T12:23:23.524020Z,5,NVIDIA L20Z,71618,81559,60,64,482.60
2026-09-15T12:23:23.524020Z,6,NVIDIA L20Z,35180,81559,0,34,119.69
2026-09-15T12:23:23.524020Z,7,NVIDIA L20Z,35180,81559,0,36,115.77
2026-09-15T12:23:28.687621Z,0,NVIDIA L20Z,5133,81559,91,53,576.71
2026-09-15T12:23:28.687621Z,1,NVIDIA L20Z,5699,81559,99,45,570.80
2026-09-15T12:23:28.687621Z,2,NVIDIA L20Z,71312,81559,0,52,373.81
2026-09-15T12:23:28.687621Z,3,NVIDIA L20Z,70672,81559,4,46,351.21
2026-09-15T12:23:28.687621Z,4,NVIDIA L20Z,72258,81559,52,51,406.09
2026-09-15T12:23:28.687621Z,5,NVIDIA L20Z,71618,81559,57,63,429.02
2026-09-15T12:23:28.687621Z,6,NVIDIA L20Z,35180,81559,0,34,119.65
2026-09-15T12:23:28.687621Z,7,NVIDIA L20Z,35180,81559,0,36,115.87
2026-09-15T12:23:33.880398Z,0,NVIDIA L20Z,5133,81559,100,55,586.16
2026-09-15T12:23:33.880398Z,1,NVIDIA L20Z,4,81559,0,35,77.59
2026-09-15T12:23:33.880398Z,2,NVIDIA L20Z,71312,81559,83,53,360.25
2026-09-15T12:23:33.880398Z,3,NVIDIA L20Z,70672,81559,75,47,310.37
2026-09-15T12:23:33.880398Z,4,NVIDIA L20Z,72258,81559,59,50,369.82
2026-09-15T12:23:33.880398Z,5,NVIDIA L20Z,71618,81559,65,65,487.32
2026-09-15T12:23:33.880398Z,6,NVIDIA L20Z,35180,81559,0,34,119.51
2026-09-15T12:23:33.880398Z,7,NVIDIA L20Z,35180,81559,0,36,115.72
2026-09-15T12:23:39.038393Z,0,NVIDIA L20Z,4,81559,0,41,81.40
2026-09-15T12:23:39.038393Z,1,NVIDIA L20Z,4,81559,0,34,70.92
2026-09-15T12:23:39.038393Z,2,NVIDIA L20Z,71312,81559,63,53,282.28
2026-09-15T12:23:39.038393Z,3,NVIDIA L20Z,70672,81559,39,47,285.27
2026-09-15T12:23:39.038393Z,4,NVIDIA L20Z,72258,81559,35,49,371.49
2026-09-15T12:23:39.038393Z,5,NVIDIA L20Z,71618,81559,61,64,479.21
2026-09-15T12:23:39.038393Z,6,NVIDIA L20Z,35180,81559,0,34,119.60
2026-09-15T12:23:39.038393Z,7,NVIDIA L20Z,35180,81559,0,36,115.47
2026-09-15T12:23:44.203800Z,0,NVIDIA L20Z,4,81559,0,39,71.02
2026-09-15T12:23:44.203800Z,1,NVIDIA L20Z,4,81559,0,33,70.64
2026-09-15T12:23:44.203800Z,2,NVIDIA L20Z,71314,81559,66,54,322.75
2026-09-15T12:23:44.203800Z,3,NVIDIA L20Z,70674,81559,36,47,296.90
2026-09-15T12:23:44.203800Z,4,NVIDIA L20Z,72258,81559,33,48,348.65
2026-09-15T12:23:44.203800Z,5,NVIDIA L20Z,71618,81559,74,64,483.28
2026-09-15T12:23:44.203800Z,6,NVIDIA L20Z,35180,81559,1,34,119.75
2026-09-15T12:23:44.203800Z,7,NVIDIA L20Z,35180,81559,0,36,115.66
2026-09-15T12:23:49.364797Z,0,NVIDIA L20Z,4,81559,0,38,70.88
2026-09-15T12:23:49.364797Z,1,NVIDIA L20Z,4,81559,0,32,70.56
2026-09-15T12:23:49.364797Z,2,NVIDIA L20Z,71314,81559,40,53,317.70
2026-09-15T12:23:49.364797Z,3,NVIDIA L20Z,70674,81559,68,47,329.52
2026-09-15T12:23:49.364797Z,4,NVIDIA L20Z,72258,81559,37,49,381.80
2026-09-15T12:23:49.364797Z,5,NVIDIA L20Z,71618,81559,78,65,495.72
2026-09-15T12:23:49.364797Z,6,NVIDIA L20Z,35180,81559,0,34,119.58
2026-09-15T12:23:49.364797Z,7,NVIDIA L20Z,35180,81559,0,36,115.41
2026-09-15T12:23:54.518069Z,0,NVIDIA L20Z,4,81559,0,37,70.65
2026-09-15T12:23:54.518069Z,1,NVIDIA L20Z,4,81559,0,32,70.44
2026-09-15T12:23:54.518069Z,2,NVIDIA L20Z,71316,81559,93,55,363.87
2026-09-15T12:23:54.518069Z,3,NVIDIA L20Z,70676,81559,88,49,353.70
2026-09-15T12:23:54.518069Z,4,NVIDIA L20Z,72258,81559,100,57,484.84
2026-09-15T12:23:54.518069Z,5,NVIDIA L20Z,71618,81559,53,69,480.87
2026-09-15T12:23:54.518069Z,6,NVIDIA L20Z,35180,81559,0,34,119.58
2026-09-15T12:23:54.518069Z,7,NVIDIA L20Z,35180,81559,0,36,115.44
2026-09-15T12:23:59.676341Z,0,NVIDIA L20Z,4,81559,0,36,70.46
2026-09-15T12:23:59.676341Z,1,NVIDIA L20Z,4,81559,0,32,70.35
2026-09-15T12:23:59.676341Z,2,NVIDIA L20Z,71316,81559,73,55,336.01
2026-09-15T12:23:59.676341Z,3,NVIDIA L20Z,70676,81559,28,46,266.05
2026-09-15T12:23:59.676341Z,4,NVIDIA L20Z,72258,81559,45,50,389.37
2026-09-15T12:23:59.676341Z,5,NVIDIA L20Z,71618,81559,34,63,471.94
2026-09-15T12:23:59.676341Z,6,NVIDIA L20Z,35180,81559,0,34,119.64
2026-09-15T12:23:59.676341Z,7,NVIDIA L20Z,35180,81559,0,36,115.52
2026-09-15T12:24:04.868058Z,0,NVIDIA L20Z,4,81559,0,36,70.44
2026-09-15T12:24:04.868058Z,1,NVIDIA L20Z,4,81559,0,31,70.26
2026-09-15T12:24:04.868058Z,2,NVIDIA L20Z,71316,81559,27,53,358.10
2026-09-15T12:24:04.868058Z,3,NVIDIA L20Z,70676,81559,12,45,330.18
2026-09-15T12:24:04.868058Z,4,NVIDIA L20Z,72258,81559,86,53,460.49
2026-09-15T12:24:04.868058Z,5,NVIDIA L20Z,71618,81559,43,61,410.52
2026-09-15T12:24:04.868058Z,6,NVIDIA L20Z,69136,81559,0,34,123.94
2026-09-15T12:24:04.868058Z,7,NVIDIA L20Z,69136,81559,0,36,119.78
2026-09-15T12:24:10.029689Z,0,NVIDIA L20Z,4,81559,0,36,70.34
2026-09-15T12:24:10.029689Z,1,NVIDIA L20Z,4,81559,0,31,70.24
2026-09-15T12:24:10.029689Z,2,NVIDIA L20Z,71316,81559,58,54,322.72
2026-09-15T12:24:10.029689Z,3,NVIDIA L20Z,70676,81559,39,47,313.83
2026-09-15T12:24:10.029689Z,4,NVIDIA L20Z,72258,81559,48,53,423.73
2026-09-15T12:24:10.029689Z,5,NVIDIA L20Z,71618,81559,62,65,395.14
2026-09-15T12:24:10.029689Z,6,NVIDIA L20Z,69150,81559,0,34,120.02
2026-09-15T12:24:10.029689Z,7,NVIDIA L20Z,69150,81559,0,36,115.86
2026-09-15T12:24:15.193006Z,0,NVIDIA L20Z,4,81559,0,35,70.29
2026-09-15T12:24:15.193006Z,1,NVIDIA L20Z,4,81559,0,31,70.21
2026-09-15T12:24:15.193006Z,2,NVIDIA L20Z,71316,81559,86,56,380.09
2026-09-15T12:24:15.193006Z,3,NVIDIA L20Z,70676,81559,86,49,370.23
2026-09-15T12:24:15.193006Z,4,NVIDIA L20Z,72258,81559,77,52,396.48
2026-09-15T12:24:15.193006Z,5,NVIDIA L20Z,71618,81559,88,65,501.88
2026-09-15T12:24:15.193006Z,6,NVIDIA L20Z,69850,81559,0,34,121.80
2026-09-15T12:24:15.193006Z,7,NVIDIA L20Z,69210,81559,0,36,118.11
2026-09-15T12:24:20.363233Z,0,NVIDIA L20Z,4,81559,0,35,70.37
2026-09-15T12:24:20.363233Z,1,NVIDIA L20Z,4,81559,0,32,121.62
2026-09-15T12:24:20.363233Z,2,NVIDIA L20Z,71316,81559,71,55,352.09
2026-09-15T12:24:20.363233Z,3,NVIDIA L20Z,70676,81559,32,46,271.69
2026-09-15T12:24:20.363233Z,4,NVIDIA L20Z,72258,81559,100,60,531.59
2026-09-15T12:24:20.363233Z,5,NVIDIA L20Z,71618,81559,100,70,514.67
2026-09-15T12:24:20.363233Z,6,NVIDIA L20Z,70106,81559,0,34,120.85
2026-09-15T12:24:20.363233Z,7,NVIDIA L20Z,69466,81559,0,36,117.00
2026-09-15T12:24:25.520159Z,0,NVIDIA L20Z,4,81559,0,35,70.07
2026-09-15T12:24:25.520159Z,1,NVIDIA L20Z,4,81559,0,31,70.15
2026-09-15T12:24:25.520159Z,2,NVIDIA L20Z,71316,81559,8,56,368.45
2026-09-15T12:24:25.520159Z,3,NVIDIA L20Z,70676,81559,6,47,340.45
2026-09-15T12:24:25.520159Z,4,NVIDIA L20Z,72258,81559,86,54,479.53
2026-09-15T12:24:25.520159Z,5,NVIDIA L20Z,71618,81559,48,62,373.45
2026-09-15T12:24:25.520159Z,6,NVIDIA L20Z,70654,81559,2,35,128.69
2026-09-15T12:24:25.520159Z,7,NVIDIA L20Z,70014,81559,52,37,131.93
2026-09-15T12:24:30.825781Z,0,NVIDIA L20Z,4,81559,0,34,70.05
2026-09-15T12:24:30.825781Z,1,NVIDIA L20Z,4,81559,0,31,70.18
2026-09-15T12:24:30.825781Z,2,NVIDIA L20Z,71316,81559,49,54,348.33
2026-09-15T12:24:30.825781Z,3,NVIDIA L20Z,70676,81559,63,48,324.95
2026-09-15T12:24:30.825781Z,4,NVIDIA L20Z,72258,81559,60,53,442.02
2026-09-15T12:24:30.825781Z,5,NVIDIA L20Z,71618,81559,79,65,446.85
2026-09-15T12:24:30.825781Z,6,NVIDIA L20Z,70654,81559,0,35,124.84
2026-09-15T12:24:30.825781Z,7,NVIDIA L20Z,70014,81559,0,37,120.48
2026-09-15T12:24:36.198735Z,0,NVIDIA L20Z,4,81559,0,34,69.94
2026-09-15T12:24:36.198735Z,1,NVIDIA L20Z,4,81559,0,31,70.08
2026-09-15T12:24:36.198735Z,2,NVIDIA L20Z,71316,81559,87,56,365.31
2026-09-15T12:24:36.198735Z,3,NVIDIA L20Z,70676,81559,86,49,352.62
2026-09-15T12:24:36.198735Z,4,NVIDIA L20Z,72258,81559,46,51,417.75
2026-09-15T12:24:36.198735Z,5,NVIDIA L20Z,71618,81559,77,65,516.83
2026-09-15T12:24:36.198735Z,6,NVIDIA L20Z,70654,81559,0,35,124.79
2026-09-15T12:24:36.198735Z,7,NVIDIA L20Z,70014,81559,0,37,119.65
2026-09-15T12:24:41.377498Z,0,NVIDIA L20Z,23,81559,0,35,112.41
2026-09-15T12:24:41.377498Z,1,NVIDIA L20Z,4,81559,0,31,70.09
2026-09-15T12:24:41.377498Z,2,NVIDIA L20Z,71316,81559,33,53,278.42
2026-09-15T12:24:41.377498Z,3,NVIDIA L20Z,70676,81559,53,48,332.89
2026-09-15T12:24:41.377498Z,4,NVIDIA L20Z,72258,81559,37,52,403.13
2026-09-15T12:24:41.377498Z,5,NVIDIA L20Z,71618,81559,86,64,462.01
2026-09-15T12:24:41.377498Z,6,NVIDIA L20Z,70654,81559,0,35,124.01
2026-09-15T12:24:41.377498Z,7,NVIDIA L20Z,70014,81559,0,37,119.57
2026-09-15T12:24:47.350149Z,0,NVIDIA L20Z,4,81559,0,34,70.09
2026-09-15T12:24:47.350149Z,1,NVIDIA L20Z,4,81559,0,31,70.03
2026-09-15T12:24:47.350149Z,2,NVIDIA L20Z,71316,81559,38,55,364.82
2026-09-15T12:24:47.350149Z,3,NVIDIA L20Z,70676,81559,28,48,343.90
2026-09-15T12:24:47.350149Z,4,NVIDIA L20Z,72258,81559,98,55,511.94
2026-09-15T12:24:47.350149Z,5,NVIDIA L20Z,71618,81559,98,66,508.66
2026-09-15T12:24:47.350149Z,6,NVIDIA L20Z,70654,81559,0,35,123.91
2026-09-15T12:24:47.350149Z,7,NVIDIA L20Z,70014,81559,0,37,119.69
2026-09-15T12:24:52.593440Z,0,NVIDIA L20Z,4,81559,0,34,70.02
2026-09-15T12:24:52.593440Z,1,NVIDIA L20Z,4,81559,0,31,70.11
2026-09-15T12:24:52.593440Z,2,NVIDIA L20Z,71357,81559,49,55,323.14
2026-09-15T12:24:52.593440Z,3,NVIDIA L20Z,70676,81559,49,47,254.99
2026-09-15T12:24:52.593440Z,4,NVIDIA L20Z,72258,81559,92,53,399.68
2026-09-15T12:24:52.593440Z,5,NVIDIA L20Z,71618,81559,91,67,497.90
2026-09-15T12:24:52.593440Z,6,NVIDIA L20Z,70654,81559,0,35,123.99
2026-09-15T12:24:52.593440Z,7,NVIDIA L20Z,70014,81559,0,37,119.71
2026-09-15T12:24:57.788754Z,0,NVIDIA L20Z,4,81559,0,34,69.92
2026-09-15T12:24:57.788754Z,1,NVIDIA L20Z,4,81559,0,30,70.08
2026-09-15T12:24:57.788754Z,2,NVIDIA L20Z,71316,81559,30,54,381.14
2026-09-15T12:24:57.788754Z,3,NVIDIA L20Z,70676,81559,83,47,368.15
2026-09-15T12:24:57.788754Z,4,NVIDIA L20Z,72258,81559,37,52,389.68
2026-09-15T12:24:57.788754Z,5,NVIDIA L20Z,71618,81559,92,67,531.97
2026-09-15T12:24:57.788754Z,6,NVIDIA L20Z,70654,81559,0,35,124.08
2026-09-15T12:24:57.788754Z,7,NVIDIA L20Z,70014,81559,0,37,119.70
2026-09-15T12:25:03.037276Z,0,NVIDIA L20Z,4,81559,0,34,69.91
2026-09-15T12:25:03.037276Z,1,NVIDIA L20Z,4,81559,0,30,70.03
2026-09-15T12:25:03.037276Z,2,NVIDIA L20Z,71316,81559,68,55,357.59
2026-09-15T12:25:03.037276Z,3,NVIDIA L20Z,70678,81559,47,47,331.76
2026-09-15T12:25:03.037276Z,4,NVIDIA L20Z,72258,81559,87,51,407.43
2026-09-15T12:25:03.037276Z,5,NVIDIA L20Z,71618,81559,84,66,484.14
2026-09-15T12:25:03.037276Z,6,NVIDIA L20Z,70654,81559,0,35,123.94
2026-09-15T12:25:03.037276Z,7,NVIDIA L20Z,70014,81559,0,37,118.93
2026-09-15T12:25:08.222034Z,0,NVIDIA L20Z,4,81559,0,33,69.89
2026-09-15T12:25:08.222034Z,1,NVIDIA L20Z,4,81559,0,30,70.07
2026-09-15T12:25:08.222034Z,2,NVIDIA L20Z,71318,81559,91,55,354.14
2026-09-15T12:25:08.222034Z,3,NVIDIA L20Z,70678,81559,69,48,338.30
2026-09-15T12:25:08.222034Z,4,NVIDIA L20Z,72258,81559,38,50,360.41
2026-09-15T12:25:08.222034Z,5,NVIDIA L20Z,71618,81559,74,65,473.99
2026-09-15T12:25:08.222034Z,6,NVIDIA L20Z,70654,81559,0,35,124.15
2026-09-15T12:25:08.222034Z,7,NVIDIA L20Z,70014,81559,0,37,119.71
2026-09-15T12:25:13.393022Z,0,NVIDIA L20Z,4,81559,0,33,69.81
2026-09-15T12:25:13.393022Z,1,NVIDIA L20Z,4,81559,0,30,69.99
2026-09-15T12:25:13.393022Z,2,NVIDIA L20Z,71320,81559,58,55,353.64
2026-09-15T12:25:13.393022Z,3,NVIDIA L20Z,70680,81559,27,47,300.93
2026-09-15T12:25:13.393022Z,4,NVIDIA L20Z,72258,81559,91,51,472.79
2026-09-15T12:25:13.393022Z,5,NVIDIA L20Z,71618,81559,92,63,482.93
2026-09-15T12:25:13.393022Z,6,NVIDIA L20Z,70654,81559,0,35,123.85
2026-09-15T12:25:13.393022Z,7,NVIDIA L20Z,70014,81559,0,37,119.79
2026-09-15T12:25:18.626475Z,0,NVIDIA L20Z,4,81559,0,33,69.78
2026-09-15T12:25:18.626475Z,1,NVIDIA L20Z,4,81559,0,30,69.89
2026-09-15T12:25:18.626475Z,2,NVIDIA L20Z,71320,81559,27,53,282.66
2026-09-15T12:25:18.626475Z,3,NVIDIA L20Z,70680,81559,59,48,328.20
2026-09-15T12:25:18.626475Z,4,NVIDIA L20Z,72258,81559,61,51,379.60
2026-09-15T12:25:18.626475Z,5,NVIDIA L20Z,71618,81559,96,66,505.67
2026-09-15T12:25:18.626475Z,6,NVIDIA L20Z,70654,81559,0,35,123.83
2026-09-15T12:25:18.626475Z,7,NVIDIA L20Z,70014,81559,0,37,119.60
2026-09-15T12:25:23.782799Z,0,NVIDIA L20Z,4,81559,0,33,70.13
2026-09-15T12:25:23.782799Z,1,NVIDIA L20Z,4,81559,0,30,69.90
2026-09-15T12:25:23.782799Z,2,NVIDIA L20Z,71320,81559,57,54,344.57
2026-09-15T12:25:23.782799Z,3,NVIDIA L20Z,70680,81559,89,48,331.48
2026-09-15T12:25:23.782799Z,4,NVIDIA L20Z,72258,81559,36,52,372.76
2026-09-15T12:25:23.782799Z,5,NVIDIA L20Z,71618,81559,67,65,425.12
2026-09-15T12:25:23.782799Z,6,NVIDIA L20Z,70654,81559,0,35,123.77
2026-09-15T12:25:23.782799Z,7,NVIDIA L20Z,70014,81559,0,37,119.66
2026-09-15T12:25:29.222999Z,0,NVIDIA L20Z,4,81559,0,33,70.10
2026-09-15T12:25:29.222999Z,1,NVIDIA L20Z,4,81559,0,30,69.87
2026-09-15T12:25:29.222999Z,2,NVIDIA L20Z,71320,81559,40,54,309.94
2026-09-15T12:25:29.222999Z,3,NVIDIA L20Z,70680,81559,69,47,328.70
2026-09-15T12:25:29.222999Z,4,NVIDIA L20Z,72258,81559,100,59,522.78
2026-09-15T12:25:29.222999Z,5,NVIDIA L20Z,71618,81559,100,67,548.53
2026-09-15T12:25:29.222999Z,6,NVIDIA L20Z,70664,81559,0,35,121.06
2026-09-15T12:25:29.222999Z,7,NVIDIA L20Z,70024,81559,0,37,116.30
2026-09-15T12:25:34.537236Z,0,NVIDIA L20Z,4,81559,0,33,70.16
2026-09-15T12:25:34.537236Z,1,NVIDIA L20Z,4,81559,0,31,121.14
2026-09-15T12:25:34.537236Z,2,NVIDIA L20Z,71320,81559,74,54,342.20
2026-09-15T12:25:34.537236Z,3,NVIDIA L20Z,70680,81559,43,46,293.59
2026-09-15T12:25:34.537236Z,4,NVIDIA L20Z,72260,81559,46,52,381.69
2026-09-15T12:25:34.537236Z,5,NVIDIA L20Z,71620,81559,90,64,427.68
2026-09-15T12:25:34.537236Z,6,NVIDIA L20Z,70664,81559,0,35,120.57
2026-09-15T12:25:34.537236Z,7,NVIDIA L20Z,70024,81559,0,37,116.07
2026-09-15T12:25:39.857532Z,0,NVIDIA L20Z,2705,81559,20,36,233.95
2026-09-15T12:25:39.857532Z,1,NVIDIA L20Z,4,81559,0,30,69.87
2026-09-15T12:25:39.857532Z,2,NVIDIA L20Z,71320,81559,45,55,321.03
2026-09-15T12:25:39.857532Z,3,NVIDIA L20Z,70680,81559,49,47,329.91
2026-09-15T12:25:39.857532Z,4,NVIDIA L20Z,72260,81559,32,51,393.14
2026-09-15T12:25:39.857532Z,5,NVIDIA L20Z,71620,81559,93,66,508.21
2026-09-15T12:25:39.857532Z,6,NVIDIA L20Z,70664,81559,0,35,120.62
2026-09-15T12:25:39.857532Z,7,NVIDIA L20Z,70024,81559,0,37,116.02
2026-09-15T12:25:45.161627Z,0,NVIDIA L20Z,3015,81559,0,36,118.36
2026-09-15T12:25:45.161627Z,1,NVIDIA L20Z,4,81559,0,30,69.97
2026-09-15T12:25:45.161627Z,2,NVIDIA L20Z,71320,81559,72,54,299.27
2026-09-15T12:25:45.161627Z,3,NVIDIA L20Z,70680,81559,45,48,344.80
2026-09-15T12:25:45.161627Z,4,NVIDIA L20Z,72260,81559,91,53,474.20
2026-09-15T12:25:45.161627Z,5,NVIDIA L20Z,71620,81559,73,64,513.46
2026-09-15T12:25:45.161627Z,6,NVIDIA L20Z,70664,81559,0,35,125.14
2026-09-15T12:25:45.161627Z,7,NVIDIA L20Z,70024,81559,0,37,119.50
2026-09-15T12:25:50.367790Z,0,NVIDIA L20Z,4,81559,0,34,70.03
2026-09-15T12:25:50.367790Z,1,NVIDIA L20Z,4,81559,0,30,69.92
2026-09-15T12:25:50.367790Z,2,NVIDIA L20Z,71320,81559,87,56,364.30
2026-09-15T12:25:50.367790Z,3,NVIDIA L20Z,70680,81559,86,49,365.55
2026-09-15T12:25:50.367790Z,4,NVIDIA L20Z,72260,81559,31,49,350.25
2026-09-15T12:25:50.367790Z,5,NVIDIA L20Z,71620,81559,89,66,502.58
2026-09-15T12:25:50.367790Z,6,NVIDIA L20Z,70664,81559,0,35,124.93
2026-09-15T12:25:50.367790Z,7,NVIDIA L20Z,70024,81559,0,37,120.36
2026-09-15T12:25:55.531163Z,0,NVIDIA L20Z,4,81559,0,34,70.23
2026-09-15T12:25:55.531163Z,1,NVIDIA L20Z,4,81559,0,30,69.90
2026-09-15T12:25:55.531163Z,2,NVIDIA L20Z,71320,81559,39,53,306.67
2026-09-15T12:25:55.531163Z,3,NVIDIA L20Z,70680,81559,72,49,347.42
2026-09-15T12:25:55.531163Z,4,NVIDIA L20Z,72262,81559,90,52,468.37
2026-09-15T12:25:55.531163Z,5,NVIDIA L20Z,71622,81559,35,63,406.06
2026-09-15T12:25:55.531163Z,6,NVIDIA L20Z,70664,81559,0,35,125.32
2026-09-15T12:25:55.531163Z,7,NVIDIA L20Z,70024,81559,0,37,120.37
2026-09-15T12:26:00.697409Z,0,NVIDIA L20Z,4,81559,0,33,70.23
2026-09-15T12:26:00.697409Z,1,NVIDIA L20Z,4,81559,0,30,69.88
2026-09-15T12:26:00.697409Z,2,NVIDIA L20Z,71320,81559,84,55,346.20
2026-09-15T12:26:00.697409Z,3,NVIDIA L20Z,70680,81559,84,48,338.64
2026-09-15T12:26:00.697409Z,4,NVIDIA L20Z,72262,81559,52,51,520.36
2026-09-15T12:26:00.697409Z,5,NVIDIA L20Z,71622,81559,91,65,519.11
2026-09-15T12:26:00.697409Z,6,NVIDIA L20Z,71296,81559,90,38,285.85
2026-09-15T12:26:00.697409Z,7,NVIDIA L20Z,70656,81559,3,40,225.62
2026-09-15T12:26:05.872839Z,0,NVIDIA L20Z,4,81559,0,33,70.21
2026-09-15T12:26:05.872839Z,1,NVIDIA L20Z,4,81559,0,30,69.90
2026-09-15T12:26:05.872839Z,2,NVIDIA L20Z,71320,81559,0,48,130.76
2026-09-15T12:26:05.872839Z,3,NVIDIA L20Z,70680,81559,0,42,128.98
2026-09-15T12:26:05.872839Z,4,NVIDIA L20Z,72262,81559,89,53,423.52
2026-09-15T12:26:05.872839Z,5,NVIDIA L20Z,71622,81559,32,62,409.60
2026-09-15T12:26:05.872839Z,6,NVIDIA L20Z,71296,81559,90,42,343.91
2026-09-15T12:26:05.872839Z,7,NVIDIA L20Z,70656,81559,53,41,259.02
2026-09-15T12:26:11.056584Z,0,NVIDIA L20Z,4,81559,0,33,70.21
2026-09-15T12:26:11.056584Z,1,NVIDIA L20Z,4,81559,0,30,69.89
2026-09-15T12:26:11.056584Z,2,NVIDIA L20Z,71320,81559,0,47,130.67
2026-09-15T12:26:11.056584Z,3,NVIDIA L20Z,70680,81559,0,41,128.20
2026-09-15T12:26:11.056584Z,4,NVIDIA L20Z,72262,81559,86,53,425.78
2026-09-15T12:26:11.056584Z,5,NVIDIA L20Z,71622,81559,54,61,380.35
2026-09-15T12:26:11.056584Z,6,NVIDIA L20Z,71296,81559,53,41,300.85
2026-09-15T12:26:11.056584Z,7,NVIDIA L20Z,70656,81559,42,44,300.68
2026-09-15T12:26:16.240007Z,0,NVIDIA L20Z,4,81559,0,33,70.23
2026-09-15T12:26:16.240007Z,1,NVIDIA L20Z,4,81559,0,30,69.90
2026-09-15T12:26:16.240007Z,2,NVIDIA L20Z,71320,81559,0,46,129.76
2026-09-15T12:26:16.240007Z,3,NVIDIA L20Z,70680,81559,0,40,127.45
2026-09-15T12:26:16.240007Z,4,NVIDIA L20Z,72262,81559,93,55,506.84
2026-09-15T12:26:16.240007Z,5,NVIDIA L20Z,71622,81559,93,65,510.44
2026-09-15T12:26:16.240007Z,6,NVIDIA L20Z,71298,81559,45,42,312.68
2026-09-15T12:26:16.240007Z,7,NVIDIA L20Z,70658,81559,69,44,293.30
2026-09-15T12:26:21.453173Z,0,NVIDIA L20Z,4,81559,0,33,70.14
2026-09-15T12:26:21.453173Z,1,NVIDIA L20Z,4,81559,0,30,69.89
2026-09-15T12:26:21.453173Z,2,NVIDIA L20Z,71320,81559,0,45,129.12
2026-09-15T12:26:21.453173Z,3,NVIDIA L20Z,70680,81559,0,40,126.98
2026-09-15T12:26:21.453173Z,4,NVIDIA L20Z,72262,81559,18,53,390.17
2026-09-15T12:26:21.453173Z,5,NVIDIA L20Z,71622,81559,30,61,351.05
2026-09-15T12:26:21.453173Z,6,NVIDIA L20Z,71298,81559,44,45,362.17
2026-09-15T12:26:21.453173Z,7,NVIDIA L20Z,70658,81559,74,45,276.94
2026-09-15T12:26:26.626765Z,0,NVIDIA L20Z,4,81559,0,33,70.10
2026-09-15T12:26:26.626765Z,1,NVIDIA L20Z,4,81559,0,30,69.90
2026-09-15T12:26:26.626765Z,2,NVIDIA L20Z,71320,81559,0,45,128.72
2026-09-15T12:26:26.626765Z,3,NVIDIA L20Z,70680,81559,0,39,126.53
2026-09-15T12:26:26.626765Z,4,NVIDIA L20Z,72262,81559,71,54,447.52
2026-09-15T12:26:26.626765Z,5,NVIDIA L20Z,71622,81559,37,62,364.84
2026-09-15T12:26:26.626765Z,6,NVIDIA L20Z,71298,81559,40,44,327.30
2026-09-15T12:26:26.626765Z,7,NVIDIA L20Z,70658,81559,56,46,305.62
2026-09-15T12:26:31.795377Z,0,NVIDIA L20Z,4,81559,0,33,70.10
2026-09-15T12:26:31.795377Z,1,NVIDIA L20Z,4,81559,0,30,69.95
2026-09-15T12:26:31.795377Z,2,NVIDIA L20Z,71320,81559,0,44,128.12
2026-09-15T12:26:31.795377Z,3,NVIDIA L20Z,70680,81559,0,39,126.24
2026-09-15T12:26:31.795377Z,4,NVIDIA L20Z,72262,81559,92,55,546.71
2026-09-15T12:26:31.795377Z,5,NVIDIA L20Z,71622,81559,92,65,553.08
2026-09-15T12:26:31.795377Z,6,NVIDIA L20Z,71298,81559,81,45,367.50
2026-09-15T12:26:31.795377Z,7,NVIDIA L20Z,70658,81559,61,46,310.22
2026-09-15T12:26:37.028352Z,0,NVIDIA L20Z,4,81559,0,33,70.10
2026-09-15T12:26:37.028352Z,1,NVIDIA L20Z,4,81559,0,30,69.94
2026-09-15T12:26:37.028352Z,2,NVIDIA L20Z,71320,81559,0,43,127.57
2026-09-15T12:26:37.028352Z,3,NVIDIA L20Z,70680,81559,0,38,125.81
2026-09-15T12:26:37.028352Z,4,NVIDIA L20Z,72262,81559,88,55,458.32
2026-09-15T12:26:37.028352Z,5,NVIDIA L20Z,71622,81559,90,63,429.35
2026-09-15T12:26:37.028352Z,6,NVIDIA L20Z,71298,81559,84,46,387.45
2026-09-15T12:26:37.028352Z,7,NVIDIA L20Z,70658,81559,84,47,345.58
2026-09-15T12:26:42.188807Z,0,NVIDIA L20Z,4,81559,0,33,70.10
2026-09-15T12:26:42.188807Z,1,NVIDIA L20Z,4,81559,0,30,69.85
2026-09-15T12:26:42.188807Z,2,NVIDIA L20Z,71320,81559,0,43,127.24
2026-09-15T12:26:42.188807Z,3,NVIDIA L20Z,70680,81559,0,38,125.45
2026-09-15T12:26:42.188807Z,4,NVIDIA L20Z,72262,81559,64,55,463.28
2026-09-15T12:26:42.188807Z,5,NVIDIA L20Z,71622,81559,36,62,420.73
2026-09-15T12:26:42.188807Z,6,NVIDIA L20Z,71298,81559,78,47,350.03
2026-09-15T12:26:42.188807Z,7,NVIDIA L20Z,70658,81559,58,47,268.07
2026-09-15T12:26:47.346993Z,0,NVIDIA L20Z,4,81559,0,33,112.04
2026-09-15T12:26:47.346993Z,1,NVIDIA L20Z,35,81559,0,30,75.85
2026-09-15T12:26:47.346993Z,2,NVIDIA L20Z,71320,81559,0,42,127.15
2026-09-15T12:26:47.346993Z,3,NVIDIA L20Z,70680,81559,0,38,125.27
2026-09-15T12:26:47.346993Z,4,NVIDIA L20Z,72262,81559,15,53,401.87
2026-09-15T12:26:47.346993Z,5,NVIDIA L20Z,71622,81559,20,59,397.25
2026-09-15T12:26:47.346993Z,6,NVIDIA L20Z,71300,81559,86,48,360.75
2026-09-15T12:26:47.346993Z,7,NVIDIA L20Z,70660,81559,86,50,347.73
2026-09-15T12:26:52.600916Z,0,NVIDIA L20Z,4,81559,0,33,70.14
2026-09-15T12:26:52.600916Z,1,NVIDIA L20Z,4,81559,0,30,69.89
2026-09-15T12:26:52.600916Z,2,NVIDIA L20Z,71320,81559,0,42,131.39
2026-09-15T12:26:52.600916Z,3,NVIDIA L20Z,70680,81559,0,37,129.33
2026-09-15T12:26:52.600916Z,4,NVIDIA L20Z,72262,81559,52,52,374.61
2026-09-15T12:26:52.600916Z,5,NVIDIA L20Z,71622,81559,70,64,487.08
2026-09-15T12:26:52.600916Z,6,NVIDIA L20Z,71300,81559,34,45,303.94
2026-09-15T12:26:52.600916Z,7,NVIDIA L20Z,70660,81559,54,48,279.78
2026-09-15T12:26:57.905656Z,0,NVIDIA L20Z,4,81559,0,33,70.04
2026-09-15T12:26:57.905656Z,1,NVIDIA L20Z,4,81559,0,30,69.83
2026-09-15T12:26:57.905656Z,2,NVIDIA L20Z,71320,81559,0,42,130.95
2026-09-15T12:26:57.905656Z,3,NVIDIA L20Z,70680,81559,0,37,129.12
2026-09-15T12:26:57.905656Z,4,NVIDIA L20Z,72262,81559,33,52,370.68
2026-09-15T12:26:57.905656Z,5,NVIDIA L20Z,71622,81559,86,66,516.54
2026-09-15T12:26:57.905656Z,6,NVIDIA L20Z,71300,81559,32,45,281.76
2026-09-15T12:26:57.905656Z,7,NVIDIA L20Z,70660,81559,66,51,339.39
2026-09-15T12:27:03.068164Z,0,NVIDIA L20Z,4,81559,0,33,70.07
2026-09-15T12:27:03.068164Z,1,NVIDIA L20Z,4,81559,0,30,69.88
2026-09-15T12:27:03.068164Z,2,NVIDIA L20Z,71320,81559,0,41,130.79
2026-09-15T12:27:03.068164Z,3,NVIDIA L20Z,70680,81559,0,37,128.93
2026-09-15T12:27:03.068164Z,4,NVIDIA L20Z,72262,81559,41,52,444.80
2026-09-15T12:27:03.068164Z,5,NVIDIA L20Z,71622,81559,87,65,534.27
2026-09-15T12:27:03.068164Z,6,NVIDIA L20Z,71300,81559,46,46,256.57
2026-09-15T12:27:03.068164Z,7,NVIDIA L20Z,70660,81559,29,48,251.77
2026-09-15T12:27:08.232816Z,0,NVIDIA L20Z,4,81559,0,33,70.06
2026-09-15T12:27:08.232816Z,1,NVIDIA L20Z,4,81559,0,30,69.89
2026-09-15T12:27:08.232816Z,2,NVIDIA L20Z,71320,81559,0,41,130.20
2026-09-15T12:27:08.232816Z,3,NVIDIA L20Z,70680,81559,0,37,128.29
2026-09-15T12:27:08.232816Z,4,NVIDIA L20Z,72262,81559,39,51,339.51
2026-09-15T12:27:08.232816Z,5,NVIDIA L20Z,71622,81559,87,68,486.95
2026-09-15T12:27:08.232816Z,6,NVIDIA L20Z,71300,81559,47,46,275.65
2026-09-15T12:27:08.232816Z,7,NVIDIA L20Z,70660,81559,89,50,290.51
2026-09-15T12:27:13.391004Z,0,NVIDIA L20Z,4,81559,0,32,70.03
2026-09-15T12:27:13.391004Z,1,NVIDIA L20Z,4,81559,0,30,69.85
2026-09-15T12:27:13.391004Z,2,NVIDIA L20Z,71320,81559,0,41,129.99
2026-09-15T12:27:13.391004Z,3,NVIDIA L20Z,70680,81559,0,37,128.10
2026-09-15T12:27:13.391004Z,4,NVIDIA L20Z,72262,81559,91,51,438.49
2026-09-15T12:27:13.391004Z,5,NVIDIA L20Z,71622,81559,91,63,485.70
2026-09-15T12:27:13.391004Z,6,NVIDIA L20Z,71302,81559,79,47,324.69
2026-09-15T12:27:13.391004Z,7,NVIDIA L20Z,70662,81559,53,49,268.67
2026-09-15T12:27:18.556061Z,0,NVIDIA L20Z,4,81559,0,32,70.04
2026-09-15T12:27:18.556061Z,1,NVIDIA L20Z,4,81559,0,30,69.86
2026-09-15T12:27:18.556061Z,2,NVIDIA L20Z,71320,81559,0,40,129.84
2026-09-15T12:27:18.556061Z,3,NVIDIA L20Z,70680,81559,0,36,127.97
2026-09-15T12:27:18.556061Z,4,NVIDIA L20Z,72262,81559,46,50,342.78
2026-09-15T12:27:18.556061Z,5,NVIDIA L20Z,71622,81559,66,65,423.56
2026-09-15T12:27:18.556061Z,6,NVIDIA L20Z,71302,81559,72,46,316.24
2026-09-15T12:27:18.556061Z,7,NVIDIA L20Z,70662,81559,67,49,265.92
2026-09-15T12:27:23.736652Z,0,NVIDIA L20Z,4,81559,0,32,70.11
2026-09-15T12:27:23.736652Z,1,NVIDIA L20Z,4,81559,0,30,69.85
2026-09-15T12:27:23.736652Z,2,NVIDIA L20Z,71320,81559,0,40,128.67
2026-09-15T12:27:23.736652Z,3,NVIDIA L20Z,70680,81559,0,36,127.89
2026-09-15T12:27:23.736652Z,4,NVIDIA L20Z,72262,81559,57,51,371.76
2026-09-15T12:27:23.736652Z,5,NVIDIA L20Z,71622,81559,48,63,394.00
2026-09-15T12:27:23.736652Z,6,NVIDIA L20Z,71302,81559,41,46,257.07
2026-09-15T12:27:23.736652Z,7,NVIDIA L20Z,70662,81559,45,51,271.68
2026-09-15T12:27:28.917246Z,0,NVIDIA L20Z,4,81559,0,32,70.06
2026-09-15T12:27:28.917246Z,1,NVIDIA L20Z,4,81559,0,30,69.78
2026-09-15T12:27:28.917246Z,2,NVIDIA L20Z,71320,81559,0,40,128.52
2026-09-15T12:27:28.917246Z,3,NVIDIA L20Z,70680,81559,0,36,127.77
2026-09-15T12:27:28.917246Z,4,NVIDIA L20Z,72262,81559,93,52,495.76
2026-09-15T12:27:28.917246Z,5,NVIDIA L20Z,71622,81559,92,65,556.35
2026-09-15T12:27:28.917246Z,6,NVIDIA L20Z,71302,81559,39,46,312.50
2026-09-15T12:27:28.917246Z,7,NVIDIA L20Z,70662,81559,62,51,286.54
2026-09-15T12:27:34.084638Z,0,NVIDIA L20Z,4,81559,0,32,69.99
2026-09-15T12:27:34.084638Z,1,NVIDIA L20Z,4,81559,0,30,69.80
2026-09-15T12:27:34.084638Z,2,NVIDIA L20Z,71320,81559,0,40,128.32
2026-09-15T12:27:34.084638Z,3,NVIDIA L20Z,70680,81559,0,36,127.76
2026-09-15T12:27:34.084638Z,4,NVIDIA L20Z,72262,81559,43,50,372.46
2026-09-15T12:27:34.084638Z,5,NVIDIA L20Z,71622,81559,82,66,484.93
2026-09-15T12:27:34.084638Z,6,NVIDIA L20Z,71302,81559,83,48,361.02
2026-09-15T12:27:34.084638Z,7,NVIDIA L20Z,70662,81559,85,52,318.32
2026-09-15T12:27:39.356728Z,0,NVIDIA L20Z,531,81559,0,34,119.04
2026-09-15T12:27:39.356728Z,1,NVIDIA L20Z,4,81559,0,30,69.83
2026-09-15T12:27:39.356728Z,2,NVIDIA L20Z,71320,81559,0,39,128.26
2026-09-15T12:27:39.356728Z,3,NVIDIA L20Z,70680,81559,0,36,127.67
2026-09-15T12:27:39.356728Z,4,NVIDIA L20Z,72262,81559,92,50,473.39
2026-09-15T12:27:39.356728Z,5,NVIDIA L20Z,71622,81559,93,62,484.70
2026-09-15T12:27:39.356728Z,6,NVIDIA L20Z,71302,81559,68,48,346.80
2026-09-15T12:27:39.356728Z,7,NVIDIA L20Z,70662,81559,47,50,270.76
2026-09-15T12:27:44.633897Z,0,NVIDIA L20Z,4,81559,0,33,70.07
2026-09-15T12:27:44.633897Z,1,NVIDIA L20Z,4,81559,0,30,88.92
2026-09-15T12:27:44.633897Z,2,NVIDIA L20Z,71847,81559,0,39,126.05
2026-09-15T12:27:44.633897Z,3,NVIDIA L20Z,70680,81559,0,36,127.62
2026-09-15T12:27:44.633897Z,4,NVIDIA L20Z,72262,81559,83,55,486.62
2026-09-15T12:27:44.633897Z,5,NVIDIA L20Z,71622,81559,36,61,354.81
2026-09-15T12:27:44.633897Z,6,NVIDIA L20Z,71302,81559,36,51,356.07
2026-09-15T12:27:44.633897Z,7,NVIDIA L20Z,70662,81559,49,50,334.10
2026-09-15T12:27:49.931328Z,0,NVIDIA L20Z,4,81559,0,33,70.05
2026-09-15T12:27:49.931328Z,1,NVIDIA L20Z,4,81559,0,30,69.94
2026-09-15T12:27:49.931328Z,2,NVIDIA L20Z,71320,81559,0,39,128.12
2026-09-15T12:27:49.931328Z,3,NVIDIA L20Z,70680,81559,0,36,127.64
2026-09-15T12:27:49.931328Z,4,NVIDIA L20Z,72262,81559,92,54,423.36
2026-09-15T12:27:49.931328Z,5,NVIDIA L20Z,71622,81559,64,62,426.17
2026-09-15T12:27:49.931328Z,6,NVIDIA L20Z,71302,81559,25,47,346.20
2026-09-15T12:27:49.931328Z,7,NVIDIA L20Z,70662,81559,74,52,298.96
2026-09-15T12:27:55.119287Z,0,NVIDIA L20Z,4,81559,0,33,70.08
2026-09-15T12:27:55.119287Z,1,NVIDIA L20Z,4,81559,0,30,69.95
2026-09-15T12:27:55.119287Z,2,NVIDIA L20Z,71320,81559,0,39,128.15
2026-09-15T12:27:55.119287Z,3,NVIDIA L20Z,70680,81559,0,36,127.62
2026-09-15T12:27:55.119287Z,4,NVIDIA L20Z,72262,81559,72,52,440.14
2026-09-15T12:27:55.119287Z,5,NVIDIA L20Z,71622,81559,43,62,380.08
2026-09-15T12:27:55.119287Z,6,NVIDIA L20Z,71302,81559,86,48,283.92
2026-09-15T12:27:55.119287Z,7,NVIDIA L20Z,70662,81559,49,50,260.33
2026-09-15T12:28:00.330495Z,0,NVIDIA L20Z,4,81559,0,33,110.23
2026-09-15T12:28:00.330495Z,1,NVIDIA L20Z,4,81559,1,31,91.45
2026-09-15T12:28:00.330495Z,2,NVIDIA L20Z,71320,81559,0,39,128.18
2026-09-15T12:28:00.330495Z,3,NVIDIA L20Z,70680,81559,0,36,127.54
2026-09-15T12:28:00.330495Z,4,NVIDIA L20Z,72262,81559,84,55,450.58
2026-09-15T12:28:00.330495Z,5,NVIDIA L20Z,71622,81559,32,63,396.82
2026-09-15T12:28:00.330495Z,6,NVIDIA L20Z,71302,81559,37,49,343.23
2026-09-15T12:28:00.330495Z,7,NVIDIA L20Z,70662,81559,42,52,270.79
2026-09-15T12:28:05.643880Z,0,NVIDIA L20Z,4,81559,0,33,70.08
2026-09-15T12:28:05.643880Z,1,NVIDIA L20Z,4,81559,0,30,69.92
2026-09-15T12:28:05.643880Z,2,NVIDIA L20Z,71320,81559,0,39,127.91
2026-09-15T12:28:05.643880Z,3,NVIDIA L20Z,70680,81559,0,36,127.55
2026-09-15T12:28:05.643880Z,4,NVIDIA L20Z,72262,81559,94,52,453.80
2026-09-15T12:28:05.643880Z,5,NVIDIA L20Z,71622,81559,94,62,461.54
2026-09-15T12:28:05.643880Z,6,NVIDIA L20Z,71302,81559,84,49,353.87
2026-09-15T12:28:05.643880Z,7,NVIDIA L20Z,70662,81559,25,52,312.49
2026-09-15T12:28:10.821524Z,0,NVIDIA L20Z,4,81559,0,33,70.11
2026-09-15T12:28:10.821524Z,1,NVIDIA L20Z,4,81559,0,30,69.90
2026-09-15T12:28:10.821524Z,2,NVIDIA L20Z,71320,81559,0,39,127.97
2026-09-15T12:28:10.821524Z,3,NVIDIA L20Z,70680,81559,0,36,127.52
2026-09-15T12:28:10.821524Z,4,NVIDIA L20Z,72262,81559,79,57,513.98
2026-09-15T12:28:10.821524Z,5,NVIDIA L20Z,71622,81559,48,62,380.68
2026-09-15T12:28:10.821524Z,6,NVIDIA L20Z,71302,81559,86,49,378.32
2026-09-15T12:28:10.821524Z,7,NVIDIA L20Z,70662,81559,83,52,305.01
2026-09-15T12:28:16.125944Z,0,NVIDIA L20Z,4,81559,0,33,70.04
2026-09-15T12:28:16.125944Z,1,NVIDIA L20Z,4,81559,0,30,69.87
2026-09-15T12:28:16.125944Z,2,NVIDIA L20Z,71320,81559,0,39,127.84
2026-09-15T12:28:16.125944Z,3,NVIDIA L20Z,70680,81559,0,36,127.52
2026-09-15T12:28:16.125944Z,4,NVIDIA L20Z,72262,81559,48,54,445.25
2026-09-15T12:28:16.125944Z,5,NVIDIA L20Z,71622,81559,60,62,373.88
2026-09-15T12:28:16.125944Z,6,NVIDIA L20Z,71302,81559,59,49,347.91
2026-09-15T12:28:16.125944Z,7,NVIDIA L20Z,70662,81559,40,51,263.69
2026-09-15T12:28:21.282545Z,0,NVIDIA L20Z,4,81559,0,33,70.06
2026-09-15T12:28:21.282545Z,1,NVIDIA L20Z,4,81559,0,30,69.85
2026-09-15T12:28:21.282545Z,2,NVIDIA L20Z,643,81559,0,39,127.71
2026-09-15T12:28:21.282545Z,3,NVIDIA L20Z,4,81559,0,35,116.89
2026-09-15T12:28:21.282545Z,4,NVIDIA L20Z,72262,81559,49,55,524.26
2026-09-15T12:28:21.282545Z,5,NVIDIA L20Z,71622,81559,64,63,501.73
2026-09-15T12:28:21.282545Z,6,NVIDIA L20Z,71304,81559,83,50,370.61
2026-09-15T12:28:21.282545Z,7,NVIDIA L20Z,70664,81559,28,51,274.08
2026-09-15T12:28:26.834384Z,0,NVIDIA L20Z,4,81559,0,32,70.07
2026-09-15T12:28:26.834384Z,1,NVIDIA L20Z,4,81559,0,30,69.91
2026-09-15T12:28:26.834384Z,2,NVIDIA L20Z,4,81559,0,37,71.77
2026-09-15T12:28:26.834384Z,3,NVIDIA L20Z,4,81559,0,34,73.87
2026-09-15T12:28:26.834384Z,4,NVIDIA L20Z,72262,81559,0,46,131.46
2026-09-15T12:28:26.834384Z,5,NVIDIA L20Z,71622,81559,0,56,135.10
2026-09-15T12:28:26.834384Z,6,NVIDIA L20Z,71304,81559,91,50,366.93
2026-09-15T12:28:26.834384Z,7,NVIDIA L20Z,70664,81559,25,52,285.03
2026-09-15T12:28:32.003730Z,0,NVIDIA L20Z,4,81559,0,32,70.05
2026-09-15T12:28:32.003730Z,1,NVIDIA L20Z,4,81559,0,30,69.87
2026-09-15T12:28:32.003730Z,2,NVIDIA L20Z,4,81559,0,36,71.73
2026-09-15T12:28:32.003730Z,3,NVIDIA L20Z,4,81559,0,34,73.71
2026-09-15T12:28:32.003730Z,4,NVIDIA L20Z,72262,81559,0,43,129.24
2026-09-15T12:28:32.003730Z,5,NVIDIA L20Z,71622,81559,0,54,134.41
2026-09-15T12:28:32.003730Z,6,NVIDIA L20Z,71304,81559,83,51,391.21
2026-09-15T12:28:32.003730Z,7,NVIDIA L20Z,70664,81559,87,54,324.35
2026-09-15T12:28:37.661895Z,0,NVIDIA L20Z,4,81559,0,32,69.95
2026-09-15T12:28:37.661895Z,1,NVIDIA L20Z,4347,81559,88,44,559.89
2026-09-15T12:28:37.661895Z,2,NVIDIA L20Z,5759,81559,100,56,589.75
2026-09-15T12:28:37.661895Z,3,NVIDIA L20Z,2469,81559,18,36,180.87
2026-09-15T12:28:37.661895Z,4,NVIDIA L20Z,72262,81559,0,42,126.20
2026-09-15T12:28:37.661895Z,5,NVIDIA L20Z,71622,81559,0,52,133.23
2026-09-15T12:28:37.661895Z,6,NVIDIA L20Z,71304,81559,74,50,366.61
2026-09-15T12:28:37.661895Z,7,NVIDIA L20Z,70664,81559,33,51,264.43
2026-09-15T12:28:42.814177Z,0,NVIDIA L20Z,4,81559,0,32,70.04
2026-09-15T12:28:42.814177Z,1,NVIDIA L20Z,5067,81559,90,49,600.25
2026-09-15T12:28:42.814177Z,2,NVIDIA L20Z,6949,81559,0,43,271.97
2026-09-15T12:28:42.814177Z,3,NVIDIA L20Z,3199,81559,27,39,312.01
2026-09-15T12:28:42.814177Z,4,NVIDIA L20Z,72262,81559,0,40,125.07
2026-09-15T12:28:42.814177Z,5,NVIDIA L20Z,71622,81559,0,51,130.59
2026-09-15T12:28:42.814177Z,6,NVIDIA L20Z,71304,81559,87,50,365.13
2026-09-15T12:28:42.814177Z,7,NVIDIA L20Z,70664,81559,85,55,356.76
2026-09-15T12:28:47.961296Z,0,NVIDIA L20Z,4,81559,0,33,70.12
2026-09-15T12:28:47.961296Z,1,NVIDIA L20Z,5067,81559,83,51,580.34
2026-09-15T12:28:47.961296Z,2,NVIDIA L20Z,4,81559,0,39,72.41
2026-09-15T12:28:47.961296Z,3,NVIDIA L20Z,4,81559,0,34,73.99
2026-09-15T12:28:47.961296Z,4,NVIDIA L20Z,72262,81559,0,39,124.33
2026-09-15T12:28:47.961296Z,5,NVIDIA L20Z,71622,81559,0,49,129.56
2026-09-15T12:28:47.961296Z,6,NVIDIA L20Z,71304,81559,33,47,304.13
2026-09-15T12:28:47.961296Z,7,NVIDIA L20Z,70664,81559,47,54,331.53
2026-09-15T12:28:53.127389Z,0,NVIDIA L20Z,4,81559,0,33,70.21
2026-09-15T12:28:53.127389Z,1,NVIDIA L20Z,4,81559,0,39,123.97
2026-09-15T12:28:53.127389Z,2,NVIDIA L20Z,4,81559,0,38,72.20
2026-09-15T12:28:53.127389Z,3,NVIDIA L20Z,4,81559,0,34,73.84
2026-09-15T12:28:53.127389Z,4,NVIDIA L20Z,72262,81559,0,38,123.72
2026-09-15T12:28:53.127389Z,5,NVIDIA L20Z,71622,81559,0,48,128.82
2026-09-15T12:28:53.127389Z,6,NVIDIA L20Z,71304,81559,65,48,368.14
2026-09-15T12:28:53.127389Z,7,NVIDIA L20Z,70664,81559,56,54,306.61
2026-09-15T12:28:58.282504Z,0,NVIDIA L20Z,4,81559,0,34,70.26
2026-09-15T12:28:58.282504Z,1,NVIDIA L20Z,4,81559,0,36,71.16
2026-09-15T12:28:58.282504Z,2,NVIDIA L20Z,4,81559,0,38,72.03
2026-09-15T12:28:58.282504Z,3,NVIDIA L20Z,4,81559,0,34,73.75
2026-09-15T12:28:58.282504Z,4,NVIDIA L20Z,72262,81559,0,38,123.33
2026-09-15T12:28:58.282504Z,5,NVIDIA L20Z,71622,81559,0,47,128.09
2026-09-15T12:28:58.282504Z,6,NVIDIA L20Z,71306,81559,29,49,331.04
2026-09-15T12:28:58.282504Z,7,NVIDIA L20Z,70666,81559,87,54,332.46
2026-09-15T12:29:03.442938Z,0,NVIDIA L20Z,4,81559,0,34,70.31
2026-09-15T12:29:03.442938Z,1,NVIDIA L20Z,4,81559,0,35,70.83
2026-09-15T12:29:03.442938Z,2,NVIDIA L20Z,4,81559,0,37,71.92
2026-09-15T12:29:03.442938Z,3,NVIDIA L20Z,4,81559,0,33,73.68
2026-09-15T12:29:03.442938Z,4,NVIDIA L20Z,72262,81559,0,37,122.97
2026-09-15T12:29:03.442938Z,5,NVIDIA L20Z,71622,81559,0,46,127.57
2026-09-15T12:29:03.442938Z,6,NVIDIA L20Z,71306,81559,39,48,323.67
2026-09-15T12:29:03.442938Z,7,NVIDIA L20Z,70666,81559,46,54,282.23
2026-09-15T12:29:08.603034Z,0,NVIDIA L20Z,4,81559,0,34,70.34
2026-09-15T12:29:08.603034Z,1,NVIDIA L20Z,4,81559,0,34,70.74
2026-09-15T12:29:08.603034Z,2,NVIDIA L20Z,4,81559,0,37,71.60
2026-09-15T12:29:08.603034Z,3,NVIDIA L20Z,4,81559,0,33,73.56
2026-09-15T12:29:08.603034Z,4,NVIDIA L20Z,72262,81559,0,37,122.64
2026-09-15T12:29:08.603034Z,5,NVIDIA L20Z,71622,81559,0,46,127.08
2026-09-15T12:29:08.603034Z,6,NVIDIA L20Z,71306,81559,68,49,316.07
2026-09-15T12:29:08.603034Z,7,NVIDIA L20Z,70666,81559,41,55,330.01
2026-09-15T12:29:13.787776Z,0,NVIDIA L20Z,4,81559,0,35,94.59
2026-09-15T12:29:13.787776Z,1,NVIDIA L20Z,4,81559,0,35,92.02
2026-09-15T12:29:13.787776Z,2,NVIDIA L20Z,4,81559,0,36,71.50
2026-09-15T12:29:13.787776Z,3,NVIDIA L20Z,4,81559,0,33,73.51
2026-09-15T12:29:13.787776Z,4,NVIDIA L20Z,72262,81559,0,36,122.46
2026-09-15T12:29:13.787776Z,5,NVIDIA L20Z,71622,81559,0,45,126.57
2026-09-15T12:29:13.787776Z,6,NVIDIA L20Z,71306,81559,87,50,341.95
2026-09-15T12:29:13.787776Z,7,NVIDIA L20Z,70666,81559,48,54,279.39
2026-09-15T12:29:18.939840Z,0,NVIDIA L20Z,4,81559,0,34,70.51
2026-09-15T12:29:18.939840Z,1,NVIDIA L20Z,4,81559,0,33,70.52
2026-09-15T12:29:18.939840Z,2,NVIDIA L20Z,4,81559,0,36,71.61
2026-09-15T12:29:18.939840Z,3,NVIDIA L20Z,4,81559,0,33,96.51
2026-09-15T12:29:18.939840Z,4,NVIDIA L20Z,72262,81559,0,36,125.83
2026-09-15T12:29:18.939840Z,5,NVIDIA L20Z,71622,81559,0,44,126.18
2026-09-15T12:29:18.939840Z,6,NVIDIA L20Z,71306,81559,91,50,361.43
2026-09-15T12:29:18.939840Z,7,NVIDIA L20Z,70666,81559,29,54,288.31
2026-09-15T12:29:24.231540Z,0,NVIDIA L20Z,4,81559,0,34,70.49
2026-09-15T12:29:24.231540Z,1,NVIDIA L20Z,4,81559,0,33,70.41
2026-09-15T12:29:24.231540Z,2,NVIDIA L20Z,4,81559,0,36,71.52
2026-09-15T12:29:24.231540Z,3,NVIDIA L20Z,4,81559,0,33,73.46
2026-09-15T12:29:24.231540Z,4,NVIDIA L20Z,72262,81559,0,36,126.34
2026-09-15T12:29:24.231540Z,5,NVIDIA L20Z,71622,81559,0,44,130.42
2026-09-15T12:29:24.231540Z,6,NVIDIA L20Z,71306,81559,65,49,291.12
2026-09-15T12:29:24.231540Z,7,NVIDIA L20Z,70666,81559,78,55,292.36
2026-09-15T12:29:29.388059Z,0,NVIDIA L20Z,4,81559,0,34,70.45
2026-09-15T12:29:29.388059Z,1,NVIDIA L20Z,4,81559,0,32,70.31
2026-09-15T12:29:29.388059Z,2,NVIDIA L20Z,4,81559,0,36,71.41
2026-09-15T12:29:29.388059Z,3,NVIDIA L20Z,4,81559,0,33,73.40
2026-09-15T12:29:29.388059Z,4,NVIDIA L20Z,72262,81559,0,36,126.11
2026-09-15T12:29:29.388059Z,5,NVIDIA L20Z,71622,81559,0,43,130.03
2026-09-15T12:29:29.388059Z,6,NVIDIA L20Z,71306,81559,42,48,283.14
2026-09-15T12:29:29.388059Z,7,NVIDIA L20Z,70666,81559,85,56,332.47
2026-09-15T12:29:34.556284Z,0,NVIDIA L20Z,4,81559,0,34,70.35
2026-09-15T12:29:34.556284Z,1,NVIDIA L20Z,4,81559,0,32,70.19
2026-09-15T12:29:34.556284Z,2,NVIDIA L20Z,4,81559,0,35,71.34
2026-09-15T12:29:34.556284Z,3,NVIDIA L20Z,4,81559,0,33,73.39
2026-09-15T12:29:34.556284Z,4,NVIDIA L20Z,72262,81559,0,36,125.92
2026-09-15T12:29:34.556284Z,5,NVIDIA L20Z,71622,81559,0,43,129.77
2026-09-15T12:29:34.556284Z,6,NVIDIA L20Z,71306,81559,34,48,292.11
2026-09-15T12:29:34.556284Z,7,NVIDIA L20Z,70666,81559,82,56,338.95
2026-09-15T12:29:39.719216Z,0,NVIDIA L20Z,4,81559,0,34,70.39
2026-09-15T12:29:39.719216Z,1,NVIDIA L20Z,4,81559,0,32,70.19
2026-09-15T12:29:39.719216Z,2,NVIDIA L20Z,4,81559,0,35,88.98
2026-09-15T12:29:39.719216Z,3,NVIDIA L20Z,4,81559,0,34,125.25
2026-09-15T12:29:39.719216Z,4,NVIDIA L20Z,72262,81559,0,35,125.31
2026-09-15T12:29:39.719216Z,5,NVIDIA L20Z,71622,81559,0,43,129.63
2026-09-15T12:29:39.719216Z,6,NVIDIA L20Z,71306,81559,88,51,370.74
2026-09-15T12:29:39.719216Z,7,NVIDIA L20Z,70666,81559,29,55,323.99
2026-09-15T12:29:45.120678Z,0,NVIDIA L20Z,4,81559,0,34,70.38
2026-09-15T12:29:45.120678Z,1,NVIDIA L20Z,4,81559,0,31,70.13
2026-09-15T12:29:45.120678Z,2,NVIDIA L20Z,4,81559,0,35,71.34
2026-09-15T12:29:45.120678Z,3,NVIDIA L20Z,4,81559,0,33,73.65
2026-09-15T12:29:45.120678Z,4,NVIDIA L20Z,72262,81559,0,35,125.72
2026-09-15T12:29:45.120678Z,5,NVIDIA L20Z,71622,81559,0,42,129.38
2026-09-15T12:29:45.120678Z,6,NVIDIA L20Z,71306,81559,79,50,296.27
2026-09-15T12:29:45.120678Z,7,NVIDIA L20Z,70666,81559,48,55,319.55
2026-09-15T12:29:50.337470Z,0,NVIDIA L20Z,4,81559,0,34,70.31
2026-09-15T12:29:50.337470Z,1,NVIDIA L20Z,4,81559,0,31,70.08
2026-09-15T12:29:50.337470Z,2,NVIDIA L20Z,4,81559,0,35,71.34
2026-09-15T12:29:50.337470Z,3,NVIDIA L20Z,4,81559,0,33,73.61
2026-09-15T12:29:50.337470Z,4,NVIDIA L20Z,72262,81559,0,37,233.25
2026-09-15T12:29:50.337470Z,5,NVIDIA L20Z,71622,81559,0,44,246.93
2026-09-15T12:29:50.337470Z,6,NVIDIA L20Z,71306,81559,58,50,330.28
2026-09-15T12:29:50.337470Z,7,NVIDIA L20Z,70666,81559,57,56,342.49
2026-09-15T12:29:55.501442Z,0,NVIDIA L20Z,4,81559,0,34,70.32
2026-09-15T12:29:55.501442Z,1,NVIDIA L20Z,4,81559,0,31,70.10
2026-09-15T12:29:55.501442Z,2,NVIDIA L20Z,4,81559,0,35,71.28
2026-09-15T12:29:55.501442Z,3,NVIDIA L20Z,4,81559,0,33,73.52
2026-09-15T12:29:55.501442Z,4,NVIDIA L20Z,72262,81559,0,36,122.57
2026-09-15T12:29:55.501442Z,5,NVIDIA L20Z,71622,81559,0,42,125.18
2026-09-15T12:29:55.501442Z,6,NVIDIA L20Z,71306,81559,48,50,322.81
2026-09-15T12:29:55.501442Z,7,NVIDIA L20Z,70666,81559,35,55,306.96
2026-09-15T12:30:00.668482Z,0,NVIDIA L20Z,4,81559,0,34,70.30
2026-09-15T12:30:00.668482Z,1,NVIDIA L20Z,4,81559,0,31,69.98
2026-09-15T12:30:00.668482Z,2,NVIDIA L20Z,4,81559,0,35,71.48
2026-09-15T12:30:00.668482Z,3,NVIDIA L20Z,4,81559,0,32,73.49
2026-09-15T12:30:00.668482Z,4,NVIDIA L20Z,72264,81559,32,42,300.47
2026-09-15T12:30:00.668482Z,5,NVIDIA L20Z,71624,81559,33,50,368.15
2026-09-15T12:30:00.668482Z,6,NVIDIA L20Z,71306,81559,61,49,345.80
2026-09-15T12:30:00.668482Z,7,NVIDIA L20Z,70666,81559,86,55,319.29
2026-09-15T12:30:05.830114Z,0,NVIDIA L20Z,4,81559,0,34,70.25
2026-09-15T12:30:05.830114Z,1,NVIDIA L20Z,4,81559,0,31,69.96
2026-09-15T12:30:05.830114Z,2,NVIDIA L20Z,4,81559,0,34,71.26
2026-09-15T12:30:05.830114Z,3,NVIDIA L20Z,4,81559,0,32,73.50
2026-09-15T12:30:05.830114Z,4,NVIDIA L20Z,72264,81559,91,43,330.48
2026-09-15T12:30:05.830114Z,5,NVIDIA L20Z,71624,81559,55,47,265.56
2026-09-15T12:30:05.830114Z,6,NVIDIA L20Z,71306,81559,66,50,355.29
2026-09-15T12:30:05.830114Z,7,NVIDIA L20Z,70666,81559,53,55,309.39
2026-09-15T12:30:11.029754Z,0,NVIDIA L20Z,3695,81559,81,38,160.02
2026-09-15T12:30:11.029754Z,1,NVIDIA L20Z,4629,81559,100,46,568.51
2026-09-15T12:30:11.029754Z,2,NVIDIA L20Z,4,81559,0,34,71.27
2026-09-15T12:30:11.029754Z,3,NVIDIA L20Z,4,81559,0,32,73.46
2026-09-15T12:30:11.029754Z,4,NVIDIA L20Z,72264,81559,93,48,376.37
2026-09-15T12:30:11.029754Z,5,NVIDIA L20Z,71624,81559,30,49,306.33
2026-09-15T12:30:11.029754Z,6,NVIDIA L20Z,71306,81559,31,49,322.98
2026-09-15T12:30:11.029754Z,7,NVIDIA L20Z,70666,81559,88,57,339.39
2026-09-15T12:30:16.192590Z,0,NVIDIA L20Z,4501,81559,100,49,592.27
2026-09-15T12:30:16.192590Z,1,NVIDIA L20Z,8023,81559,100,50,588.82
2026-09-15T12:30:16.192590Z,2,NVIDIA L20Z,2977,81559,25,40,348.77
2026-09-15T12:30:16.192590Z,3,NVIDIA L20Z,4,81559,0,32,73.46
2026-09-15T12:30:16.192590Z,4,NVIDIA L20Z,72264,81559,28,46,383.20
2026-09-15T12:30:16.192590Z,5,NVIDIA L20Z,71626,81559,68,52,310.68
2026-09-15T12:30:16.192590Z,6,NVIDIA L20Z,71308,81559,53,49,332.61
2026-09-15T12:30:16.192590Z,7,NVIDIA L20Z,70668,81559,75,57,338.04
2026-09-15T12:30:21.353496Z,0,NVIDIA L20Z,5705,81559,88,55,624.77
2026-09-15T12:30:21.353496Z,1,NVIDIA L20Z,4,81559,20,39,124.18
2026-09-15T12:30:21.353496Z,2,NVIDIA L20Z,3321,81559,0,38,138.46
2026-09-15T12:30:21.353496Z,3,NVIDIA L20Z,4,81559,0,32,73.38
2026-09-15T12:30:21.353496Z,4,NVIDIA L20Z,72266,81559,31,47,343.70
2026-09-15T12:30:21.353496Z,5,NVIDIA L20Z,71626,81559,74,55,446.51
2026-09-15T12:30:21.353496Z,6,NVIDIA L20Z,71308,81559,79,49,298.86
2026-09-15T12:30:21.353496Z,7,NVIDIA L20Z,70668,81559,51,56,312.84
2026-09-15T12:30:26.595685Z,0,NVIDIA L20Z,5705,81559,87,57,605.16
2026-09-15T12:30:26.595685Z,1,NVIDIA L20Z,4,81559,0,36,121.92
2026-09-15T12:30:26.595685Z,2,NVIDIA L20Z,4,81559,0,36,71.41
2026-09-15T12:30:26.595685Z,3,NVIDIA L20Z,4,81559,0,32,73.39
2026-09-15T12:30:26.595685Z,4,NVIDIA L20Z,72266,81559,92,48,484.34
2026-09-15T12:30:26.595685Z,5,NVIDIA L20Z,71626,81559,92,54,443.97
2026-09-15T12:30:26.595685Z,6,NVIDIA L20Z,71308,81559,82,48,303.48
2026-09-15T12:30:26.595685Z,7,NVIDIA L20Z,70668,81559,39,56,305.91
2026-09-15T12:30:31.902917Z,0,NVIDIA L20Z,5705,81559,100,59,589.16
2026-09-15T12:30:31.902917Z,1,NVIDIA L20Z,4,81559,0,34,70.69
2026-09-15T12:30:31.902917Z,2,NVIDIA L20Z,4,81559,0,35,71.39
2026-09-15T12:30:31.902917Z,3,NVIDIA L20Z,4,81559,0,32,73.47
2026-09-15T12:30:31.902917Z,4,NVIDIA L20Z,72266,81559,91,52,519.85
2026-09-15T12:30:31.902917Z,5,NVIDIA L20Z,71626,81559,29,55,423.32
2026-09-15T12:30:31.902917Z,6,NVIDIA L20Z,71308,81559,43,48,307.25
2026-09-15T12:30:31.902917Z,7,NVIDIA L20Z,70668,81559,81,57,333.76
2026-09-15T12:30:37.341504Z,0,NVIDIA L20Z,4,81559,0,42,71.63
2026-09-15T12:30:37.341504Z,1,NVIDIA L20Z,4,81559,0,33,70.60
2026-09-15T12:30:37.341504Z,2,NVIDIA L20Z,4,81559,0,35,71.16
2026-09-15T12:30:37.341504Z,3,NVIDIA L20Z,4,81559,0,32,73.41
2026-09-15T12:30:37.341504Z,4,NVIDIA L20Z,72266,81559,92,49,362.87
2026-09-15T12:30:37.341504Z,5,NVIDIA L20Z,71626,81559,40,53,355.33
2026-09-15T12:30:37.341504Z,6,NVIDIA L20Z,71308,81559,64,49,287.01
2026-09-15T12:30:37.341504Z,7,NVIDIA L20Z,70668,81559,74,57,321.98
2026-09-15T12:30:42.507446Z,0,NVIDIA L20Z,4,81559,0,40,71.18
2026-09-15T12:30:42.507446Z,1,NVIDIA L20Z,4,81559,0,33,70.76
2026-09-15T12:30:42.507446Z,2,NVIDIA L20Z,4,81559,0,35,71.34
2026-09-15T12:30:42.507446Z,3,NVIDIA L20Z,4,81559,0,32,73.41
2026-09-15T12:30:42.507446Z,4,NVIDIA L20Z,72266,81559,90,48,400.70
2026-09-15T12:30:42.507446Z,5,NVIDIA L20Z,71626,81559,41,56,344.98
2026-09-15T12:30:42.507446Z,6,NVIDIA L20Z,71308,81559,82,49,338.87
2026-09-15T12:30:42.507446Z,7,NVIDIA L20Z,70668,81559,85,57,344.79
2026-09-15T12:30:47.670649Z,0,NVIDIA L20Z,4,81559,0,39,70.99
2026-09-15T12:30:47.670649Z,1,NVIDIA L20Z,4,81559,0,32,70.50
2026-09-15T12:30:47.670649Z,2,NVIDIA L20Z,4,81559,0,35,71.19
2026-09-15T12:30:47.670649Z,3,NVIDIA L20Z,4,81559,0,32,73.38
2026-09-15T12:30:47.670649Z,4,NVIDIA L20Z,72266,81559,30,48,296.19
2026-09-15T12:30:47.670649Z,5,NVIDIA L20Z,71626,81559,91,60,409.99
2026-09-15T12:30:47.670649Z,6,NVIDIA L20Z,71308,81559,67,49,297.34
2026-09-15T12:30:47.670649Z,7,NVIDIA L20Z,70668,81559,41,55,322.86
2026-09-15T12:30:52.930230Z,0,NVIDIA L20Z,4,81559,0,38,70.90
2026-09-15T12:30:52.930230Z,1,NVIDIA L20Z,4,81559,0,32,70.42
2026-09-15T12:30:52.930230Z,2,NVIDIA L20Z,4,81559,0,34,71.05
2026-09-15T12:30:52.930230Z,3,NVIDIA L20Z,4,81559,0,32,73.36
2026-09-15T12:30:52.930230Z,4,NVIDIA L20Z,72266,81559,92,49,446.21
2026-09-15T12:30:52.930230Z,5,NVIDIA L20Z,71626,81559,92,57,463.24
2026-09-15T12:30:52.930230Z,6,NVIDIA L20Z,71308,81559,86,50,370.14
2026-09-15T12:30:52.930230Z,7,NVIDIA L20Z,70668,81559,84,57,355.66
2026-09-15T12:30:58.128796Z,0,NVIDIA L20Z,4,81559,0,37,70.73
2026-09-15T12:30:58.128796Z,1,NVIDIA L20Z,4,81559,0,32,70.32
2026-09-15T12:30:58.128796Z,2,NVIDIA L20Z,4,81559,0,34,71.20
2026-09-15T12:30:58.128796Z,3,NVIDIA L20Z,4,81559,0,32,73.41
2026-09-15T12:30:58.128796Z,4,NVIDIA L20Z,72266,81559,35,49,317.53
2026-09-15T12:30:58.128796Z,5,NVIDIA L20Z,71626,81559,36,56,444.06
2026-09-15T12:30:58.128796Z,6,NVIDIA L20Z,71308,81559,72,49,320.12
2026-09-15T12:30:58.128796Z,7,NVIDIA L20Z,70668,81559,82,56,303.34
2026-09-15T12:31:03.308726Z,0,NVIDIA L20Z,4,81559,0,37,70.55
2026-09-15T12:31:03.308726Z,1,NVIDIA L20Z,4,81559,0,32,70.26
2026-09-15T12:31:03.308726Z,2,NVIDIA L20Z,4,81559,0,34,71.08
2026-09-15T12:31:03.308726Z,3,NVIDIA L20Z,4,81559,0,32,73.35
2026-09-15T12:31:03.308726Z,4,NVIDIA L20Z,72266,81559,61,51,364.45
2026-09-15T12:31:03.308726Z,5,NVIDIA L20Z,71626,81559,79,60,397.54
2026-09-15T12:31:03.308726Z,6,NVIDIA L20Z,71308,81559,40,49,323.41
2026-09-15T12:31:03.308726Z,7,NVIDIA L20Z,70668,81559,63,55,312.99
2026-09-15T12:31:08.479800Z,0,NVIDIA L20Z,4,81559,0,36,70.44
2026-09-15T12:31:08.479800Z,1,NVIDIA L20Z,4,81559,0,31,70.18
2026-09-15T12:31:08.479800Z,2,NVIDIA L20Z,4,81559,0,34,71.20
2026-09-15T12:31:08.479800Z,3,NVIDIA L20Z,4,81559,0,32,73.38
2026-09-15T12:31:08.479800Z,4,NVIDIA L20Z,72266,81559,92,51,449.24
2026-09-15T12:31:08.479800Z,5,NVIDIA L20Z,71626,81559,94,58,443.71
2026-09-15T12:31:08.479800Z,6,NVIDIA L20Z,71310,81559,81,49,317.74
2026-09-15T12:31:08.479800Z,7,NVIDIA L20Z,70670,81559,45,54,298.70
2026-09-15T12:31:13.652164Z,0,NVIDIA L20Z,4,81559,0,36,70.35
2026-09-15T12:31:13.652164Z,1,NVIDIA L20Z,4,81559,0,31,70.20
2026-09-15T12:31:13.652164Z,2,NVIDIA L20Z,4,81559,0,34,71.14
2026-09-15T12:31:13.652164Z,3,NVIDIA L20Z,4,81559,0,32,73.36
2026-09-15T12:31:13.652164Z,4,NVIDIA L20Z,72266,81559,49,49,361.40
2026-09-15T12:31:13.652164Z,5,NVIDIA L20Z,71626,81559,87,62,446.50
2026-09-15T12:31:13.652164Z,6,NVIDIA L20Z,71310,81559,76,50,331.58
2026-09-15T12:31:13.652164Z,7,NVIDIA L20Z,70670,81559,38,55,295.65
2026-09-15T12:31:18.923191Z,0,NVIDIA L20Z,4,81559,0,35,70.24
2026-09-15T12:31:18.923191Z,1,NVIDIA L20Z,4,81559,0,31,70.14
2026-09-15T12:31:18.923191Z,2,NVIDIA L20Z,4,81559,0,34,71.09
2026-09-15T12:31:18.923191Z,3,NVIDIA L20Z,4,81559,0,32,73.36
2026-09-15T12:31:18.923191Z,4,NVIDIA L20Z,72266,81559,65,52,442.97
2026-09-15T12:31:18.923191Z,5,NVIDIA L20Z,71626,81559,47,59,368.48
2026-09-15T12:31:18.923191Z,6,NVIDIA L20Z,71310,81559,19,48,273.30
2026-09-15T12:31:18.923191Z,7,NVIDIA L20Z,70670,81559,5,56,329.79
2026-09-15T12:31:24.154218Z,0,NVIDIA L20Z,4,81559,0,35,70.14
2026-09-15T12:31:24.154218Z,1,NVIDIA L20Z,4,81559,0,31,70.09
2026-09-15T12:31:24.154218Z,2,NVIDIA L20Z,4,81559,0,34,71.08
2026-09-15T12:31:24.154218Z,3,NVIDIA L20Z,4,81559,0,32,73.35
2026-09-15T12:31:24.154218Z,4,NVIDIA L20Z,72266,81559,91,53,478.23
2026-09-15T12:31:24.154218Z,5,NVIDIA L20Z,71626,81559,91,61,423.64
2026-09-15T12:31:24.154218Z,6,NVIDIA L20Z,71310,81559,52,48,324.52
2026-09-15T12:31:24.154218Z,7,NVIDIA L20Z,70670,81559,82,57,373.52
2026-09-15T12:31:29.387966Z,0,NVIDIA L20Z,4,81559,0,35,70.06
2026-09-15T12:31:29.387966Z,1,NVIDIA L20Z,4,81559,0,31,70.02
2026-09-15T12:31:29.387966Z,2,NVIDIA L20Z,4,81559,0,34,71.08
2026-09-15T12:31:29.387966Z,3,NVIDIA L20Z,4,81559,0,32,73.33
2026-09-15T12:31:29.387966Z,4,NVIDIA L20Z,72266,81559,70,55,488.53
2026-09-15T12:31:29.387966Z,5,NVIDIA L20Z,71626,81559,78,59,370.11
2026-09-15T12:31:29.387966Z,6,NVIDIA L20Z,71310,81559,86,49,342.27
2026-09-15T12:31:29.387966Z,7,NVIDIA L20Z,70670,81559,85,57,343.65
2026-09-15T12:31:34.601976Z,0,NVIDIA L20Z,4,81559,0,34,70.01
2026-09-15T12:31:34.601976Z,1,NVIDIA L20Z,4,81559,0,31,70.03
2026-09-15T12:31:34.601976Z,2,NVIDIA L20Z,4,81559,0,34,70.75
2026-09-15T12:31:34.601976Z,3,NVIDIA L20Z,4,81559,0,32,73.35
2026-09-15T12:31:34.601976Z,4,NVIDIA L20Z,72266,81559,69,56,501.19
2026-09-15T12:31:34.601976Z,5,NVIDIA L20Z,71626,81559,51,59,362.73
2026-09-15T12:31:34.601976Z,6,NVIDIA L20Z,71310,81559,42,49,326.22
2026-09-15T12:31:34.601976Z,7,NVIDIA L20Z,70670,81559,32,55,321.26
2026-09-15T12:31:39.769013Z,0,NVIDIA L20Z,4,81559,0,34,92.51
2026-09-15T12:31:39.769013Z,1,NVIDIA L20Z,4,81559,0,32,119.65
2026-09-15T12:31:39.769013Z,2,NVIDIA L20Z,4,81559,0,34,70.78
2026-09-15T12:31:39.769013Z,3,NVIDIA L20Z,4,81559,0,32,73.32
2026-09-15T12:31:39.769013Z,4,NVIDIA L20Z,72266,81559,93,53,482.44
2026-09-15T12:31:39.769013Z,5,NVIDIA L20Z,71626,81559,90,61,480.17
2026-09-15T12:31:39.769013Z,6,NVIDIA L20Z,71310,81559,84,48,361.54
2026-09-15T12:31:39.769013Z,7,NVIDIA L20Z,70670,81559,84,55,378.53
2026-09-15T12:31:45.016550Z,0,NVIDIA L20Z,4,81559,0,34,70.39
2026-09-15T12:31:45.016550Z,1,NVIDIA L20Z,4,81559,0,31,70.07
2026-09-15T12:31:45.016550Z,2,NVIDIA L20Z,4,81559,0,34,71.13
2026-09-15T12:31:45.016550Z,3,NVIDIA L20Z,4,81559,0,32,73.44
2026-09-15T12:31:45.016550Z,4,NVIDIA L20Z,72266,81559,75,55,483.34
2026-09-15T12:31:45.016550Z,5,NVIDIA L20Z,71626,81559,71,61,362.58
2026-09-15T12:31:45.016550Z,6,NVIDIA L20Z,71310,81559,47,48,284.00
2026-09-15T12:31:45.016550Z,7,NVIDIA L20Z,70670,81559,67,55,305.82
2026-09-15T12:31:50.355715Z,0,NVIDIA L20Z,4,81559,0,34,70.36
2026-09-15T12:31:50.355715Z,1,NVIDIA L20Z,4,81559,0,30,70.01
2026-09-15T12:31:50.355715Z,2,NVIDIA L20Z,4,81559,0,34,70.74
2026-09-15T12:31:50.355715Z,3,NVIDIA L20Z,4,81559,0,32,73.36
2026-09-15T12:31:50.355715Z,4,NVIDIA L20Z,72266,81559,69,53,425.33
2026-09-15T12:31:50.355715Z,5,NVIDIA L20Z,71626,81559,54,61,343.17
2026-09-15T12:31:50.355715Z,6,NVIDIA L20Z,71310,81559,40,48,381.59
2026-09-15T12:31:50.355715Z,7,NVIDIA L20Z,70670,81559,79,57,399.11
2026-09-15T12:31:55.524733Z,0,NVIDIA L20Z,4,81559,0,34,70.29
2026-09-15T12:31:55.524733Z,1,NVIDIA L20Z,4,81559,0,30,69.99
2026-09-15T12:31:55.524733Z,2,NVIDIA L20Z,4,81559,0,34,70.99
2026-09-15T12:31:55.524733Z,3,NVIDIA L20Z,4,81559,0,32,73.36
2026-09-15T12:31:55.524733Z,4,NVIDIA L20Z,72266,81559,93,55,554.99
2026-09-15T12:31:55.524733Z,5,NVIDIA L20Z,71626,81559,93,64,557.02
2026-09-15T12:31:55.524733Z,6,NVIDIA L20Z,71310,81559,53,49,326.85
2026-09-15T12:31:55.524733Z,7,NVIDIA L20Z,70670,81559,28,55,285.71
2026-09-15T12:32:00.700479Z,0,NVIDIA L20Z,4,81559,0,33,70.25
2026-09-15T12:32:00.700479Z,1,NVIDIA L20Z,4,81559,0,30,70.03
2026-09-15T12:32:00.700479Z,2,NVIDIA L20Z,4,81559,0,33,70.98
2026-09-15T12:32:00.700479Z,3,NVIDIA L20Z,4,81559,0,32,73.33
2026-09-15T12:32:00.700479Z,4,NVIDIA L20Z,72266,81559,35,51,388.42
2026-09-15T12:32:00.700479Z,5,NVIDIA L20Z,71626,81559,57,64,493.21
2026-09-15T12:32:00.700479Z,6,NVIDIA L20Z,71310,81559,35,48,280.75
2026-09-15T12:32:00.700479Z,7,NVIDIA L20Z,70670,81559,77,57,327.72
2026-09-15T12:32:05.863891Z,0,NVIDIA L20Z,4,81559,0,33,70.20
2026-09-15T12:32:05.863891Z,1,NVIDIA L20Z,4,81559,0,30,69.96
2026-09-15T12:32:05.863891Z,2,NVIDIA L20Z,4,81559,0,33,70.88
2026-09-15T12:32:05.863891Z,3,NVIDIA L20Z,4,81559,0,32,73.28
2026-09-15T12:32:05.863891Z,4,NVIDIA L20Z,72266,81559,43,51,359.75
2026-09-15T12:32:05.863891Z,5,NVIDIA L20Z,71626,81559,82,65,518.91
2026-09-15T12:32:05.863891Z,6,NVIDIA L20Z,71312,81559,56,48,304.50
2026-09-15T12:32:05.863891Z,7,NVIDIA L20Z,70672,81559,63,55,318.42
2026-09-15T12:32:11.052164Z,0,NVIDIA L20Z,4,81559,0,33,70.16
2026-09-15T12:32:11.052164Z,1,NVIDIA L20Z,4,81559,0,30,69.98
2026-09-15T12:32:11.052164Z,2,NVIDIA L20Z,4,81559,0,33,70.89
2026-09-15T12:32:11.052164Z,3,NVIDIA L20Z,4,81559,0,32,73.25
2026-09-15T12:32:11.052164Z,4,NVIDIA L20Z,72266,81559,31,51,415.67
2026-09-15T12:32:11.052164Z,5,NVIDIA L20Z,71626,81559,80,66,508.38
2026-09-15T12:32:11.052164Z,6,NVIDIA L20Z,71312,81559,83,49,319.76
2026-09-15T12:32:11.052164Z,7,NVIDIA L20Z,70672,81559,51,55,320.63
2026-09-15T12:32:16.233923Z,0,NVIDIA L20Z,4,81559,0,33,70.12
2026-09-15T12:32:16.233923Z,1,NVIDIA L20Z,4,81559,0,30,69.92
2026-09-15T12:32:16.233923Z,2,NVIDIA L20Z,4,81559,0,33,70.93
2026-09-15T12:32:16.233923Z,3,NVIDIA L20Z,4,81559,0,32,73.27
2026-09-15T12:32:16.233923Z,4,NVIDIA L20Z,72266,81559,6,48,288.39
2026-09-15T12:32:16.233923Z,5,NVIDIA L20Z,71626,81559,43,63,431.26
2026-09-15T12:32:16.233923Z,6,NVIDIA L20Z,71312,81559,84,50,374.80
2026-09-15T12:32:16.233923Z,7,NVIDIA L20Z,70672,81559,31,54,288.52
2026-09-15T12:32:21.395175Z,0,NVIDIA L20Z,4,81559,0,33,70.11
2026-09-15T12:32:21.395175Z,1,NVIDIA L20Z,4,81559,0,30,69.86
2026-09-15T12:32:21.395175Z,2,NVIDIA L20Z,4,81559,0,33,70.91
2026-09-15T12:32:21.395175Z,3,NVIDIA L20Z,4,81559,0,32,73.25
2026-09-15T12:32:21.395175Z,4,NVIDIA L20Z,72266,81559,93,51,458.24
2026-09-15T12:32:21.395175Z,5,NVIDIA L20Z,71626,81559,94,63,465.87
2026-09-15T12:32:21.395175Z,6,NVIDIA L20Z,71312,81559,84,50,365.58
2026-09-15T12:32:21.395175Z,7,NVIDIA L20Z,70672,81559,39,55,289.88
2026-09-15T12:32:26.579899Z,0,NVIDIA L20Z,4,81559,0,33,70.09
2026-09-15T12:32:26.579899Z,1,NVIDIA L20Z,4,81559,0,30,69.85
2026-09-15T12:32:26.579899Z,2,NVIDIA L20Z,4,81559,0,33,70.88
2026-09-15T12:32:26.579899Z,3,NVIDIA L20Z,4,81559,0,32,73.25
2026-09-15T12:32:26.579899Z,4,NVIDIA L20Z,72266,81559,35,49,333.63
2026-09-15T12:32:26.579899Z,5,NVIDIA L20Z,71626,81559,85,64,462.33
2026-09-15T12:32:26.579899Z,6,NVIDIA L20Z,71312,81559,72,48,353.67
2026-09-15T12:32:26.579899Z,7,NVIDIA L20Z,70672,81559,40,55,299.67
2026-09-15T12:32:31.743277Z,0,NVIDIA L20Z,4,81559,0,33,70.11
2026-09-15T12:32:31.743277Z,1,NVIDIA L20Z,4,81559,0,30,69.88
2026-09-15T12:32:31.743277Z,2,NVIDIA L20Z,4,81559,0,33,70.83
2026-09-15T12:32:31.743277Z,3,NVIDIA L20Z,4,81559,0,32,73.17
2026-09-15T12:32:31.743277Z,4,NVIDIA L20Z,72266,81559,61,50,356.67
2026-09-15T12:32:31.743277Z,5,NVIDIA L20Z,71626,81559,73,63,392.26
2026-09-15T12:32:31.743277Z,6,NVIDIA L20Z,71312,81559,48,48,300.04
2026-09-15T12:32:31.743277Z,7,NVIDIA L20Z,70672,81559,72,55,339.48
2026-09-15T12:32:37.045402Z,0,NVIDIA L20Z,4,81559,0,33,70.04
2026-09-15T12:32:37.045402Z,1,NVIDIA L20Z,4,81559,0,30,69.86
2026-09-15T12:32:37.045402Z,2,NVIDIA L20Z,4,81559,0,33,70.98
2026-09-15T12:32:37.045402Z,3,NVIDIA L20Z,4,81559,0,32,73.18
2026-09-15T12:32:37.045402Z,4,NVIDIA L20Z,72266,81559,96,54,479.73
2026-09-15T12:32:37.045402Z,5,NVIDIA L20Z,71626,81559,57,62,471.33
2026-09-15T12:32:37.045402Z,6,NVIDIA L20Z,71312,81559,57,48,321.36
2026-09-15T12:32:37.045402Z,7,NVIDIA L20Z,70672,81559,27,52,270.70
2026-09-15T12:32:42.213795Z,0,NVIDIA L20Z,4,81559,0,33,70.00
2026-09-15T12:32:42.213795Z,1,NVIDIA L20Z,4,81559,0,30,69.89
2026-09-15T12:32:42.213795Z,2,NVIDIA L20Z,4,81559,0,33,71.22
2026-09-15T12:32:42.213795Z,3,NVIDIA L20Z,4,81559,0,32,73.18
2026-09-15T12:32:42.213795Z,4,NVIDIA L20Z,72266,81559,74,54,399.03
2026-09-15T12:32:42.213795Z,5,NVIDIA L20Z,71626,81559,41,61,360.62
2026-09-15T12:32:42.213795Z,6,NVIDIA L20Z,71312,81559,72,49,291.77
2026-09-15T12:32:42.213795Z,7,NVIDIA L20Z,70672,81559,28,54,235.51
2026-09-15T12:32:47.375717Z,0,NVIDIA L20Z,4,81559,0,33,70.04
2026-09-15T12:32:47.375717Z,1,NVIDIA L20Z,4,81559,0,30,69.88
2026-09-15T12:32:47.375717Z,2,NVIDIA L20Z,4,81559,0,33,71.13
2026-09-15T12:32:47.375717Z,3,NVIDIA L20Z,4,81559,0,32,73.16
2026-09-15T12:32:47.375717Z,4,NVIDIA L20Z,72266,81559,91,53,467.55
2026-09-15T12:32:47.375717Z,5,NVIDIA L20Z,71626,81559,90,62,401.21
2026-09-15T12:32:47.375717Z,6,NVIDIA L20Z,71312,81559,22,49,313.14
2026-09-15T12:32:47.375717Z,7,NVIDIA L20Z,70672,81559,13,52,251.36
2026-09-15T12:32:52.561716Z,0,NVIDIA L20Z,4,81559,0,33,107.95
2026-09-15T12:32:52.561716Z,1,NVIDIA L20Z,4,81559,0,31,89.19
2026-09-15T12:32:52.561716Z,2,NVIDIA L20Z,4,81559,0,33,71.19
2026-09-15T12:32:52.561716Z,3,NVIDIA L20Z,4,81559,0,32,73.21
2026-09-15T12:32:52.561716Z,4,NVIDIA L20Z,72266,81559,25,53,436.96
2026-09-15T12:32:52.561716Z,5,NVIDIA L20Z,71626,81559,15,61,341.24
2026-09-15T12:32:52.561716Z,6,NVIDIA L20Z,71312,81559,70,50,387.10
2026-09-15T12:32:52.561716Z,7,NVIDIA L20Z,70672,81559,42,55,361.13
2026-09-15T12:32:57.725557Z,0,NVIDIA L20Z,4,81559,0,33,70.16
2026-09-15T12:32:57.725557Z,1,NVIDIA L20Z,4,81559,0,30,69.87
2026-09-15T12:32:57.725557Z,2,NVIDIA L20Z,4,81559,0,33,71.32
2026-09-15T12:32:57.725557Z,3,NVIDIA L20Z,4,81559,0,32,106.61
2026-09-15T12:32:57.725557Z,4,NVIDIA L20Z,72266,81559,85,54,467.69
2026-09-15T12:32:57.725557Z,5,NVIDIA L20Z,71626,81559,35,62,375.85
2026-09-15T12:32:57.725557Z,6,NVIDIA L20Z,71312,81559,80,50,335.39
2026-09-15T12:32:57.725557Z,7,NVIDIA L20Z,70672,81559,37,53,259.79
2026-09-15T12:33:03.010791Z,0,NVIDIA L20Z,4,81559,0,33,70.10
2026-09-15T12:33:03.010791Z,1,NVIDIA L20Z,4,81559,0,30,69.87
2026-09-15T12:33:03.010791Z,2,NVIDIA L20Z,4,81559,0,33,71.28
2026-09-15T12:33:03.010791Z,3,NVIDIA L20Z,4,81559,0,32,73.28
2026-09-15T12:33:03.010791Z,4,NVIDIA L20Z,72266,81559,80,55,532.87
2026-09-15T12:33:03.010791Z,5,NVIDIA L20Z,71626,81559,93,62,552.43
2026-09-15T12:33:03.010791Z,6,NVIDIA L20Z,71312,81559,29,50,360.97
2026-09-15T12:33:03.010791Z,7,NVIDIA L20Z,70672,81559,15,53,336.39
2026-09-15T12:33:08.173533Z,0,NVIDIA L20Z,4,81559,0,33,70.05
2026-09-15T12:33:08.173533Z,1,NVIDIA L20Z,4,81559,0,30,69.87
2026-09-15T12:33:08.173533Z,2,NVIDIA L20Z,4,81559,0,33,71.25
2026-09-15T12:33:08.173533Z,3,NVIDIA L20Z,4,81559,0,32,73.26
2026-09-15T12:33:08.173533Z,4,NVIDIA L20Z,72266,81559,77,54,434.04
2026-09-15T12:33:08.173533Z,5,NVIDIA L20Z,71626,81559,67,61,343.33
2026-09-15T12:33:08.173533Z,6,NVIDIA L20Z,71312,81559,81,50,353.03
2026-09-15T12:33:08.173533Z,7,NVIDIA L20Z,70672,81559,41,54,276.93
2026-09-15T12:33:13.356283Z,0,NVIDIA L20Z,4,81559,0,33,70.06
2026-09-15T12:33:13.356283Z,1,NVIDIA L20Z,4,81559,0,30,69.92
2026-09-15T12:33:13.356283Z,2,NVIDIA L20Z,4,81559,0,33,71.24
2026-09-15T12:33:13.356283Z,3,NVIDIA L20Z,4,81559,0,32,73.29
2026-09-15T12:33:13.356283Z,4,NVIDIA L20Z,72266,81559,94,53,474.25
2026-09-15T12:33:13.356283Z,5,NVIDIA L20Z,71626,81559,94,61,467.67
2026-09-15T12:33:13.356283Z,6,NVIDIA L20Z,71312,81559,86,51,360.74
2026-09-15T12:33:13.356283Z,7,NVIDIA L20Z,70672,81559,45,53,291.64
2026-09-15T12:33:18.540692Z,0,NVIDIA L20Z,4,81559,0,32,70.01
2026-09-15T12:33:18.540692Z,1,NVIDIA L20Z,4,81559,0,30,69.92
2026-09-15T12:33:18.540692Z,2,NVIDIA L20Z,4,81559,0,33,71.22
2026-09-15T12:33:18.540692Z,3,NVIDIA L20Z,4,81559,0,32,73.18
2026-09-15T12:33:18.540692Z,4,NVIDIA L20Z,72266,81559,0,45,129.29
2026-09-15T12:33:18.540692Z,5,NVIDIA L20Z,71626,81559,0,55,135.39
2026-09-15T12:33:18.540692Z,6,NVIDIA L20Z,71314,81559,92,51,392.75
2026-09-15T12:33:18.540692Z,7,NVIDIA L20Z,70674,81559,51,53,315.04
2026-09-15T12:33:23.709487Z,0,NVIDIA L20Z,4,81559,0,32,70.03
2026-09-15T12:33:23.709487Z,1,NVIDIA L20Z,4,81559,0,30,69.90
2026-09-15T12:33:23.709487Z,2,NVIDIA L20Z,4,81559,0,33,71.21
2026-09-15T12:33:23.709487Z,3,NVIDIA L20Z,4,81559,0,32,73.18
2026-09-15T12:33:23.709487Z,4,NVIDIA L20Z,72266,81559,0,43,127.05
2026-09-15T12:33:23.709487Z,5,NVIDIA L20Z,71626,81559,0,53,133.84
2026-09-15T12:33:23.709487Z,6,NVIDIA L20Z,71316,81559,85,51,375.04
2026-09-15T12:33:23.709487Z,7,NVIDIA L20Z,70676,81559,85,55,363.12
2026-09-15T12:33:28.865411Z,0,NVIDIA L20Z,4,81559,0,32,70.04
2026-09-15T12:33:28.865411Z,1,NVIDIA L20Z,4,81559,0,30,69.93
2026-09-15T12:33:28.865411Z,2,NVIDIA L20Z,4,81559,0,33,71.16
2026-09-15T12:33:28.865411Z,3,NVIDIA L20Z,4,81559,0,32,73.24
2026-09-15T12:33:28.865411Z,4,NVIDIA L20Z,72266,81559,0,42,126.12
2026-09-15T12:33:28.865411Z,5,NVIDIA L20Z,71626,81559,0,52,132.99
2026-09-15T12:33:28.865411Z,6,NVIDIA L20Z,71316,81559,83,51,377.54
2026-09-15T12:33:28.865411Z,7,NVIDIA L20Z,70676,81559,39,54,269.01
2026-09-15T12:33:34.018425Z,0,NVIDIA L20Z,4,81559,0,32,70.03
2026-09-15T12:33:34.018425Z,1,NVIDIA L20Z,4,81559,0,30,69.88
2026-09-15T12:33:34.018425Z,2,NVIDIA L20Z,4,81559,0,33,71.21
2026-09-15T12:33:34.018425Z,3,NVIDIA L20Z,4,81559,0,32,73.28
2026-09-15T12:33:34.018425Z,4,NVIDIA L20Z,72266,81559,0,40,125.26
2026-09-15T12:33:34.018425Z,5,NVIDIA L20Z,71626,81559,0,50,129.51
2026-09-15T12:33:34.018425Z,6,NVIDIA L20Z,71316,81559,96,52,357.35
2026-09-15T12:33:34.018425Z,7,NVIDIA L20Z,70676,81559,91,58,338.91
2026-09-15T12:33:39.224163Z,0,NVIDIA L20Z,4,81559,0,34,119.46
2026-09-15T12:33:39.224163Z,1,NVIDIA L20Z,4,81559,0,30,69.89
2026-09-15T12:33:39.224163Z,2,NVIDIA L20Z,4,81559,0,33,71.25
2026-09-15T12:33:39.224163Z,3,NVIDIA L20Z,4,81559,0,32,73.24
2026-09-15T12:33:39.224163Z,4,NVIDIA L20Z,72266,81559,0,40,124.62
2026-09-15T12:33:39.224163Z,5,NVIDIA L20Z,71626,81559,0,49,128.80
2026-09-15T12:33:39.224163Z,6,NVIDIA L20Z,71316,81559,90,51,354.19
2026-09-15T12:33:39.224163Z,7,NVIDIA L20Z,70676,81559,24,54,250.06
2026-09-15T12:33:44.474362Z,0,NVIDIA L20Z,4,81559,0,33,70.15
2026-09-15T12:33:44.474362Z,1,NVIDIA L20Z,4,81559,0,30,70.02
2026-09-15T12:33:44.474362Z,2,NVIDIA L20Z,4,81559,0,35,124.16
2026-09-15T12:33:44.474362Z,3,NVIDIA L20Z,4,81559,0,32,73.21
2026-09-15T12:33:44.474362Z,4,NVIDIA L20Z,72266,81559,0,39,123.97
2026-09-15T12:33:44.474362Z,5,NVIDIA L20Z,71626,81559,0,48,128.05
2026-09-15T12:33:44.474362Z,6,NVIDIA L20Z,71316,81559,50,51,361.14
2026-09-15T12:33:44.474362Z,7,NVIDIA L20Z,70676,81559,41,56,348.45
2026-09-15T12:33:49.812814Z,0,NVIDIA L20Z,4,81559,0,33,70.05
2026-09-15T12:33:49.812814Z,1,NVIDIA L20Z,4,81559,0,30,69.94
2026-09-15T12:33:49.812814Z,2,NVIDIA L20Z,4,81559,0,33,71.33
2026-09-15T12:33:49.812814Z,3,NVIDIA L20Z,4,81559,0,32,73.35
2026-09-15T12:33:49.812814Z,4,NVIDIA L20Z,72266,81559,0,38,127.91
2026-09-15T12:33:49.812814Z,5,NVIDIA L20Z,71626,81559,0,48,132.05
2026-09-15T12:33:49.812814Z,6,NVIDIA L20Z,71318,81559,75,50,322.37
2026-09-15T12:33:49.812814Z,7,NVIDIA L20Z,70678,81559,22,53,252.98
2026-09-15T12:33:54.971240Z,0,NVIDIA L20Z,4,81559,0,33,70.03
2026-09-15T12:33:54.971240Z,1,NVIDIA L20Z,4,81559,0,30,69.94
2026-09-15T12:33:54.971240Z,2,NVIDIA L20Z,4,81559,0,33,71.31
2026-09-15T12:33:54.971240Z,3,NVIDIA L20Z,4,81559,0,32,73.24
2026-09-15T12:33:54.971240Z,4,NVIDIA L20Z,72266,81559,0,38,127.54
2026-09-15T12:33:54.971240Z,5,NVIDIA L20Z,71626,81559,0,47,131.59
2026-09-15T12:33:54.971240Z,6,NVIDIA L20Z,71318,81559,6,49,334.82
2026-09-15T12:33:54.971240Z,7,NVIDIA L20Z,70678,81559,12,54,257.38
2026-09-15T12:34:00.203990Z,0,NVIDIA L20Z,4,81559,0,33,70.05
2026-09-15T12:34:00.203990Z,1,NVIDIA L20Z,4,81559,0,30,69.99
2026-09-15T12:34:00.203990Z,2,NVIDIA L20Z,4,81559,0,33,71.33
2026-09-15T12:34:00.203990Z,3,NVIDIA L20Z,4,81559,0,32,73.27
2026-09-15T12:34:00.203990Z,4,NVIDIA L20Z,72266,81559,0,37,127.16
2026-09-15T12:34:00.203990Z,5,NVIDIA L20Z,71626,81559,0,46,131.15
2026-09-15T12:34:00.203990Z,6,NVIDIA L20Z,71318,81559,43,50,283.66
2026-09-15T12:34:00.203990Z,7,NVIDIA L20Z,70678,81559,39,54,280.64
2026-09-15T12:34:05.362264Z,0,NVIDIA L20Z,4,81559,0,33,70.25
2026-09-15T12:34:05.362264Z,1,NVIDIA L20Z,4,81559,0,31,116.26
2026-09-15T12:34:05.362264Z,2,NVIDIA L20Z,4,81559,0,33,71.26
2026-09-15T12:34:05.362264Z,3,NVIDIA L20Z,4,81559,0,32,73.26
2026-09-15T12:34:05.362264Z,4,NVIDIA L20Z,72266,81559,0,37,126.96
2026-09-15T12:34:05.362264Z,5,NVIDIA L20Z,71626,81559,0,45,130.64
2026-09-15T12:34:05.362264Z,6,NVIDIA L20Z,71318,81559,37,48,282.76
2026-09-15T12:34:05.362264Z,7,NVIDIA L20Z,70678,81559,81,57,352.16
2026-09-15T12:34:10.656189Z,0,NVIDIA L20Z,4,81559,0,33,70.10
2026-09-15T12:34:10.656189Z,1,NVIDIA L20Z,4,81559,0,30,69.97
2026-09-15T12:34:10.656189Z,2,NVIDIA L20Z,4,81559,0,33,71.52
2026-09-15T12:34:10.656189Z,3,NVIDIA L20Z,4,81559,0,32,73.54
2026-09-15T12:34:10.656189Z,4,NVIDIA L20Z,72266,81559,0,37,126.75
2026-09-15T12:34:10.656189Z,5,NVIDIA L20Z,71626,81559,0,45,130.18
2026-09-15T12:34:10.656189Z,6,NVIDIA L20Z,71318,81559,81,50,391.76
2026-09-15T12:34:10.656189Z,7,NVIDIA L20Z,70678,81559,83,55,344.16
2026-09-15T12:34:16.016500Z,0,NVIDIA L20Z,4,81559,0,33,70.11
2026-09-15T12:34:16.016500Z,1,NVIDIA L20Z,4,81559,0,30,69.89
2026-09-15T12:34:16.016500Z,2,NVIDIA L20Z,4,81559,0,33,71.32
2026-09-15T12:34:16.016500Z,3,NVIDIA L20Z,4,81559,0,32,73.36
2026-09-15T12:34:16.016500Z,4,NVIDIA L20Z,72266,81559,0,40,396.39
2026-09-15T12:34:16.016500Z,5,NVIDIA L20Z,71626,81559,94,48,392.71
2026-09-15T12:34:16.016500Z,6,NVIDIA L20Z,71318,81559,85,51,366.14
2026-09-15T12:34:16.016500Z,7,NVIDIA L20Z,70678,81559,28,54,279.89
2026-09-15T12:34:21.215307Z,0,NVIDIA L20Z,4,81559,0,33,70.07
2026-09-15T12:34:21.215307Z,1,NVIDIA L20Z,4,81559,0,30,69.90
2026-09-15T12:34:21.215307Z,2,NVIDIA L20Z,4,81559,0,33,71.27
2026-09-15T12:34:21.215307Z,3,NVIDIA L20Z,4,81559,0,32,73.33
2026-09-15T12:34:21.215307Z,4,NVIDIA L20Z,72266,81559,0,37,123.91
2026-09-15T12:34:21.215307Z,5,NVIDIA L20Z,71626,81559,0,44,125.45
2026-09-15T12:34:21.215307Z,6,NVIDIA L20Z,71318,81559,70,51,343.07
2026-09-15T12:34:21.215307Z,7,NVIDIA L20Z,70678,81559,33,58,336.60
2026-09-15T12:34:26.375339Z,0,NVIDIA L20Z,4,81559,0,32,70.04
2026-09-15T12:34:26.375339Z,1,NVIDIA L20Z,4,81559,0,30,69.91
2026-09-15T12:34:26.375339Z,2,NVIDIA L20Z,4,81559,0,33,71.28
2026-09-15T12:34:26.375339Z,3,NVIDIA L20Z,4,81559,0,32,73.25
2026-09-15T12:34:26.375339Z,4,NVIDIA L20Z,72266,81559,0,36,122.82
2026-09-15T12:34:26.375339Z,5,NVIDIA L20Z,71626,81559,0,44,125.06
2026-09-15T12:34:26.375339Z,6,NVIDIA L20Z,71318,81559,91,51,355.17
2026-09-15T12:34:26.375339Z,7,NVIDIA L20Z,70678,81559,47,55,283.01
2026-09-15T12:34:31.711208Z,0,NVIDIA L20Z,4,81559,0,32,70.04
2026-09-15T12:34:31.711208Z,1,NVIDIA L20Z,4,81559,0,30,69.90
2026-09-15T12:34:31.711208Z,2,NVIDIA L20Z,4,81559,0,33,71.48
2026-09-15T12:34:31.711208Z,3,NVIDIA L20Z,4,81559,0,32,73.26
2026-09-15T12:34:31.711208Z,4,NVIDIA L20Z,72266,81559,0,36,135.57
2026-09-15T12:34:31.711208Z,5,NVIDIA L20Z,71626,81559,0,44,144.51
2026-09-15T12:34:31.711208Z,6,NVIDIA L20Z,71318,81559,0,45,153.50
2026-09-15T12:34:31.711208Z,7,NVIDIA L20Z,70678,81559,0,51,153.82
2026-09-15T12:34:38.256611Z,0,NVIDIA L20Z,4,81559,0,33,70.23
2026-09-15T12:34:38.256611Z,1,NVIDIA L20Z,4,81559,0,31,110.51
2026-09-15T12:34:38.256611Z,2,NVIDIA L20Z,4,81559,0,33,71.30
2026-09-15T12:34:38.256611Z,3,NVIDIA L20Z,4,81559,0,32,73.35
2026-09-15T12:34:38.256611Z,4,NVIDIA L20Z,72266,81559,0,36,172.55
2026-09-15T12:34:38.256611Z,5,NVIDIA L20Z,71626,81559,0,43,144.26
2026-09-15T12:34:38.256611Z,6,NVIDIA L20Z,71318,81559,0,44,128.44
2026-09-15T12:34:38.256611Z,7,NVIDIA L20Z,70678,81559,0,49,124.27
2026-09-15T12:34:43.547049Z,0,NVIDIA L20Z,4,81559,0,33,70.09
2026-09-15T12:34:43.547049Z,1,NVIDIA L20Z,4,81559,0,30,69.95
2026-09-15T12:34:43.547049Z,2,NVIDIA L20Z,4,81559,0,33,71.33
2026-09-15T12:34:43.547049Z,3,NVIDIA L20Z,4,81559,0,32,73.54
2026-09-15T12:34:43.547049Z,4,NVIDIA L20Z,72266,81559,2,36,124.03
2026-09-15T12:34:43.547049Z,5,NVIDIA L20Z,71626,81559,0,42,125.07
2026-09-15T12:34:43.547049Z,6,NVIDIA L20Z,71318,81559,0,43,127.55
2026-09-15T12:34:43.547049Z,7,NVIDIA L20Z,70678,81559,0,48,123.65
2026-09-15T12:34:49.013458Z,0,NVIDIA L20Z,4,81559,0,33,70.01
2026-09-15T12:34:49.013458Z,1,NVIDIA L20Z,4,81559,0,30,69.92
2026-09-15T12:34:49.013458Z,2,NVIDIA L20Z,4,81559,0,33,71.23
2026-09-15T12:34:49.013458Z,3,NVIDIA L20Z,4,81559,0,32,73.33
2026-09-15T12:34:49.013458Z,4,NVIDIA L20Z,72266,81559,0,36,126.68
2026-09-15T12:34:49.013458Z,5,NVIDIA L20Z,71626,81559,0,42,129.47
2026-09-15T12:34:49.013458Z,6,NVIDIA L20Z,71318,81559,0,42,130.33
2026-09-15T12:34:49.013458Z,7,NVIDIA L20Z,70678,81559,0,47,125.86
2026-09-15T12:34:54.213225Z,0,NVIDIA L20Z,4,81559,0,33,70.04
2026-09-15T12:34:54.213225Z,1,NVIDIA L20Z,4,81559,0,30,69.97
2026-09-15T12:34:54.213225Z,2,NVIDIA L20Z,4,81559,0,33,71.19
2026-09-15T12:34:54.213225Z,3,NVIDIA L20Z,4,81559,0,32,73.35
2026-09-15T12:34:54.213225Z,4,NVIDIA L20Z,72266,81559,0,35,123.14
2026-09-15T12:34:54.213225Z,5,NVIDIA L20Z,71626,81559,0,42,125.88
2026-09-15T12:34:54.213225Z,6,NVIDIA L20Z,71318,81559,0,41,129.92
2026-09-15T12:34:54.213225Z,7,NVIDIA L20Z,70678,81559,0,47,127.21
2026-09-15T12:34:59.363216Z,0,NVIDIA L20Z,4,81559,0,33,70.06
2026-09-15T12:34:59.363216Z,1,NVIDIA L20Z,4,81559,0,30,69.94
2026-09-15T12:34:59.363216Z,2,NVIDIA L20Z,4,81559,0,33,71.24
2026-09-15T12:34:59.363216Z,3,NVIDIA L20Z,4,81559,0,32,73.34
2026-09-15T12:34:59.363216Z,4,NVIDIA L20Z,72266,81559,0,35,122.91
2026-09-15T12:34:59.363216Z,5,NVIDIA L20Z,71626,81559,0,42,125.64
2026-09-15T12:34:59.363216Z,6,NVIDIA L20Z,71318,81559,0,41,129.47
2026-09-15T12:34:59.363216Z,7,NVIDIA L20Z,70678,81559,0,46,126.76
2026-09-15T12:35:04.524436Z,0,NVIDIA L20Z,4,81559,0,32,70.06
2026-09-15T12:35:04.524436Z,1,NVIDIA L20Z,4,81559,0,30,69.94
2026-09-15T12:35:04.524436Z,2,NVIDIA L20Z,4,81559,0,33,71.27
2026-09-15T12:35:04.524436Z,3,NVIDIA L20Z,4,81559,0,32,73.35
2026-09-15T12:35:04.524436Z,4,NVIDIA L20Z,72266,81559,0,35,122.19
2026-09-15T12:35:04.524436Z,5,NVIDIA L20Z,71626,81559,0,41,123.90
2026-09-15T12:35:04.524436Z,6,NVIDIA L20Z,71318,81559,0,40,129.18
2026-09-15T12:35:04.524436Z,7,NVIDIA L20Z,70678,81559,0,45,126.37
2026-09-15T12:35:09.697921Z,0,NVIDIA L20Z,4,81559,0,32,70.03
2026-09-15T12:35:09.697921Z,1,NVIDIA L20Z,4,81559,0,30,69.94
2026-09-15T12:35:09.697921Z,2,NVIDIA L20Z,4,81559,0,33,71.28
2026-09-15T12:35:09.697921Z,3,NVIDIA L20Z,4,81559,0,32,73.40
2026-09-15T12:35:09.697921Z,4,NVIDIA L20Z,643,81559,0,35,125.65
2026-09-15T12:35:09.697921Z,5,NVIDIA L20Z,4,81559,89,41,132.08
2026-09-15T12:35:09.697921Z,6,NVIDIA L20Z,71318,81559,0,40,128.87
2026-09-15T12:35:09.697921Z,7,NVIDIA L20Z,70678,81559,0,45,124.34
2026-09-15T12:35:15.090799Z,0,NVIDIA L20Z,4,81559,0,32,70.06
2026-09-15T12:35:15.090799Z,1,NVIDIA L20Z,4,81559,0,30,69.89
2026-09-15T12:35:15.090799Z,2,NVIDIA L20Z,4,81559,0,33,71.25
2026-09-15T12:35:15.090799Z,3,NVIDIA L20Z,4,81559,0,32,73.33
2026-09-15T12:35:15.090799Z,4,NVIDIA L20Z,4,81559,0,33,71.86
2026-09-15T12:35:15.090799Z,5,NVIDIA L20Z,4,81559,0,39,71.39
2026-09-15T12:35:15.090799Z,6,NVIDIA L20Z,71318,81559,0,39,128.56
2026-09-15T12:35:15.090799Z,7,NVIDIA L20Z,70678,81559,0,44,124.06
2026-09-15T12:35:20.245683Z,0,NVIDIA L20Z,4,81559,0,33,70.10
2026-09-15T12:35:20.245683Z,1,NVIDIA L20Z,4,81559,0,30,109.43
2026-09-15T12:35:20.245683Z,2,NVIDIA L20Z,4,81559,0,34,92.46
2026-09-15T12:35:20.245683Z,3,NVIDIA L20Z,4,81559,0,32,73.36
2026-09-15T12:35:20.245683Z,4,NVIDIA L20Z,4,81559,0,33,71.47
2026-09-15T12:35:20.245683Z,5,NVIDIA L20Z,4,81559,0,39,71.19
2026-09-15T12:35:20.245683Z,6,NVIDIA L20Z,71318,81559,0,39,128.31
2026-09-15T12:35:20.245683Z,7,NVIDIA L20Z,70678,81559,0,44,123.84
2026-09-15T12:35:25.577742Z,0,NVIDIA L20Z,4,81559,0,33,70.03
2026-09-15T12:35:25.577742Z,1,NVIDIA L20Z,4,81559,0,30,69.93
2026-09-15T12:35:25.577742Z,2,NVIDIA L20Z,4,81559,0,33,71.32
2026-09-15T12:35:25.577742Z,3,NVIDIA L20Z,4,81559,0,32,73.40
2026-09-15T12:35:25.577742Z,4,NVIDIA L20Z,4,81559,0,33,89.69
2026-09-15T12:35:25.577742Z,5,NVIDIA L20Z,4,81559,0,40,126.90
2026-09-15T12:35:25.577742Z,6,NVIDIA L20Z,71318,81559,0,39,128.09
2026-09-15T12:35:25.577742Z,7,NVIDIA L20Z,70678,81559,0,43,123.64
2026-09-15T12:35:30.837408Z,0,NVIDIA L20Z,4,81559,0,32,70.06
2026-09-15T12:35:30.837408Z,1,NVIDIA L20Z,4,81559,0,30,69.96
2026-09-15T12:35:30.837408Z,2,NVIDIA L20Z,4,81559,0,33,71.29
2026-09-15T12:35:30.837408Z,3,NVIDIA L20Z,4,81559,0,32,73.36
2026-09-15T12:35:30.837408Z,4,NVIDIA L20Z,4,81559,0,32,71.47
2026-09-15T12:35:30.837408Z,5,NVIDIA L20Z,4,81559,0,38,71.01
2026-09-15T12:35:30.837408Z,6,NVIDIA L20Z,71318,81559,0,38,127.89
2026-09-15T12:35:30.837408Z,7,NVIDIA L20Z,70678,81559,0,43,123.38
2026-09-15T12:35:36.112112Z,0,NVIDIA L20Z,4,81559,0,32,70.03
2026-09-15T12:35:36.112112Z,1,NVIDIA L20Z,4,81559,0,30,69.96
2026-09-15T12:35:36.112112Z,2,NVIDIA L20Z,4,81559,0,33,71.25
2026-09-15T12:35:36.112112Z,3,NVIDIA L20Z,4,81559,0,32,73.34
2026-09-15T12:35:36.112112Z,4,NVIDIA L20Z,4,81559,0,32,71.17
2026-09-15T12:35:36.112112Z,5,NVIDIA L20Z,4,81559,0,37,70.89
2026-09-15T12:35:36.112112Z,6,NVIDIA L20Z,71318,81559,0,38,127.79
2026-09-15T12:35:36.112112Z,7,NVIDIA L20Z,70678,81559,0,42,123.14
2026-09-15T12:35:41.303628Z,0,NVIDIA L20Z,4,81559,0,32,70.00
2026-09-15T12:35:41.303628Z,1,NVIDIA L20Z,4,81559,0,30,69.92
2026-09-15T12:35:41.303628Z,2,NVIDIA L20Z,4,81559,0,33,71.28
2026-09-15T12:35:41.303628Z,3,NVIDIA L20Z,4,81559,0,32,73.37
2026-09-15T12:35:41.303628Z,4,NVIDIA L20Z,9520,81559,9,33,120.53
2026-09-15T12:35:41.303628Z,5,NVIDIA L20Z,4,81559,0,37,70.75
2026-09-15T12:35:41.303628Z,6,NVIDIA L20Z,71318,81559,0,38,127.61
2026-09-15T12:35:41.303628Z,7,NVIDIA L20Z,70678,81559,0,42,122.97
2026-09-15T12:35:46.455412Z,0,NVIDIA L20Z,4,81559,0,32,70.02
2026-09-15T12:35:46.455412Z,1,NVIDIA L20Z,4,81559,0,30,69.89
2026-09-15T12:35:46.455412Z,2,NVIDIA L20Z,4,81559,0,33,71.28
2026-09-15T12:35:46.455412Z,3,NVIDIA L20Z,4,81559,0,32,73.32
2026-09-15T12:35:46.455412Z,4,NVIDIA L20Z,65358,81559,17,34,138.60
2026-09-15T12:35:46.455412Z,5,NVIDIA L20Z,4,81559,0,37,70.67
2026-09-15T12:35:46.455412Z,6,NVIDIA L20Z,71318,81559,0,38,127.53
2026-09-15T12:35:46.455412Z,7,NVIDIA L20Z,70678,81559,0,42,122.80
2026-09-15T12:35:51.607463Z,0,NVIDIA L20Z,4,81559,0,32,70.03
2026-09-15T12:35:51.607463Z,1,NVIDIA L20Z,4,81559,0,30,69.89
2026-09-15T12:35:51.607463Z,2,NVIDIA L20Z,4,81559,0,33,71.30
2026-09-15T12:35:51.607463Z,3,NVIDIA L20Z,4,81559,0,32,73.37
2026-09-15T12:35:51.607463Z,4,NVIDIA L20Z,65390,81559,0,33,120.28
2026-09-15T12:35:51.607463Z,5,NVIDIA L20Z,18732,81559,0,38,122.77
2026-09-15T12:35:51.607463Z,6,NVIDIA L20Z,71318,81559,0,38,127.42
2026-09-15T12:35:51.607463Z,7,NVIDIA L20Z,70678,81559,0,41,122.73
2026-09-15T12:35:56.965241Z,0,NVIDIA L20Z,4,81559,0,32,70.00
2026-09-15T12:35:56.965241Z,1,NVIDIA L20Z,4,81559,0,30,69.84
2026-09-15T12:35:56.965241Z,2,NVIDIA L20Z,4,81559,0,33,71.25
2026-09-15T12:35:56.965241Z,3,NVIDIA L20Z,4,81559,0,32,73.32
2026-09-15T12:35:56.965241Z,4,NVIDIA L20Z,66106,81559,0,33,121.52
2026-09-15T12:35:56.965241Z,5,NVIDIA L20Z,65332,81559,0,38,120.92
2026-09-15T12:35:56.965241Z,6,NVIDIA L20Z,71318,81559,0,37,127.35
2026-09-15T12:35:56.965241Z,7,NVIDIA L20Z,70678,81559,0,41,122.57
2026-09-15T12:36:02.113158Z,0,NVIDIA L20Z,4,81559,0,32,69.98
2026-09-15T12:36:02.113158Z,1,NVIDIA L20Z,4,81559,0,30,69.84
2026-09-15T12:36:02.113158Z,2,NVIDIA L20Z,4,81559,0,33,71.26
2026-09-15T12:36:02.113158Z,3,NVIDIA L20Z,4,81559,0,32,73.34
2026-09-15T12:36:02.113158Z,4,NVIDIA L20Z,66106,81559,0,33,121.47
2026-09-15T12:36:02.113158Z,5,NVIDIA L20Z,66084,81559,0,38,140.12
2026-09-15T12:36:02.113158Z,6,NVIDIA L20Z,71318,81559,0,37,127.14
2026-09-15T12:36:02.113158Z,7,NVIDIA L20Z,70678,81559,0,41,122.46
2026-09-15T12:36:07.300238Z,0,NVIDIA L20Z,4,81559,0,32,69.96
2026-09-15T12:36:07.300238Z,1,NVIDIA L20Z,4,81559,0,30,69.90
2026-09-15T12:36:07.300238Z,2,NVIDIA L20Z,4,81559,0,33,71.22
2026-09-15T12:36:07.300238Z,3,NVIDIA L20Z,4,81559,0,32,73.28
2026-09-15T12:36:07.300238Z,4,NVIDIA L20Z,66106,81559,0,33,120.70
2026-09-15T12:36:07.300238Z,5,NVIDIA L20Z,66084,81559,0,38,122.17
2026-09-15T12:36:07.300238Z,6,NVIDIA L20Z,71318,81559,0,37,127.14
2026-09-15T12:36:07.300238Z,7,NVIDIA L20Z,70678,81559,0,41,122.38
2026-09-15T12:36:12.449591Z,0,NVIDIA L20Z,4,81559,0,32,70.00
2026-09-15T12:36:12.449591Z,1,NVIDIA L20Z,4,81559,0,30,69.88
2026-09-15T12:36:12.449591Z,2,NVIDIA L20Z,4,81559,0,33,71.24
2026-09-15T12:36:12.449591Z,3,NVIDIA L20Z,4,81559,0,32,73.27
2026-09-15T12:36:12.449591Z,4,NVIDIA L20Z,66106,81559,0,33,120.67
2026-09-15T12:36:12.449591Z,5,NVIDIA L20Z,66084,81559,0,38,122.21
2026-09-15T12:36:12.449591Z,6,NVIDIA L20Z,71318,81559,67,42,328.36
2026-09-15T12:36:12.449591Z,7,NVIDIA L20Z,70678,81559,25,44,290.65
2026-09-15T12:36:17.613457Z,0,NVIDIA L20Z,4,81559,0,32,70.02
2026-09-15T12:36:17.613457Z,1,NVIDIA L20Z,4,81559,0,30,69.86
2026-09-15T12:36:17.613457Z,2,NVIDIA L20Z,4,81559,0,33,71.27
2026-09-15T12:36:17.613457Z,3,NVIDIA L20Z,4,81559,0,32,73.29
2026-09-15T12:36:17.613457Z,4,NVIDIA L20Z,66106,81559,0,33,120.65
2026-09-15T12:36:17.613457Z,5,NVIDIA L20Z,66084,81559,0,38,122.13
2026-09-15T12:36:17.613457Z,6,NVIDIA L20Z,71318,81559,33,41,223.27
2026-09-15T12:36:17.613457Z,7,NVIDIA L20Z,70678,81559,91,45,274.92
2026-09-15T12:36:22.823641Z,0,NVIDIA L20Z,4933,81559,99,47,564.13
2026-09-15T12:36:22.823641Z,1,NVIDIA L20Z,5543,81559,93,47,599.02
2026-09-15T12:36:22.823641Z,2,NVIDIA L20Z,2841,81559,18,36,171.78
2026-09-15T12:36:22.823641Z,3,NVIDIA L20Z,4,81559,0,32,73.26
2026-09-15T12:36:22.823641Z,4,NVIDIA L20Z,66106,81559,0,33,120.56
2026-09-15T12:36:22.823641Z,5,NVIDIA L20Z,66084,81559,0,38,122.10
2026-09-15T12:36:22.823641Z,6,NVIDIA L20Z,71318,81559,42,42,267.22
2026-09-15T12:36:22.823641Z,7,NVIDIA L20Z,70678,81559,99,47,255.09
2026-09-15T12:36:27.979043Z,0,NVIDIA L20Z,5449,81559,96,52,591.05
2026-09-15T12:36:27.979043Z,1,NVIDIA L20Z,5543,81559,79,48,582.31
2026-09-15T12:36:27.979043Z,2,NVIDIA L20Z,3119,81559,34,42,350.96
2026-09-15T12:36:27.979043Z,3,NVIDIA L20Z,4,81559,0,32,73.24
2026-09-15T12:36:27.979043Z,4,NVIDIA L20Z,66106,81559,0,33,120.51
2026-09-15T12:36:27.979043Z,5,NVIDIA L20Z,66084,81559,0,38,121.53
2026-09-15T12:36:27.979043Z,6,NVIDIA L20Z,71318,81559,71,42,244.79
2026-09-15T12:36:27.979043Z,7,NVIDIA L20Z,70678,81559,86,47,279.27
2026-09-15T12:36:33.128195Z,0,NVIDIA L20Z,5449,81559,90,54,606.45
2026-09-15T12:36:33.128195Z,1,NVIDIA L20Z,4,81559,0,36,122.92
2026-09-15T12:36:33.128195Z,2,NVIDIA L20Z,4,81559,0,35,71.25
2026-09-15T12:36:33.128195Z,3,NVIDIA L20Z,4,81559,0,32,73.30
2026-09-15T12:36:33.128195Z,4,NVIDIA L20Z,66106,81559,0,33,120.54
2026-09-15T12:36:33.128195Z,5,NVIDIA L20Z,66084,81559,0,38,121.54
2026-09-15T12:36:33.128195Z,6,NVIDIA L20Z,71318,81559,92,46,341.16
2026-09-15T12:36:33.128195Z,7,NVIDIA L20Z,70678,81559,28,47,280.96
2026-09-15T12:36:38.342967Z,0,NVIDIA L20Z,5451,81559,90,56,574.87
2026-09-15T12:36:38.342967Z,1,NVIDIA L20Z,4,81559,0,33,70.51
2026-09-15T12:36:38.342967Z,2,NVIDIA L20Z,4,81559,0,35,71.75
2026-09-15T12:36:38.342967Z,3,NVIDIA L20Z,4,81559,0,32,73.40
2026-09-15T12:36:38.342967Z,4,NVIDIA L20Z,66106,81559,0,33,124.87
2026-09-15T12:36:38.342967Z,5,NVIDIA L20Z,66084,81559,0,38,122.34
2026-09-15T12:36:38.342967Z,6,NVIDIA L20Z,71318,81559,85,46,300.16
2026-09-15T12:36:38.342967Z,7,NVIDIA L20Z,70678,81559,83,49,293.89
2026-09-15T12:36:43.547714Z,0,NVIDIA L20Z,4,81559,0,40,71.18
2026-09-15T12:36:43.547714Z,1,NVIDIA L20Z,4,81559,0,33,70.36
2026-09-15T12:36:43.547714Z,2,NVIDIA L20Z,4,81559,0,34,71.58
2026-09-15T12:36:43.547714Z,3,NVIDIA L20Z,4,81559,0,32,73.32
2026-09-15T12:36:43.547714Z,4,NVIDIA L20Z,66106,81559,0,33,124.93
2026-09-15T12:36:43.547714Z,5,NVIDIA L20Z,66084,81559,0,38,126.04
2026-09-15T12:36:43.547714Z,6,NVIDIA L20Z,71318,81559,33,44,266.94
2026-09-15T12:36:43.547714Z,7,NVIDIA L20Z,70678,81559,67,49,292.32
2026-09-15T12:36:48.703075Z,0,NVIDIA L20Z,4,81559,0,39,71.14
2026-09-15T12:36:48.703075Z,1,NVIDIA L20Z,4,81559,0,32,70.24
2026-09-15T12:36:48.703075Z,2,NVIDIA L20Z,4,81559,0,34,71.49
2026-09-15T12:36:48.703075Z,3,NVIDIA L20Z,4,81559,0,32,73.24
2026-09-15T12:36:48.703075Z,4,NVIDIA L20Z,66106,81559,0,33,124.84
2026-09-15T12:36:48.703075Z,5,NVIDIA L20Z,66084,81559,0,38,126.03
2026-09-15T12:36:48.703075Z,6,NVIDIA L20Z,71318,81559,87,47,367.08
2026-09-15T12:36:48.703075Z,7,NVIDIA L20Z,70678,81559,42,49,283.07
2026-09-15T12:36:53.902337Z,0,NVIDIA L20Z,4,81559,0,38,70.93
2026-09-15T12:36:53.902337Z,1,NVIDIA L20Z,4,81559,0,32,70.53
2026-09-15T12:36:53.902337Z,2,NVIDIA L20Z,4,81559,0,34,71.46
2026-09-15T12:36:53.902337Z,3,NVIDIA L20Z,4,81559,0,32,73.31
2026-09-15T12:36:53.902337Z,4,NVIDIA L20Z,66106,81559,0,34,124.91
2026-09-15T12:36:53.902337Z,5,NVIDIA L20Z,66084,81559,0,38,126.03
2026-09-15T12:36:53.902337Z,6,NVIDIA L20Z,71318,81559,62,46,289.10
2026-09-15T12:36:53.902337Z,7,NVIDIA L20Z,70678,81559,57,49,277.48
2026-09-15T12:36:59.064753Z,0,NVIDIA L20Z,4,81559,0,37,70.71
2026-09-15T12:36:59.064753Z,1,NVIDIA L20Z,4,81559,0,32,70.32
2026-09-15T12:36:59.064753Z,2,NVIDIA L20Z,4,81559,0,34,71.53
2026-09-15T12:36:59.064753Z,3,NVIDIA L20Z,4,81559,0,32,73.29
2026-09-15T12:36:59.064753Z,4,NVIDIA L20Z,66106,81559,0,33,124.85
2026-09-15T12:36:59.064753Z,5,NVIDIA L20Z,66084,81559,0,38,125.90
2026-09-15T12:36:59.064753Z,6,NVIDIA L20Z,71318,81559,50,46,347.04
2026-09-15T12:36:59.064753Z,7,NVIDIA L20Z,70678,81559,16,49,306.99
2026-09-15T12:37:04.224305Z,0,NVIDIA L20Z,4,81559,0,36,70.54
2026-09-15T12:37:04.224305Z,1,NVIDIA L20Z,4,81559,0,31,70.25
2026-09-15T12:37:04.224305Z,2,NVIDIA L20Z,4,81559,0,34,71.60
2026-09-15T12:37:04.224305Z,3,NVIDIA L20Z,4,81559,0,32,73.31
2026-09-15T12:37:04.224305Z,4,NVIDIA L20Z,67576,81559,2,36,188.51
2026-09-15T12:37:04.224305Z,5,NVIDIA L20Z,66084,81559,0,38,125.92
2026-09-15T12:37:04.224305Z,6,NVIDIA L20Z,71318,81559,44,47,307.78
2026-09-15T12:37:04.224305Z,7,NVIDIA L20Z,70678,81559,82,51,302.11
2026-09-15T12:37:09.474065Z,0,NVIDIA L20Z,4,81559,0,36,70.36
2026-09-15T12:37:09.474065Z,1,NVIDIA L20Z,4,81559,0,31,70.22
2026-09-15T12:37:09.474065Z,2,NVIDIA L20Z,4,81559,0,34,71.40
2026-09-15T12:37:09.474065Z,3,NVIDIA L20Z,4,81559,0,32,73.29
2026-09-15T12:37:09.474065Z,4,NVIDIA L20Z,67576,81559,22,36,245.11
2026-09-15T12:37:09.474065Z,5,NVIDIA L20Z,66084,81559,0,38,125.95
2026-09-15T12:37:09.474065Z,6,NVIDIA L20Z,71318,81559,85,48,365.12
2026-09-15T12:37:09.474065Z,7,NVIDIA L20Z,70678,81559,74,51,350.33
2026-09-15T12:37:14.722744Z,0,NVIDIA L20Z,4,81559,0,35,70.29
2026-09-15T12:37:14.722744Z,1,NVIDIA L20Z,4,81559,0,31,70.15
2026-09-15T12:37:14.722744Z,2,NVIDIA L20Z,4,81559,0,34,71.38
2026-09-15T12:37:14.722744Z,3,NVIDIA L20Z,4,81559,0,32,73.27
2026-09-15T12:37:14.722744Z,4,NVIDIA L20Z,67576,81559,21,38,307.32
2026-09-15T12:37:14.722744Z,5,NVIDIA L20Z,66084,81559,0,38,125.96
2026-09-15T12:37:14.722744Z,6,NVIDIA L20Z,71318,81559,81,48,358.88
2026-09-15T12:37:14.722744Z,7,NVIDIA L20Z,70678,81559,40,51,301.69
2026-09-15T12:37:19.901859Z,0,NVIDIA L20Z,4,81559,0,35,70.18
2026-09-15T12:37:19.901859Z,1,NVIDIA L20Z,4,81559,0,31,70.09
2026-09-15T12:37:19.901859Z,2,NVIDIA L20Z,4,81559,0,34,71.37
2026-09-15T12:37:19.901859Z,3,NVIDIA L20Z,4,81559,0,32,73.33
2026-09-15T12:37:19.901859Z,4,NVIDIA L20Z,67578,81559,51,39,255.92
2026-09-15T12:37:19.901859Z,5,NVIDIA L20Z,66084,81559,0,38,126.10
2026-09-15T12:37:19.901859Z,6,NVIDIA L20Z,71318,81559,53,48,345.73
2026-09-15T12:37:19.901859Z,7,NVIDIA L20Z,70678,81559,57,51,335.57
2026-09-15T12:37:25.116396Z,0,NVIDIA L20Z,4,81559,0,34,70.46
2026-09-15T12:37:25.116396Z,1,NVIDIA L20Z,4,81559,0,31,70.02
2026-09-15T12:37:25.116396Z,2,NVIDIA L20Z,4,81559,0,33,71.27
2026-09-15T12:37:25.116396Z,3,NVIDIA L20Z,4,81559,0,32,73.28
2026-09-15T12:37:25.116396Z,4,NVIDIA L20Z,67578,81559,60,40,341.80
2026-09-15T12:37:25.116396Z,5,NVIDIA L20Z,66084,81559,0,38,126.25
2026-09-15T12:37:25.116396Z,6,NVIDIA L20Z,71318,81559,89,49,320.78
2026-09-15T12:37:25.116396Z,7,NVIDIA L20Z,70678,81559,34,51,286.15
2026-09-15T12:37:30.269759Z,0,NVIDIA L20Z,4,81559,0,34,70.43
2026-09-15T12:37:30.269759Z,1,NVIDIA L20Z,4,81559,0,31,70.09
2026-09-15T12:37:30.269759Z,2,NVIDIA L20Z,4,81559,0,33,71.33
2026-09-15T12:37:30.269759Z,3,NVIDIA L20Z,4,81559,0,32,73.26
2026-09-15T12:37:30.269759Z,4,NVIDIA L20Z,67580,81559,34,40,261.64
2026-09-15T12:37:30.269759Z,5,NVIDIA L20Z,66084,81559,0,39,126.32
2026-09-15T12:37:30.269759Z,6,NVIDIA L20Z,71318,81559,33,47,307.62
2026-09-15T12:37:30.269759Z,7,NVIDIA L20Z,70678,81559,83,53,311.12
2026-09-15T12:37:35.489410Z,0,NVIDIA L20Z,4,81559,0,34,70.39
2026-09-15T12:37:35.489410Z,1,NVIDIA L20Z,4,81559,0,31,70.03
2026-09-15T12:37:35.489410Z,2,NVIDIA L20Z,4,81559,0,33,71.33
2026-09-15T12:37:35.489410Z,3,NVIDIA L20Z,4,81559,0,32,73.28
2026-09-15T12:37:35.489410Z,4,NVIDIA L20Z,67580,81559,40,43,284.93
2026-09-15T12:37:35.489410Z,5,NVIDIA L20Z,66084,81559,0,39,126.25
2026-09-15T12:37:35.489410Z,6,NVIDIA L20Z,71318,81559,48,49,371.95
2026-09-15T12:37:35.489410Z,7,NVIDIA L20Z,70678,81559,44,52,313.83
2026-09-15T12:37:40.648879Z,0,NVIDIA L20Z,4,81559,0,34,70.32
2026-09-15T12:37:40.648879Z,1,NVIDIA L20Z,4,81559,0,30,70.03
2026-09-15T12:37:40.648879Z,2,NVIDIA L20Z,4,81559,0,33,71.37
2026-09-15T12:37:40.648879Z,3,NVIDIA L20Z,4,81559,0,32,73.28
2026-09-15T12:37:40.648879Z,4,NVIDIA L20Z,67580,81559,64,41,296.79
2026-09-15T12:37:40.648879Z,5,NVIDIA L20Z,66084,81559,0,39,126.47
2026-09-15T12:37:40.648879Z,6,NVIDIA L20Z,71318,81559,5,48,333.08
2026-09-15T12:37:40.648879Z,7,NVIDIA L20Z,70678,81559,8,50,239.37
2026-09-15T12:37:45.806495Z,0,NVIDIA L20Z,4,81559,0,34,70.36
2026-09-15T12:37:45.806495Z,1,NVIDIA L20Z,4,81559,0,32,120.95
2026-09-15T12:37:45.806495Z,2,NVIDIA L20Z,4,81559,1,34,91.94
2026-09-15T12:37:45.806495Z,3,NVIDIA L20Z,4,81559,0,32,73.25
2026-09-15T12:37:45.806495Z,4,NVIDIA L20Z,67580,81559,32,42,289.88
2026-09-15T12:37:45.806495Z,5,NVIDIA L20Z,66084,81559,0,39,126.49
2026-09-15T12:37:45.806495Z,6,NVIDIA L20Z,71318,81559,86,50,351.30
2026-09-15T12:37:45.806495Z,7,NVIDIA L20Z,70678,81559,47,52,285.48
2026-09-15T12:37:50.958743Z,0,NVIDIA L20Z,4,81559,0,33,70.26
2026-09-15T12:37:50.958743Z,1,NVIDIA L20Z,4,81559,0,30,70.03
2026-09-15T12:37:50.958743Z,2,NVIDIA L20Z,4,81559,0,33,71.38
2026-09-15T12:37:50.958743Z,3,NVIDIA L20Z,4,81559,0,32,73.38
2026-09-15T12:37:50.958743Z,4,NVIDIA L20Z,67580,81559,64,41,266.44
2026-09-15T12:37:50.958743Z,5,NVIDIA L20Z,66084,81559,0,39,126.13
2026-09-15T12:37:50.958743Z,6,NVIDIA L20Z,71318,81559,68,49,365.10
2026-09-15T12:37:50.958743Z,7,NVIDIA L20Z,70678,81559,47,53,263.09
2026-09-15T12:37:56.347121Z,0,NVIDIA L20Z,4,81559,0,33,70.23
2026-09-15T12:37:56.347121Z,1,NVIDIA L20Z,4,81559,0,30,70.03
2026-09-15T12:37:56.347121Z,2,NVIDIA L20Z,4,81559,0,33,71.29
2026-09-15T12:37:56.347121Z,3,NVIDIA L20Z,4,81559,0,32,73.30
2026-09-15T12:37:56.347121Z,4,NVIDIA L20Z,67582,81559,64,41,282.73
2026-09-15T12:37:56.347121Z,5,NVIDIA L20Z,66084,81559,0,40,126.74
2026-09-15T12:37:56.347121Z,6,NVIDIA L20Z,71318,81559,84,50,330.88
2026-09-15T12:37:56.347121Z,7,NVIDIA L20Z,70678,81559,35,54,295.67
2026-09-15T12:38:01.511777Z,0,NVIDIA L20Z,4,81559,0,33,70.21
2026-09-15T12:38:01.511777Z,1,NVIDIA L20Z,4,81559,0,30,69.94
2026-09-15T12:38:01.511777Z,2,NVIDIA L20Z,4,81559,0,33,71.29
2026-09-15T12:38:01.511777Z,3,NVIDIA L20Z,4,81559,0,32,73.32
2026-09-15T12:38:01.511777Z,4,NVIDIA L20Z,67582,81559,44,40,239.31
2026-09-15T12:38:01.511777Z,5,NVIDIA L20Z,66084,81559,0,40,126.82
2026-09-15T12:38:01.511777Z,6,NVIDIA L20Z,71318,81559,67,50,347.93
2026-09-15T12:38:01.511777Z,7,NVIDIA L20Z,70678,81559,46,52,283.33
2026-09-15T12:38:06.672386Z,0,NVIDIA L20Z,4,81559,0,33,70.21
2026-09-15T12:38:06.672386Z,1,NVIDIA L20Z,4,81559,0,30,69.95
2026-09-15T12:38:06.672386Z,2,NVIDIA L20Z,4,81559,0,33,71.29
2026-09-15T12:38:06.672386Z,3,NVIDIA L20Z,4,81559,0,32,73.28
2026-09-15T12:38:06.672386Z,4,NVIDIA L20Z,67584,81559,62,43,298.24
2026-09-15T12:38:06.672386Z,5,NVIDIA L20Z,66084,81559,0,40,126.83
2026-09-15T12:38:06.672386Z,6,NVIDIA L20Z,71318,81559,60,48,335.89
2026-09-15T12:38:06.672386Z,7,NVIDIA L20Z,70678,81559,62,53,330.21
2026-09-15T12:38:11.834152Z,0,NVIDIA L20Z,4,81559,0,33,70.19
2026-09-15T12:38:11.834152Z,1,NVIDIA L20Z,4,81559,0,30,69.97
2026-09-15T12:38:11.834152Z,2,NVIDIA L20Z,4,81559,0,33,71.30
2026-09-15T12:38:11.834152Z,3,NVIDIA L20Z,4,81559,0,32,73.31
2026-09-15T12:38:11.834152Z,4,NVIDIA L20Z,67584,81559,80,43,324.67
2026-09-15T12:38:11.834152Z,5,NVIDIA L20Z,66084,81559,0,40,126.91
2026-09-15T12:38:11.834152Z,6,NVIDIA L20Z,71318,81559,74,50,332.15
2026-09-15T12:38:11.834152Z,7,NVIDIA L20Z,70678,81559,27,54,310.38
2026-09-15T12:38:16.993417Z,0,NVIDIA L20Z,4,81559,0,33,70.12
2026-09-15T12:38:16.993417Z,1,NVIDIA L20Z,4,81559,0,30,69.97
2026-09-15T12:38:16.993417Z,2,NVIDIA L20Z,4,81559,0,33,71.30
2026-09-15T12:38:16.993417Z,3,NVIDIA L20Z,4,81559,0,32,73.29
2026-09-15T12:38:16.993417Z,4,NVIDIA L20Z,67584,81559,0,38,123.25
2026-09-15T12:38:16.993417Z,5,NVIDIA L20Z,66084,81559,0,40,127.04
2026-09-15T12:38:16.993417Z,6,NVIDIA L20Z,71318,81559,63,50,297.21
2026-09-15T12:38:16.993417Z,7,NVIDIA L20Z,70678,81559,54,51,252.61
2026-09-15T12:38:22.145912Z,0,NVIDIA L20Z,4,81559,0,33,70.10
2026-09-15T12:38:22.145912Z,1,NVIDIA L20Z,4,81559,0,30,69.97
2026-09-15T12:38:22.145912Z,2,NVIDIA L20Z,4,81559,0,33,71.25
2026-09-15T12:38:22.145912Z,3,NVIDIA L20Z,4,81559,0,32,73.26
2026-09-15T12:38:22.145912Z,4,NVIDIA L20Z,67584,81559,0,37,122.72
2026-09-15T12:38:22.145912Z,5,NVIDIA L20Z,66084,81559,0,40,127.15
2026-09-15T12:38:22.145912Z,6,NVIDIA L20Z,71318,81559,44,49,343.37
2026-09-15T12:38:22.145912Z,7,NVIDIA L20Z,70678,81559,25,53,267.04
2026-09-15T12:38:27.302320Z,0,NVIDIA L20Z,4,81559,0,33,70.07
2026-09-15T12:38:27.302320Z,1,NVIDIA L20Z,4,81559,0,30,69.95
2026-09-15T12:38:27.302320Z,2,NVIDIA L20Z,4,81559,0,33,71.29
2026-09-15T12:38:27.302320Z,3,NVIDIA L20Z,4,81559,0,32,73.33
2026-09-15T12:38:27.302320Z,4,NVIDIA L20Z,67584,81559,0,37,122.44
2026-09-15T12:38:27.302320Z,5,NVIDIA L20Z,66084,81559,0,40,127.05
2026-09-15T12:38:27.302320Z,6,NVIDIA L20Z,71318,81559,0,44,128.43
2026-09-15T12:38:27.302320Z,7,NVIDIA L20Z,70678,81559,0,49,123.78
2026-09-15T12:38:32.455129Z,0,NVIDIA L20Z,4,81559,0,33,70.08
2026-09-15T12:38:32.455129Z,1,NVIDIA L20Z,4,81559,0,30,69.93
2026-09-15T12:38:32.455129Z,2,NVIDIA L20Z,4,81559,0,33,71.39
2026-09-15T12:38:32.455129Z,3,NVIDIA L20Z,4,81559,0,32,73.35
2026-09-15T12:38:32.455129Z,4,NVIDIA L20Z,67584,81559,0,36,122.15
2026-09-15T12:38:32.455129Z,5,NVIDIA L20Z,66084,81559,0,40,127.08
2026-09-15T12:38:32.455129Z,6,NVIDIA L20Z,71318,81559,0,43,126.77
2026-09-15T12:38:32.455129Z,7,NVIDIA L20Z,70678,81559,0,47,123.17
2026-09-15T12:38:37.606020Z,0,NVIDIA L20Z,4,81559,0,33,70.04
2026-09-15T12:38:37.606020Z,1,NVIDIA L20Z,4,81559,0,30,69.92
2026-09-15T12:38:37.606020Z,2,NVIDIA L20Z,4,81559,0,33,71.24
2026-09-15T12:38:37.606020Z,3,NVIDIA L20Z,4,81559,0,32,73.30
2026-09-15T12:38:37.606020Z,4,NVIDIA L20Z,67584,81559,0,36,121.46
2026-09-15T12:38:37.606020Z,5,NVIDIA L20Z,66084,81559,0,40,127.00
2026-09-15T12:38:37.606020Z,6,NVIDIA L20Z,71318,81559,0,42,126.05
2026-09-15T12:38:37.606020Z,7,NVIDIA L20Z,70678,81559,0,47,122.69
2026-09-15T12:38:42.785483Z,0,NVIDIA L20Z,4,81559,0,33,70.09
2026-09-15T12:38:42.785483Z,1,NVIDIA L20Z,4,81559,0,30,69.89
2026-09-15T12:38:42.785483Z,2,NVIDIA L20Z,4,81559,0,33,71.26
2026-09-15T12:38:42.785483Z,3,NVIDIA L20Z,4,81559,0,32,73.29
2026-09-15T12:38:42.785483Z,4,NVIDIA L20Z,67584,81559,0,35,121.23
2026-09-15T12:38:42.785483Z,5,NVIDIA L20Z,67706,81559,45,47,352.44
2026-09-15T12:38:42.785483Z,6,NVIDIA L20Z,71318,81559,0,41,125.33
2026-09-15T12:38:42.785483Z,7,NVIDIA L20Z,70678,81559,0,46,119.96
2026-09-15T12:38:47.943072Z,0,NVIDIA L20Z,4,81559,0,33,70.05
2026-09-15T12:38:47.943072Z,1,NVIDIA L20Z,4,81559,0,30,69.91
2026-09-15T12:38:47.943072Z,2,NVIDIA L20Z,4,81559,0,33,71.30
2026-09-15T12:38:47.943072Z,3,NVIDIA L20Z,4,81559,0,32,73.26
2026-09-15T12:38:47.943072Z,4,NVIDIA L20Z,67584,81559,0,35,121.06
2026-09-15T12:38:47.943072Z,5,NVIDIA L20Z,67706,81559,87,51,454.57
2026-09-15T12:38:47.943072Z,6,NVIDIA L20Z,71318,81559,0,40,125.03
2026-09-15T12:38:47.943072Z,7,NVIDIA L20Z,70678,81559,0,45,119.57
2026-09-15T12:38:53.096402Z,0,NVIDIA L20Z,4,81559,0,33,70.02
2026-09-15T12:38:53.096402Z,1,NVIDIA L20Z,4,81559,0,30,69.88
2026-09-15T12:38:53.096402Z,2,NVIDIA L20Z,4,81559,0,33,71.28
2026-09-15T12:38:53.096402Z,3,NVIDIA L20Z,4,81559,0,32,73.28
2026-09-15T12:38:53.096402Z,4,NVIDIA L20Z,67584,81559,0,35,120.79
2026-09-15T12:38:53.096402Z,5,NVIDIA L20Z,67706,81559,44,48,381.33
2026-09-15T12:38:53.096402Z,6,NVIDIA L20Z,71318,81559,0,40,124.57
2026-09-15T12:38:53.096402Z,7,NVIDIA L20Z,70678,81559,0,44,119.14
2026-09-15T12:38:58.254258Z,0,NVIDIA L20Z,4,81559,0,33,70.23
2026-09-15T12:38:58.254258Z,1,NVIDIA L20Z,4,81559,0,31,120.71
2026-09-15T12:38:58.254258Z,2,NVIDIA L20Z,22,81559,0,33,71.26
2026-09-15T12:38:58.254258Z,3,NVIDIA L20Z,4,81559,0,32,73.31
2026-09-15T12:38:58.254258Z,4,NVIDIA L20Z,67584,81559,0,35,120.79
2026-09-15T12:38:58.254258Z,5,NVIDIA L20Z,67708,81559,87,50,386.64
2026-09-15T12:38:58.254258Z,6,NVIDIA L20Z,71318,81559,0,39,124.21
2026-09-15T12:38:58.254258Z,7,NVIDIA L20Z,70678,81559,0,44,118.97
2026-09-15T12:39:03.614158Z,0,NVIDIA L20Z,4,81559,0,33,70.03
2026-09-15T12:39:03.614158Z,1,NVIDIA L20Z,4,81559,0,30,69.97
2026-09-15T12:39:03.614158Z,2,NVIDIA L20Z,4,81559,0,33,71.29
2026-09-15T12:39:03.614158Z,3,NVIDIA L20Z,4,81559,0,32,73.39
2026-09-15T12:39:03.614158Z,4,NVIDIA L20Z,67584,81559,0,35,124.95
2026-09-15T12:39:03.614158Z,5,NVIDIA L20Z,67708,81559,90,50,407.32
2026-09-15T12:39:03.614158Z,6,NVIDIA L20Z,71318,81559,0,39,123.99
2026-09-15T12:39:03.614158Z,7,NVIDIA L20Z,70678,81559,0,43,118.69
2026-09-15T12:39:08.850781Z,0,NVIDIA L20Z,4,81559,0,33,70.02
2026-09-15T12:39:08.850781Z,1,NVIDIA L20Z,4,81559,0,30,69.93
2026-09-15T12:39:08.850781Z,2,NVIDIA L20Z,4,81559,0,33,71.30
2026-09-15T12:39:08.850781Z,3,NVIDIA L20Z,4,81559,0,32,73.32
2026-09-15T12:39:08.850781Z,4,NVIDIA L20Z,67584,81559,0,35,124.98
2026-09-15T12:39:08.850781Z,5,NVIDIA L20Z,67708,81559,49,52,406.33
2026-09-15T12:39:08.850781Z,6,NVIDIA L20Z,71318,81559,0,39,127.99
2026-09-15T12:39:08.850781Z,7,NVIDIA L20Z,70678,81559,0,43,122.72
2026-09-15T12:39:14.003430Z,0,NVIDIA L20Z,4,81559,0,33,70.02
2026-09-15T12:39:14.003430Z,1,NVIDIA L20Z,4,81559,0,30,69.92
2026-09-15T12:39:14.003430Z,2,NVIDIA L20Z,4,81559,0,33,71.30
2026-09-15T12:39:14.003430Z,3,NVIDIA L20Z,4,81559,0,32,73.34
2026-09-15T12:39:14.003430Z,4,NVIDIA L20Z,67584,81559,0,34,124.77
2026-09-15T12:39:14.003430Z,5,NVIDIA L20Z,67708,81559,47,52,409.18
2026-09-15T12:39:14.003430Z,6,NVIDIA L20Z,71318,81559,0,38,127.95
2026-09-15T12:39:14.003430Z,7,NVIDIA L20Z,70678,81559,0,42,122.52
2026-09-15T12:39:19.156288Z,0,NVIDIA L20Z,4,81559,0,32,70.03
2026-09-15T12:39:19.156288Z,1,NVIDIA L20Z,4,81559,0,30,69.88
2026-09-15T12:39:19.156288Z,2,NVIDIA L20Z,4,81559,0,33,71.29
2026-09-15T12:39:19.156288Z,3,NVIDIA L20Z,4,81559,0,32,73.29
2026-09-15T12:39:19.156288Z,4,NVIDIA L20Z,67584,81559,0,34,124.76
2026-09-15T12:39:19.156288Z,5,NVIDIA L20Z,67710,81559,85,53,389.33
2026-09-15T12:39:19.156288Z,6,NVIDIA L20Z,71318,81559,0,38,127.76
2026-09-15T12:39:19.156288Z,7,NVIDIA L20Z,70678,81559,0,42,122.26
2026-09-15T12:39:24.314111Z,0,NVIDIA L20Z,4,81559,0,32,70.04
2026-09-15T12:39:24.314111Z,1,NVIDIA L20Z,4,81559,0,30,69.90
2026-09-15T12:39:24.314111Z,2,NVIDIA L20Z,4,81559,0,33,71.32
2026-09-15T12:39:24.314111Z,3,NVIDIA L20Z,4,81559,0,32,73.32
2026-09-15T12:39:24.314111Z,4,NVIDIA L20Z,67584,81559,0,34,124.69
2026-09-15T12:39:24.314111Z,5,NVIDIA L20Z,67710,81559,0,52,344.33
2026-09-15T12:39:24.314111Z,6,NVIDIA L20Z,71318,81559,0,38,127.68
2026-09-15T12:39:24.314111Z,7,NVIDIA L20Z,70678,81559,0,42,122.09
2026-09-15T12:39:29.500886Z,0,NVIDIA L20Z,4,81559,0,32,70.02
2026-09-15T12:39:29.500886Z,1,NVIDIA L20Z,4,81559,0,30,69.92
2026-09-15T12:39:29.500886Z,2,NVIDIA L20Z,4,81559,0,33,71.29
2026-09-15T12:39:29.500886Z,3,NVIDIA L20Z,4,81559,0,32,73.30
2026-09-15T12:39:29.500886Z,4,NVIDIA L20Z,67584,81559,0,34,124.60
2026-09-15T12:39:29.500886Z,5,NVIDIA L20Z,67710,81559,40,53,362.64
2026-09-15T12:39:29.500886Z,6,NVIDIA L20Z,71318,81559,0,38,127.46
2026-09-15T12:39:29.500886Z,7,NVIDIA L20Z,70678,81559,0,41,121.93
2026-09-15T12:39:34.662131Z,0,NVIDIA L20Z,4,81559,0,32,70.00
2026-09-15T12:39:34.662131Z,1,NVIDIA L20Z,4,81559,0,30,69.88
2026-09-15T12:39:34.662131Z,2,NVIDIA L20Z,4,81559,0,33,71.22
2026-09-15T12:39:34.662131Z,3,NVIDIA L20Z,4,81559,0,32,73.31
2026-09-15T12:39:34.662131Z,4,NVIDIA L20Z,67584,81559,0,34,124.63
2026-09-15T12:39:34.662131Z,5,NVIDIA L20Z,67710,81559,59,52,360.34
2026-09-15T12:39:34.662131Z,6,NVIDIA L20Z,71318,81559,0,38,127.38
2026-09-15T12:39:34.662131Z,7,NVIDIA L20Z,70678,81559,0,41,121.85
2026-09-15T12:39:39.813263Z,0,NVIDIA L20Z,4,81559,0,32,69.99
2026-09-15T12:39:39.813263Z,1,NVIDIA L20Z,4,81559,0,30,69.90
2026-09-15T12:39:39.813263Z,2,NVIDIA L20Z,4,81559,0,33,71.28
2026-09-15T12:39:39.813263Z,3,NVIDIA L20Z,4,81559,0,32,73.32
2026-09-15T12:39:39.813263Z,4,NVIDIA L20Z,67584,81559,0,34,124.68
2026-09-15T12:39:39.813263Z,5,NVIDIA L20Z,67710,81559,55,53,396.40
2026-09-15T12:39:39.813263Z,6,NVIDIA L20Z,71318,81559,0,37,127.11
2026-09-15T12:39:39.813263Z,7,NVIDIA L20Z,70678,81559,0,41,121.79
2026-09-15T12:39:44.969760Z,0,NVIDIA L20Z,4,81559,0,33,82.07
2026-09-15T12:39:44.969760Z,1,NVIDIA L20Z,4,81559,0,30,69.92
2026-09-15T12:39:44.969760Z,2,NVIDIA L20Z,4,81559,0,33,71.28
2026-09-15T12:39:44.969760Z,3,NVIDIA L20Z,4,81559,0,32,73.31
2026-09-15T12:39:44.969760Z,4,NVIDIA L20Z,67584,81559,0,34,124.47
2026-09-15T12:39:44.969760Z,5,NVIDIA L20Z,67710,81559,86,53,409.76
2026-09-15T12:39:44.969760Z,6,NVIDIA L20Z,71318,81559,0,37,127.17
2026-09-15T12:39:44.969760Z,7,NVIDIA L20Z,70678,81559,0,41,121.57
2026-09-15T12:39:50.425111Z,0,NVIDIA L20Z,4,81559,0,34,121.80
2026-09-15T12:39:50.425111Z,1,NVIDIA L20Z,4,81559,0,31,112.46
2026-09-15T12:39:50.425111Z,2,NVIDIA L20Z,531,81559,0,35,119.92
2026-09-15T12:39:50.425111Z,3,NVIDIA L20Z,4,81559,0,32,73.33
2026-09-15T12:39:50.425111Z,4,NVIDIA L20Z,67584,81559,0,34,124.49
2026-09-15T12:39:50.425111Z,5,NVIDIA L20Z,67710,81559,46,53,380.08
2026-09-15T12:39:50.425111Z,6,NVIDIA L20Z,71318,81559,0,37,127.03
2026-09-15T12:39:50.425111Z,7,NVIDIA L20Z,70678,81559,0,40,121.58
2026-09-15T12:39:55.678916Z,0,NVIDIA L20Z,4,81559,0,33,70.08
2026-09-15T12:39:55.678916Z,1,NVIDIA L20Z,4,81559,0,30,69.96
2026-09-15T12:39:55.678916Z,2,NVIDIA L20Z,4,81559,0,33,71.38
2026-09-15T12:39:55.678916Z,3,NVIDIA L20Z,4,81559,0,34,119.29
2026-09-15T12:39:55.678916Z,4,NVIDIA L20Z,68111,81559,0,34,124.59
2026-09-15T12:39:55.678916Z,5,NVIDIA L20Z,67710,81559,70,55,506.33
2026-09-15T12:39:55.678916Z,6,NVIDIA L20Z,71318,81559,0,37,127.02
2026-09-15T12:39:55.678916Z,7,NVIDIA L20Z,70678,81559,0,40,121.45
2026-09-15T12:40:00.851326Z,0,NVIDIA L20Z,4,81559,0,33,70.05
2026-09-15T12:40:00.851326Z,1,NVIDIA L20Z,4,81559,0,30,69.93
2026-09-15T12:40:00.851326Z,2,NVIDIA L20Z,4,81559,0,33,71.37
2026-09-15T12:40:00.851326Z,3,NVIDIA L20Z,4,81559,0,32,73.44
2026-09-15T12:40:00.851326Z,4,NVIDIA L20Z,67584,81559,0,34,124.51
2026-09-15T12:40:00.851326Z,5,NVIDIA L20Z,67710,81559,0,46,132.10
2026-09-15T12:40:00.851326Z,6,NVIDIA L20Z,71318,81559,0,37,126.25
2026-09-15T12:40:00.851326Z,7,NVIDIA L20Z,70678,81559,0,40,121.34
2026-09-15T12:40:06.025698Z,0,NVIDIA L20Z,4,81559,0,33,70.05
2026-09-15T12:40:06.025698Z,1,NVIDIA L20Z,4,81559,0,30,69.84
2026-09-15T12:40:06.025698Z,2,NVIDIA L20Z,4,81559,0,33,71.30
2026-09-15T12:40:06.025698Z,3,NVIDIA L20Z,4,81559,0,32,73.38
2026-09-15T12:40:06.025698Z,4,NVIDIA L20Z,67584,81559,0,34,124.41
2026-09-15T12:40:06.025698Z,5,NVIDIA L20Z,67710,81559,0,45,131.23
2026-09-15T12:40:06.025698Z,6,NVIDIA L20Z,71318,81559,0,37,126.86
2026-09-15T12:40:06.025698Z,7,NVIDIA L20Z,70678,81559,0,40,121.25
2026-09-15T12:40:11.175896Z,0,NVIDIA L20Z,4,81559,0,33,70.08
2026-09-15T12:40:11.175896Z,1,NVIDIA L20Z,4,81559,0,30,109.17
2026-09-15T12:40:11.175896Z,2,NVIDIA L20Z,4,81559,0,33,71.33
2026-09-15T12:40:11.175896Z,3,NVIDIA L20Z,4,81559,0,32,73.45
2026-09-15T12:40:11.175896Z,4,NVIDIA L20Z,67584,81559,0,34,124.45
2026-09-15T12:40:11.175896Z,5,NVIDIA L20Z,67710,81559,0,44,130.53
2026-09-15T12:40:11.175896Z,6,NVIDIA L20Z,71318,81559,0,37,126.86
2026-09-15T12:40:11.175896Z,7,NVIDIA L20Z,70678,81559,0,40,121.22
2026-09-15T12:40:16.693796Z,0,NVIDIA L20Z,4,81559,0,32,70.03
2026-09-15T12:40:16.693796Z,1,NVIDIA L20Z,4,81559,0,30,69.98
2026-09-15T12:40:16.693796Z,2,NVIDIA L20Z,4,81559,0,33,71.34
2026-09-15T12:40:16.693796Z,3,NVIDIA L20Z,4,81559,0,32,73.65
2026-09-15T12:40:16.693796Z,4,NVIDIA L20Z,67584,81559,0,34,124.42
2026-09-15T12:40:16.693796Z,5,NVIDIA L20Z,68237,81559,0,43,130.10
2026-09-15T12:40:16.693796Z,6,NVIDIA L20Z,71318,81559,0,37,126.79
2026-09-15T12:40:16.693796Z,7,NVIDIA L20Z,70678,81559,0,40,121.18
2026-09-15T12:40:21.889357Z,0,NVIDIA L20Z,4,81559,0,32,70.00
2026-09-15T12:40:21.889357Z,1,NVIDIA L20Z,4,81559,0,30,69.95
2026-09-15T12:40:21.889357Z,2,NVIDIA L20Z,4,81559,0,33,71.36
2026-09-15T12:40:21.889357Z,3,NVIDIA L20Z,4,81559,0,32,73.44
2026-09-15T12:40:21.889357Z,4,NVIDIA L20Z,67584,81559,0,34,124.39
2026-09-15T12:40:21.889357Z,5,NVIDIA L20Z,67710,81559,0,42,129.67
2026-09-15T12:40:21.889357Z,6,NVIDIA L20Z,71318,81559,0,37,126.76
2026-09-15T12:40:21.889357Z,7,NVIDIA L20Z,70678,81559,0,39,121.08
2026-09-15T12:40:27.063761Z,0,NVIDIA L20Z,4,81559,0,32,69.99
2026-09-15T12:40:27.063761Z,1,NVIDIA L20Z,4,81559,0,30,69.94
2026-09-15T12:40:27.063761Z,2,NVIDIA L20Z,4,81559,0,33,71.24
2026-09-15T12:40:27.063761Z,3,NVIDIA L20Z,4,81559,0,32,73.47
2026-09-15T12:40:27.063761Z,4,NVIDIA L20Z,67584,81559,0,34,124.41
2026-09-15T12:40:27.063761Z,5,NVIDIA L20Z,67710,81559,0,42,128.06
2026-09-15T12:40:27.063761Z,6,NVIDIA L20Z,71318,81559,0,37,126.73
2026-09-15T12:40:27.063761Z,7,NVIDIA L20Z,70678,81559,0,39,121.01
2026-09-15T12:40:32.242937Z,0,NVIDIA L20Z,4,81559,0,32,70.03
2026-09-15T12:40:32.242937Z,1,NVIDIA L20Z,4,81559,0,30,69.91
2026-09-15T12:40:32.242937Z,2,NVIDIA L20Z,4,81559,0,33,71.26
2026-09-15T12:40:32.242937Z,3,NVIDIA L20Z,4,81559,0,32,73.45
2026-09-15T12:40:32.242937Z,4,NVIDIA L20Z,67584,81559,0,34,124.40
2026-09-15T12:40:32.242937Z,5,NVIDIA L20Z,67710,81559,0,41,127.71
2026-09-15T12:40:32.242937Z,6,NVIDIA L20Z,71318,81559,0,36,126.70
2026-09-15T12:40:32.242937Z,7,NVIDIA L20Z,70678,81559,0,39,120.99
2026-09-15T12:40:37.394107Z,0,NVIDIA L20Z,4,81559,0,32,70.00
2026-09-15T12:40:37.394107Z,1,NVIDIA L20Z,4,81559,0,30,69.90
2026-09-15T12:40:37.394107Z,2,NVIDIA L20Z,4,81559,0,33,71.31
2026-09-15T12:40:37.394107Z,3,NVIDIA L20Z,4,81559,0,32,73.42
2026-09-15T12:40:37.394107Z,4,NVIDIA L20Z,67584,81559,0,34,124.40
2026-09-15T12:40:37.394107Z,5,NVIDIA L20Z,67710,81559,0,41,127.53
2026-09-15T12:40:37.394107Z,6,NVIDIA L20Z,71318,81559,0,36,126.62
2026-09-15T12:40:37.394107Z,7,NVIDIA L20Z,70678,81559,0,39,120.92
2026-09-15T12:40:42.569041Z,0,NVIDIA L20Z,4,81559,0,32,70.00
2026-09-15T12:40:42.569041Z,1,NVIDIA L20Z,4,81559,0,30,69.91
2026-09-15T12:40:42.569041Z,2,NVIDIA L20Z,4,81559,0,33,71.30
2026-09-15T12:40:42.569041Z,3,NVIDIA L20Z,4,81559,0,32,73.39
2026-09-15T12:40:42.569041Z,4,NVIDIA L20Z,67584,81559,0,34,124.34
2026-09-15T12:40:42.569041Z,5,NVIDIA L20Z,67710,81559,0,40,127.30
2026-09-15T12:40:42.569041Z,6,NVIDIA L20Z,71318,81559,0,36,126.57
2026-09-15T12:40:42.569041Z,7,NVIDIA L20Z,70678,81559,0,39,120.87
2026-09-15T12:40:47.816139Z,0,NVIDIA L20Z,4,81559,0,32,70.00
2026-09-15T12:40:47.816139Z,1,NVIDIA L20Z,4,81559,0,30,69.83
2026-09-15T12:40:47.816139Z,2,NVIDIA L20Z,4,81559,0,33,71.31
2026-09-15T12:40:47.816139Z,3,NVIDIA L20Z,4,81559,0,32,73.40
2026-09-15T12:40:47.816139Z,4,NVIDIA L20Z,67584,81559,0,34,124.28
2026-09-15T12:40:47.816139Z,5,NVIDIA L20Z,67710,81559,0,40,127.22
2026-09-15T12:40:47.816139Z,6,NVIDIA L20Z,71318,81559,0,36,126.58
2026-09-15T12:40:47.816139Z,7,NVIDIA L20Z,70678,81559,0,39,120.83
2026-09-15T12:40:52.968683Z,0,NVIDIA L20Z,4,81559,0,32,69.97
2026-09-15T12:40:52.968683Z,1,NVIDIA L20Z,4,81559,0,30,69.88
2026-09-15T12:40:52.968683Z,2,NVIDIA L20Z,4,81559,0,33,71.26
2026-09-15T12:40:52.968683Z,3,NVIDIA L20Z,4,81559,0,32,73.35
2026-09-15T12:40:52.968683Z,4,NVIDIA L20Z,67584,81559,0,34,124.26
2026-09-15T12:40:52.968683Z,5,NVIDIA L20Z,67710,81559,0,40,127.00
2026-09-15T12:40:52.968683Z,6,NVIDIA L20Z,71318,81559,0,36,126.47
2026-09-15T12:40:52.968683Z,7,NVIDIA L20Z,70678,81559,0,39,120.83
2026-09-15T12:40:58.115279Z,0,NVIDIA L20Z,4,81559,0,32,69.97
2026-09-15T12:40:58.115279Z,1,NVIDIA L20Z,4,81559,0,30,69.87
2026-09-15T12:40:58.115279Z,2,NVIDIA L20Z,4,81559,0,33,71.25
2026-09-15T12:40:58.115279Z,3,NVIDIA L20Z,4,81559,0,32,73.42
2026-09-15T12:40:58.115279Z,4,NVIDIA L20Z,67584,81559,0,34,124.29
2026-09-15T12:40:58.115279Z,5,NVIDIA L20Z,67710,81559,0,40,126.85
2026-09-15T12:40:58.115279Z,6,NVIDIA L20Z,71318,81559,0,36,126.50
2026-09-15T12:40:58.115279Z,7,NVIDIA L20Z,70678,81559,0,39,120.78
2026-09-15T12:41:03.277049Z,0,NVIDIA L20Z,4,81559,0,32,69.94
2026-09-15T12:41:03.277049Z,1,NVIDIA L20Z,4,81559,0,30,69.93
2026-09-15T12:41:03.277049Z,2,NVIDIA L20Z,4,81559,0,33,71.21
2026-09-15T12:41:03.277049Z,3,NVIDIA L20Z,4,81559,0,32,73.38
2026-09-15T12:41:03.277049Z,4,NVIDIA L20Z,67584,81559,0,34,124.31
2026-09-15T12:41:03.277049Z,5,NVIDIA L20Z,67710,81559,0,39,126.76
2026-09-15T12:41:03.277049Z,6,NVIDIA L20Z,71318,81559,0,36,126.50
2026-09-15T12:41:03.277049Z,7,NVIDIA L20Z,70678,81559,0,39,120.76
2026-09-15T12:41:08.425979Z,0,NVIDIA L20Z,4,81559,0,32,69.99
2026-09-15T12:41:08.425979Z,1,NVIDIA L20Z,4,81559,0,30,69.90
2026-09-15T12:41:08.425979Z,2,NVIDIA L20Z,4,81559,0,33,71.28
2026-09-15T12:41:08.425979Z,3,NVIDIA L20Z,4,81559,0,32,73.37
2026-09-15T12:41:08.425979Z,4,NVIDIA L20Z,67584,81559,0,34,124.27
2026-09-15T12:41:08.425979Z,5,NVIDIA L20Z,67710,81559,0,39,126.60
2026-09-15T12:41:08.425979Z,6,NVIDIA L20Z,71318,81559,0,36,126.47
2026-09-15T12:41:08.425979Z,7,NVIDIA L20Z,70678,81559,0,39,120.72
2026-09-15T12:41:13.593217Z,0,NVIDIA L20Z,4,81559,0,32,70.02
2026-09-15T12:41:13.593217Z,1,NVIDIA L20Z,4,81559,0,30,69.88
2026-09-15T12:41:13.593217Z,2,NVIDIA L20Z,4,81559,0,33,71.31
2026-09-15T12:41:13.593217Z,3,NVIDIA L20Z,4,81559,0,32,73.36
2026-09-15T12:41:13.593217Z,4,NVIDIA L20Z,67584,81559,0,34,124.28
2026-09-15T12:41:13.593217Z,5,NVIDIA L20Z,67710,81559,0,39,126.58
2026-09-15T12:41:13.593217Z,6,NVIDIA L20Z,71318,81559,0,36,126.45
2026-09-15T12:41:13.593217Z,7,NVIDIA L20Z,70678,81559,0,39,120.67
2026-09-15T12:41:18.740803Z,0,NVIDIA L20Z,4,81559,0,32,69.99
2026-09-15T12:41:18.740803Z,1,NVIDIA L20Z,4,81559,0,30,69.82
2026-09-15T12:41:18.740803Z,2,NVIDIA L20Z,4,81559,0,33,71.30
2026-09-15T12:41:18.740803Z,3,NVIDIA L20Z,4,81559,0,32,73.32
2026-09-15T12:41:18.740803Z,4,NVIDIA L20Z,67584,81559,0,34,124.23
2026-09-15T12:41:18.740803Z,5,NVIDIA L20Z,67710,81559,0,39,126.48
2026-09-15T12:41:18.740803Z,6,NVIDIA L20Z,71318,81559,0,36,126.54
2026-09-15T12:41:18.740803Z,7,NVIDIA L20Z,70678,81559,0,39,120.62
2026-09-15T12:41:23.901618Z,0,NVIDIA L20Z,4,81559,0,33,89.93
2026-09-15T12:41:23.901618Z,1,NVIDIA L20Z,4,81559,0,31,120.27
2026-09-15T12:41:23.901618Z,2,NVIDIA L20Z,4,81559,0,33,71.27
2026-09-15T12:41:23.901618Z,3,NVIDIA L20Z,4,81559,0,32,73.36
2026-09-15T12:41:23.901618Z,4,NVIDIA L20Z,67584,81559,0,34,124.21
2026-09-15T12:41:23.901618Z,5,NVIDIA L20Z,67710,81559,0,39,126.38
2026-09-15T12:41:23.901618Z,6,NVIDIA L20Z,71318,81559,0,36,126.48
2026-09-15T12:41:23.901618Z,7,NVIDIA L20Z,70678,81559,0,39,120.56
2026-09-15T12:41:29.186650Z,0,NVIDIA L20Z,4,81559,0,32,70.01
2026-09-15T12:41:29.186650Z,1,NVIDIA L20Z,4,81559,0,30,70.04
2026-09-15T12:41:29.186650Z,2,NVIDIA L20Z,4,81559,0,33,71.33
2026-09-15T12:41:29.186650Z,3,NVIDIA L20Z,4,81559,0,32,73.50
2026-09-15T12:41:29.186650Z,4,NVIDIA L20Z,67584,81559,0,34,124.21
2026-09-15T12:41:29.186650Z,5,NVIDIA L20Z,67710,81559,0,39,126.02
2026-09-15T12:41:29.186650Z,6,NVIDIA L20Z,71318,81559,0,36,126.43
2026-09-15T12:41:29.186650Z,7,NVIDIA L20Z,70678,81559,0,38,120.60
2026-09-15T12:41:34.423283Z,0,NVIDIA L20Z,4,81559,0,32,69.98
2026-09-15T12:41:34.423283Z,1,NVIDIA L20Z,4,81559,0,30,69.93
2026-09-15T12:41:34.423283Z,2,NVIDIA L20Z,4,81559,0,33,71.23
2026-09-15T12:41:34.423283Z,3,NVIDIA L20Z,4,81559,0,32,73.40
2026-09-15T12:41:34.423283Z,4,NVIDIA L20Z,67584,81559,0,34,124.21
2026-09-15T12:41:34.423283Z,5,NVIDIA L20Z,67710,81559,0,39,126.27
2026-09-15T12:41:34.423283Z,6,NVIDIA L20Z,71318,81559,0,36,126.23
2026-09-15T12:41:34.423283Z,7,NVIDIA L20Z,70678,81559,0,38,120.58
2026-09-15T12:41:39.672179Z,0,NVIDIA L20Z,4,81559,0,32,69.98
2026-09-15T12:41:39.672179Z,1,NVIDIA L20Z,4,81559,0,30,69.93
2026-09-15T12:41:39.672179Z,2,NVIDIA L20Z,4,81559,0,33,71.23
2026-09-15T12:41:39.672179Z,3,NVIDIA L20Z,4,81559,0,32,73.44
2026-09-15T12:41:39.672179Z,4,NVIDIA L20Z,67584,81559,0,34,124.17
2026-09-15T12:41:39.672179Z,5,NVIDIA L20Z,67710,81559,0,39,126.24
2026-09-15T12:41:39.672179Z,6,NVIDIA L20Z,71318,81559,0,36,122.43
2026-09-15T12:41:39.672179Z,7,NVIDIA L20Z,70678,81559,0,39,117.21
2026-09-15T12:41:44.823499Z,0,NVIDIA L20Z,4,81559,0,32,69.95
2026-09-15T12:41:44.823499Z,1,NVIDIA L20Z,4,81559,0,30,69.89
2026-09-15T12:41:44.823499Z,2,NVIDIA L20Z,4,81559,0,33,71.25
2026-09-15T12:41:44.823499Z,3,NVIDIA L20Z,4,81559,0,32,73.38
2026-09-15T12:41:44.823499Z,4,NVIDIA L20Z,67584,81559,0,34,124.22
2026-09-15T12:41:44.823499Z,5,NVIDIA L20Z,67710,81559,0,39,126.22
2026-09-15T12:41:44.823499Z,6,NVIDIA L20Z,71318,81559,0,36,122.33
2026-09-15T12:41:44.823499Z,7,NVIDIA L20Z,70678,81559,0,38,117.06
2026-09-15T12:41:49.972221Z,0,NVIDIA L20Z,4,81559,0,32,70.01
2026-09-15T12:41:49.972221Z,1,NVIDIA L20Z,4,81559,0,30,69.89
2026-09-15T12:41:49.972221Z,2,NVIDIA L20Z,4,81559,0,33,71.38
2026-09-15T12:41:49.972221Z,3,NVIDIA L20Z,4,81559,0,32,73.35
2026-09-15T12:41:49.972221Z,4,NVIDIA L20Z,67584,81559,0,33,124.22
2026-09-15T12:41:49.972221Z,5,NVIDIA L20Z,67710,81559,0,38,126.13
2026-09-15T12:41:49.972221Z,6,NVIDIA L20Z,71638,81559,82,41,312.40
2026-09-15T12:41:49.972221Z,7,NVIDIA L20Z,70998,81559,81,43,294.86
2026-09-15T12:41:55.129960Z,0,NVIDIA L20Z,4,81559,0,32,69.99
2026-09-15T12:41:55.129960Z,1,NVIDIA L20Z,4,81559,0,30,69.85
2026-09-15T12:41:55.129960Z,2,NVIDIA L20Z,4,81559,0,33,71.31
2026-09-15T12:41:55.129960Z,3,NVIDIA L20Z,4,81559,0,32,73.29
2026-09-15T12:41:55.129960Z,4,NVIDIA L20Z,67584,81559,0,33,124.23
2026-09-15T12:41:55.129960Z,5,NVIDIA L20Z,67710,81559,0,38,126.13
2026-09-15T12:41:55.129960Z,6,NVIDIA L20Z,71638,81559,48,40,319.99
2026-09-15T12:41:55.129960Z,7,NVIDIA L20Z,70998,81559,17,43,295.32
2026-09-15T12:42:00.282559Z,0,NVIDIA L20Z,4,81559,0,32,69.97
2026-09-15T12:42:00.282559Z,1,NVIDIA L20Z,4,81559,0,30,69.85
2026-09-15T12:42:00.282559Z,2,NVIDIA L20Z,4,81559,0,33,71.25
2026-09-15T12:42:00.282559Z,3,NVIDIA L20Z,4,81559,0,32,73.34
2026-09-15T12:42:00.282559Z,4,NVIDIA L20Z,67584,81559,0,33,124.16
2026-09-15T12:42:00.282559Z,5,NVIDIA L20Z,67710,81559,0,38,126.08
2026-09-15T12:42:00.282559Z,6,NVIDIA L20Z,71638,81559,46,43,301.17
2026-09-15T12:42:00.282559Z,7,NVIDIA L20Z,71000,81559,36,45,265.90
2026-09-15T12:42:05.440795Z,0,NVIDIA L20Z,4,81559,0,32,69.97
2026-09-15T12:42:05.440795Z,1,NVIDIA L20Z,4,81559,0,30,69.82
2026-09-15T12:42:05.440795Z,2,NVIDIA L20Z,4,81559,0,33,71.23
2026-09-15T12:42:05.440795Z,3,NVIDIA L20Z,4,81559,0,32,73.32
2026-09-15T12:42:05.440795Z,4,NVIDIA L20Z,67584,81559,0,33,124.04
2026-09-15T12:42:05.440795Z,5,NVIDIA L20Z,67710,81559,0,38,126.07
2026-09-15T12:42:05.440795Z,6,NVIDIA L20Z,71640,81559,0,42,316.16
2026-09-15T12:42:05.440795Z,7,NVIDIA L20Z,71000,81559,52,44,324.33
2026-09-15T12:42:10.747431Z,0,NVIDIA L20Z,4,81559,0,32,69.96
2026-09-15T12:42:10.747431Z,1,NVIDIA L20Z,4,81559,0,30,69.83
2026-09-15T12:42:10.747431Z,2,NVIDIA L20Z,4,81559,0,33,71.21
2026-09-15T12:42:10.747431Z,3,NVIDIA L20Z,4,81559,0,32,73.36
2026-09-15T12:42:10.747431Z,4,NVIDIA L20Z,67584,81559,0,33,124.13
2026-09-15T12:42:10.747431Z,5,NVIDIA L20Z,67710,81559,0,38,126.04
2026-09-15T12:42:10.747431Z,6,NVIDIA L20Z,71640,81559,80,44,318.79
2026-09-15T12:42:10.747431Z,7,NVIDIA L20Z,71000,81559,72,47,315.97
2026-09-15T12:42:15.954529Z,0,NVIDIA L20Z,4,81559,0,32,69.92
2026-09-15T12:42:15.954529Z,1,NVIDIA L20Z,4,81559,0,30,69.84
2026-09-15T12:42:15.954529Z,2,NVIDIA L20Z,4,81559,0,33,71.21
2026-09-15T12:42:15.954529Z,3,NVIDIA L20Z,4,81559,0,32,73.34
2026-09-15T12:42:15.954529Z,4,NVIDIA L20Z,67584,81559,0,33,124.09
2026-09-15T12:42:15.954529Z,5,NVIDIA L20Z,67710,81559,0,38,125.99
2026-09-15T12:42:15.954529Z,6,NVIDIA L20Z,71640,81559,93,45,324.91
2026-09-15T12:42:15.954529Z,7,NVIDIA L20Z,71000,81559,48,47,293.01
2026-09-15T12:42:21.107372Z,0,NVIDIA L20Z,4,81559,0,32,69.93
2026-09-15T12:42:21.107372Z,1,NVIDIA L20Z,4,81559,0,30,69.88
2026-09-15T12:42:21.107372Z,2,NVIDIA L20Z,4,81559,0,33,71.27
2026-09-15T12:42:21.107372Z,3,NVIDIA L20Z,4,81559,0,32,73.34
2026-09-15T12:42:21.107372Z,4,NVIDIA L20Z,67584,81559,0,33,124.13
2026-09-15T12:42:21.107372Z,5,NVIDIA L20Z,67710,81559,0,38,125.90
2026-09-15T12:42:21.107372Z,6,NVIDIA L20Z,71640,81559,46,45,310.79
2026-09-15T12:42:21.107372Z,7,NVIDIA L20Z,71000,81559,82,48,303.43
2026-09-15T12:42:26.264332Z,0,NVIDIA L20Z,11408,81559,1,33,117.23
2026-09-15T12:42:26.264332Z,1,NVIDIA L20Z,11072,81559,2,31,116.67
2026-09-15T12:42:26.264332Z,2,NVIDIA L20Z,4,81559,0,33,71.29
2026-09-15T12:42:26.264332Z,3,NVIDIA L20Z,4,81559,0,32,73.31
2026-09-15T12:42:26.264332Z,4,NVIDIA L20Z,67584,81559,0,33,124.08
2026-09-15T12:42:26.264332Z,5,NVIDIA L20Z,67710,81559,0,38,125.88
2026-09-15T12:42:26.264332Z,6,NVIDIA L20Z,71640,81559,89,45,333.40
2026-09-15T12:42:26.264332Z,7,NVIDIA L20Z,71000,81559,9,47,264.30
2026-09-15T12:42:31.419433Z,0,NVIDIA L20Z,27822,81559,9,34,117.49
2026-09-15T12:42:31.419433Z,1,NVIDIA L20Z,27822,81559,9,31,116.85
2026-09-15T12:42:31.419433Z,2,NVIDIA L20Z,4,81559,0,33,71.26
2026-09-15T12:42:31.419433Z,3,NVIDIA L20Z,4,81559,0,32,73.31
2026-09-15T12:42:31.419433Z,4,NVIDIA L20Z,67584,81559,0,33,124.09
2026-09-15T12:42:31.419433Z,5,NVIDIA L20Z,67710,81559,0,38,125.97
2026-09-15T12:42:31.419433Z,6,NVIDIA L20Z,71640,81559,59,46,309.66
2026-09-15T12:42:31.419433Z,7,NVIDIA L20Z,71000,81559,41,47,267.66
2026-09-15T12:42:36.678620Z,0,NVIDIA L20Z,27822,81559,7,34,122.30
2026-09-15T12:42:36.678620Z,1,NVIDIA L20Z,27822,81559,6,32,121.22
2026-09-15T12:42:36.678620Z,2,NVIDIA L20Z,531,81559,0,34,77.11
2026-09-15T12:42:36.678620Z,3,NVIDIA L20Z,4,81559,0,32,73.30
2026-09-15T12:42:36.678620Z,4,NVIDIA L20Z,67584,81559,0,33,124.15
2026-09-15T12:42:36.678620Z,5,NVIDIA L20Z,67710,81559,0,38,125.92
2026-09-15T12:42:36.678620Z,6,NVIDIA L20Z,71640,81559,69,44,196.49
2026-09-15T12:42:36.678620Z,7,NVIDIA L20Z,71000,81559,82,46,178.66
2026-09-15T12:42:41.874738Z,0,NVIDIA L20Z,69202,81559,0,34,127.73
2026-09-15T12:42:41.874738Z,1,NVIDIA L20Z,69236,81559,0,32,132.53
2026-09-15T12:42:41.874738Z,2,NVIDIA L20Z,4,81559,0,33,71.31
2026-09-15T12:42:41.874738Z,3,NVIDIA L20Z,4,81559,0,32,73.35
2026-09-15T12:42:41.874738Z,4,NVIDIA L20Z,67584,81559,0,33,124.13
2026-09-15T12:42:41.874738Z,5,NVIDIA L20Z,67710,81559,0,38,125.39
2026-09-15T12:42:41.874738Z,6,NVIDIA L20Z,71640,81559,84,47,333.52
2026-09-15T12:42:41.874738Z,7,NVIDIA L20Z,71000,81559,65,49,282.02
2026-09-15T12:42:47.398291Z,0,NVIDIA L20Z,69204,81559,0,34,117.30
2026-09-15T12:42:47.398291Z,1,NVIDIA L20Z,69204,81559,0,32,117.20
2026-09-15T12:42:47.398291Z,2,NVIDIA L20Z,4,81559,0,33,71.34
2026-09-15T12:42:47.398291Z,3,NVIDIA L20Z,4,81559,0,32,73.35
2026-09-15T12:42:47.398291Z,4,NVIDIA L20Z,67584,81559,0,33,124.14
2026-09-15T12:42:47.398291Z,5,NVIDIA L20Z,67710,81559,0,38,125.99
2026-09-15T12:42:47.398291Z,6,NVIDIA L20Z,71640,81559,38,47,339.03
2026-09-15T12:42:47.398291Z,7,NVIDIA L20Z,71000,81559,84,50,348.30
2026-09-15T12:42:52.551180Z,0,NVIDIA L20Z,70160,81559,0,35,135.01
2026-09-15T12:42:52.551180Z,1,NVIDIA L20Z,69520,81559,0,32,134.78
2026-09-15T12:42:52.551180Z,2,NVIDIA L20Z,4,81559,0,33,71.24
2026-09-15T12:42:52.551180Z,3,NVIDIA L20Z,4,81559,0,32,73.35
2026-09-15T12:42:52.551180Z,4,NVIDIA L20Z,67584,81559,0,33,124.17
2026-09-15T12:42:52.551180Z,5,NVIDIA L20Z,67710,81559,0,38,125.88
2026-09-15T12:42:52.551180Z,6,NVIDIA L20Z,71640,81559,0,47,344.69
2026-09-15T12:42:52.551180Z,7,NVIDIA L20Z,71000,81559,71,49,326.08
2026-09-15T12:42:57.718579Z,0,NVIDIA L20Z,70160,81559,0,35,117.55
2026-09-15T12:42:57.718579Z,1,NVIDIA L20Z,69520,81559,0,32,117.42
2026-09-15T12:42:57.718579Z,2,NVIDIA L20Z,4,81559,0,33,71.36
2026-09-15T12:42:57.718579Z,3,NVIDIA L20Z,4,81559,0,32,73.36
2026-09-15T12:42:57.718579Z,4,NVIDIA L20Z,67584,81559,0,33,124.08
2026-09-15T12:42:57.718579Z,5,NVIDIA L20Z,67710,81559,0,38,125.90
2026-09-15T12:42:57.718579Z,6,NVIDIA L20Z,71640,81559,36,46,288.89
2026-09-15T12:42:57.718579Z,7,NVIDIA L20Z,71000,81559,19,49,262.87
2026-09-15T12:43:02.907798Z,0,NVIDIA L20Z,70710,81559,0,35,118.00
2026-09-15T12:43:02.907798Z,1,NVIDIA L20Z,70070,81559,0,33,117.50
2026-09-15T12:43:02.907798Z,2,NVIDIA L20Z,4,81559,0,33,71.31
2026-09-15T12:43:02.907798Z,3,NVIDIA L20Z,4,81559,0,32,73.33
2026-09-15T12:43:02.907798Z,4,NVIDIA L20Z,67584,81559,0,33,124.15
2026-09-15T12:43:02.907798Z,5,NVIDIA L20Z,67710,81559,0,38,125.90
2026-09-15T12:43:02.907798Z,6,NVIDIA L20Z,71640,81559,32,47,319.50
2026-09-15T12:43:02.907798Z,7,NVIDIA L20Z,71000,81559,37,51,316.44
2026-09-15T12:43:08.086932Z,0,NVIDIA L20Z,70710,81559,0,35,118.03
2026-09-15T12:43:08.086932Z,1,NVIDIA L20Z,70070,81559,0,33,117.49
2026-09-15T12:43:08.086932Z,2,NVIDIA L20Z,4,81559,0,33,71.32
2026-09-15T12:43:08.086932Z,3,NVIDIA L20Z,4,81559,0,32,73.31
2026-09-15T12:43:08.086932Z,4,NVIDIA L20Z,67584,81559,0,33,124.12
2026-09-15T12:43:08.086932Z,5,NVIDIA L20Z,67710,81559,0,38,125.92
2026-09-15T12:43:08.086932Z,6,NVIDIA L20Z,71640,81559,30,45,350.83
2026-09-15T12:43:08.086932Z,7,NVIDIA L20Z,71000,81559,4,49,315.93
2026-09-15T12:43:13.233197Z,0,NVIDIA L20Z,70710,81559,0,35,118.04
2026-09-15T12:43:13.233197Z,1,NVIDIA L20Z,70070,81559,0,33,117.48
2026-09-15T12:43:13.233197Z,2,NVIDIA L20Z,4,81559,0,33,71.30
2026-09-15T12:43:13.233197Z,3,NVIDIA L20Z,4,81559,0,32,73.34
2026-09-15T12:43:13.233197Z,4,NVIDIA L20Z,67584,81559,0,33,124.09
2026-09-15T12:43:13.233197Z,5,NVIDIA L20Z,67710,81559,0,38,125.84
2026-09-15T12:43:13.233197Z,6,NVIDIA L20Z,71640,81559,24,46,276.61
2026-09-15T12:43:13.233197Z,7,NVIDIA L20Z,71000,81559,23,49,239.05
2026-09-15T12:43:18.412925Z,0,NVIDIA L20Z,70710,81559,0,35,117.68
2026-09-15T12:43:18.412925Z,1,NVIDIA L20Z,70070,81559,0,33,117.51
2026-09-15T12:43:18.412925Z,2,NVIDIA L20Z,4,81559,0,33,71.29
2026-09-15T12:43:18.412925Z,3,NVIDIA L20Z,4,81559,0,32,73.30
2026-09-15T12:43:18.412925Z,4,NVIDIA L20Z,67584,81559,0,33,124.13
2026-09-15T12:43:18.412925Z,5,NVIDIA L20Z,67710,81559,0,38,125.86
2026-09-15T12:43:18.412925Z,6,NVIDIA L20Z,71640,81559,65,48,364.84
2026-09-15T12:43:18.412925Z,7,NVIDIA L20Z,71000,81559,15,49,316.56
2026-09-15T12:43:23.639515Z,0,NVIDIA L20Z,70710,81559,0,35,117.65
2026-09-15T12:43:23.639515Z,1,NVIDIA L20Z,70070,81559,0,33,117.44
2026-09-15T12:43:23.639515Z,2,NVIDIA L20Z,4,81559,0,33,71.25
2026-09-15T12:43:23.639515Z,3,NVIDIA L20Z,4,81559,0,32,73.35
2026-09-15T12:43:23.639515Z,4,NVIDIA L20Z,67584,81559,0,33,124.13
2026-09-15T12:43:23.639515Z,5,NVIDIA L20Z,67710,81559,0,38,125.91
2026-09-15T12:43:23.639515Z,6,NVIDIA L20Z,71640,81559,82,49,369.51
2026-09-15T12:43:23.639515Z,7,NVIDIA L20Z,71000,81559,45,53,351.12
2026-09-15T12:43:28.829270Z,0,NVIDIA L20Z,70710,81559,0,35,117.70
2026-09-15T12:43:28.829270Z,1,NVIDIA L20Z,70070,81559,0,33,117.46
2026-09-15T12:43:28.829270Z,2,NVIDIA L20Z,4,81559,0,33,71.22
2026-09-15T12:43:28.829270Z,3,NVIDIA L20Z,4,81559,0,32,73.34
2026-09-15T12:43:28.829270Z,4,NVIDIA L20Z,67584,81559,0,33,124.12
2026-09-15T12:43:28.829270Z,5,NVIDIA L20Z,67710,81559,0,38,125.78
2026-09-15T12:43:28.829270Z,6,NVIDIA L20Z,71640,81559,9,48,315.30
2026-09-15T12:43:28.829270Z,7,NVIDIA L20Z,71000,81559,37,51,284.72
2026-09-15T12:43:33.987541Z,0,NVIDIA L20Z,70710,81559,0,35,116.29
2026-09-15T12:43:33.987541Z,1,NVIDIA L20Z,70070,81559,0,33,117.50
2026-09-15T12:43:33.987541Z,2,NVIDIA L20Z,4,81559,0,33,71.21
2026-09-15T12:43:33.987541Z,3,NVIDIA L20Z,4,81559,0,32,73.36
2026-09-15T12:43:33.987541Z,4,NVIDIA L20Z,67584,81559,0,33,124.05
2026-09-15T12:43:33.987541Z,5,NVIDIA L20Z,67710,81559,0,38,125.84
2026-09-15T12:43:33.987541Z,6,NVIDIA L20Z,71640,81559,79,49,365.30
2026-09-15T12:43:33.987541Z,7,NVIDIA L20Z,71000,81559,70,53,311.89
2026-09-15T12:43:39.175982Z,0,NVIDIA L20Z,70710,81559,0,35,115.79
2026-09-15T12:43:39.175982Z,1,NVIDIA L20Z,70070,81559,0,33,117.52
2026-09-15T12:43:39.175982Z,2,NVIDIA L20Z,4,81559,0,33,71.27
2026-09-15T12:43:39.175982Z,3,NVIDIA L20Z,4,81559,0,32,73.37
2026-09-15T12:43:39.175982Z,4,NVIDIA L20Z,67584,81559,0,33,124.05
2026-09-15T12:43:39.175982Z,5,NVIDIA L20Z,67710,81559,0,38,125.85
2026-09-15T12:43:39.175982Z,6,NVIDIA L20Z,71640,81559,58,49,343.61
2026-09-15T12:43:39.175982Z,7,NVIDIA L20Z,71000,81559,57,53,333.18
2026-09-15T12:43:44.328079Z,0,NVIDIA L20Z,70710,81559,0,35,116.28
2026-09-15T12:43:44.328079Z,1,NVIDIA L20Z,70070,81559,0,33,117.57
2026-09-15T12:43:44.328079Z,2,NVIDIA L20Z,4,81559,0,33,71.23
2026-09-15T12:43:44.328079Z,3,NVIDIA L20Z,4,81559,0,32,73.32
2026-09-15T12:43:44.328079Z,4,NVIDIA L20Z,67584,81559,0,33,124.12
2026-09-15T12:43:44.328079Z,5,NVIDIA L20Z,67710,81559,0,38,125.78
2026-09-15T12:43:44.328079Z,6,NVIDIA L20Z,71640,81559,1,49,313.86
2026-09-15T12:43:44.328079Z,7,NVIDIA L20Z,71000,81559,57,52,292.38
2026-09-15T12:43:49.482455Z,0,NVIDIA L20Z,70710,81559,0,36,120.53
2026-09-15T12:43:49.482455Z,1,NVIDIA L20Z,70070,81559,0,33,121.94
2026-09-15T12:43:49.482455Z,2,NVIDIA L20Z,4,81559,1,34,94.29
2026-09-15T12:43:49.482455Z,3,NVIDIA L20Z,4,81559,0,32,73.32
2026-09-15T12:43:49.482455Z,4,NVIDIA L20Z,67584,81559,0,33,124.11
2026-09-15T12:43:49.482455Z,5,NVIDIA L20Z,67710,81559,0,38,125.73
2026-09-15T12:43:49.482455Z,6,NVIDIA L20Z,71640,81559,82,50,380.05
2026-09-15T12:43:49.482455Z,7,NVIDIA L20Z,71000,81559,82,55,350.18
2026-09-15T12:43:54.635632Z,0,NVIDIA L20Z,70710,81559,0,36,120.55
2026-09-15T12:43:54.635632Z,1,NVIDIA L20Z,70070,81559,0,33,121.98
2026-09-15T12:43:54.635632Z,2,NVIDIA L20Z,4,81559,0,33,71.35
2026-09-15T12:43:54.635632Z,3,NVIDIA L20Z,4,81559,0,32,73.42
2026-09-15T12:43:54.635632Z,4,NVIDIA L20Z,67584,81559,0,33,124.12
2026-09-15T12:43:54.635632Z,5,NVIDIA L20Z,67710,81559,0,38,125.39
2026-09-15T12:43:54.635632Z,6,NVIDIA L20Z,71640,81559,82,50,340.40
2026-09-15T12:43:54.635632Z,7,NVIDIA L20Z,71000,81559,82,55,318.46
2026-09-15T12:43:59.841229Z,0,NVIDIA L20Z,70710,81559,0,36,120.54
2026-09-15T12:43:59.841229Z,1,NVIDIA L20Z,70070,81559,0,33,121.95
2026-09-15T12:43:59.841229Z,2,NVIDIA L20Z,4,81559,0,33,71.27
2026-09-15T12:43:59.841229Z,3,NVIDIA L20Z,4,81559,0,32,73.35
2026-09-15T12:43:59.841229Z,4,NVIDIA L20Z,67584,81559,0,33,124.10
2026-09-15T12:43:59.841229Z,5,NVIDIA L20Z,67710,81559,0,38,125.92
2026-09-15T12:43:59.841229Z,6,NVIDIA L20Z,71640,81559,8,50,356.60
2026-09-15T12:43:59.841229Z,7,NVIDIA L20Z,71000,81559,92,53,346.79
2026-09-15T12:44:04.988338Z,0,NVIDIA L20Z,70710,81559,0,36,120.57
2026-09-15T12:44:04.988338Z,1,NVIDIA L20Z,70070,81559,0,33,121.97
2026-09-15T12:44:04.988338Z,2,NVIDIA L20Z,4,81559,0,33,71.28
2026-09-15T12:44:04.988338Z,3,NVIDIA L20Z,4,81559,0,32,73.36
2026-09-15T12:44:04.988338Z,4,NVIDIA L20Z,67584,81559,0,33,124.13
2026-09-15T12:44:04.988338Z,5,NVIDIA L20Z,67710,81559,0,38,125.85
2026-09-15T12:44:04.988338Z,6,NVIDIA L20Z,71640,81559,82,50,324.21
2026-09-15T12:44:04.988338Z,7,NVIDIA L20Z,71000,81559,51,55,311.99
2026-09-15T12:44:10.145548Z,0,NVIDIA L20Z,70710,81559,0,36,120.57
2026-09-15T12:44:10.145548Z,1,NVIDIA L20Z,70070,81559,0,33,121.97
2026-09-15T12:44:10.145548Z,2,NVIDIA L20Z,4,81559,0,33,71.24
2026-09-15T12:44:10.145548Z,3,NVIDIA L20Z,4,81559,0,32,73.38
2026-09-15T12:44:10.145548Z,4,NVIDIA L20Z,67584,81559,0,33,124.08
2026-09-15T12:44:10.145548Z,5,NVIDIA L20Z,67710,81559,0,38,125.88
2026-09-15T12:44:10.145548Z,6,NVIDIA L20Z,71640,81559,86,49,345.48
2026-09-15T12:44:10.145548Z,7,NVIDIA L20Z,71000,81559,30,52,303.25
2026-09-15T12:44:15.292681Z,0,NVIDIA L20Z,70710,81559,0,36,120.60
2026-09-15T12:44:15.292681Z,1,NVIDIA L20Z,70070,81559,0,33,121.96
2026-09-15T12:44:15.292681Z,2,NVIDIA L20Z,4,81559,0,33,71.34
2026-09-15T12:44:15.292681Z,3,NVIDIA L20Z,4,81559,0,32,73.38
2026-09-15T12:44:15.292681Z,4,NVIDIA L20Z,67584,81559,0,34,124.13
2026-09-15T12:44:15.292681Z,5,NVIDIA L20Z,67710,81559,0,38,125.79
2026-09-15T12:44:15.292681Z,6,NVIDIA L20Z,71640,81559,87,51,367.58
2026-09-15T12:44:15.292681Z,7,NVIDIA L20Z,71000,81559,57,54,302.17
2026-09-15T12:44:20.448640Z,0,NVIDIA L20Z,70710,81559,0,36,120.62
2026-09-15T12:44:20.448640Z,1,NVIDIA L20Z,70070,81559,0,33,122.02
2026-09-15T12:44:20.448640Z,2,NVIDIA L20Z,4,81559,0,33,71.32
2026-09-15T12:44:20.448640Z,3,NVIDIA L20Z,4,81559,0,32,73.32
2026-09-15T12:44:20.448640Z,4,NVIDIA L20Z,67584,81559,0,34,124.19
2026-09-15T12:44:20.448640Z,5,NVIDIA L20Z,67710,81559,0,38,125.80
2026-09-15T12:44:20.448640Z,6,NVIDIA L20Z,71640,81559,68,49,298.35
2026-09-15T12:44:20.448640Z,7,NVIDIA L20Z,71000,81559,72,54,286.53
2026-09-15T12:44:25.662899Z,0,NVIDIA L20Z,70710,81559,0,36,120.63
2026-09-15T12:44:25.662899Z,1,NVIDIA L20Z,70070,81559,0,33,122.04
2026-09-15T12:44:25.662899Z,2,NVIDIA L20Z,4,81559,0,33,71.30
2026-09-15T12:44:25.662899Z,3,NVIDIA L20Z,4,81559,0,32,73.32
2026-09-15T12:44:25.662899Z,4,NVIDIA L20Z,67584,81559,0,34,124.14
2026-09-15T12:44:25.662899Z,5,NVIDIA L20Z,67710,81559,0,38,125.78
2026-09-15T12:44:25.662899Z,6,NVIDIA L20Z,71640,81559,85,51,395.14
2026-09-15T12:44:25.662899Z,7,NVIDIA L20Z,71000,81559,46,55,334.88
2026-09-15T12:44:30.817012Z,0,NVIDIA L20Z,70710,81559,0,36,120.64
2026-09-15T12:44:30.817012Z,1,NVIDIA L20Z,70070,81559,0,33,122.07
2026-09-15T12:44:30.817012Z,2,NVIDIA L20Z,4,81559,0,33,71.30
2026-09-15T12:44:30.817012Z,3,NVIDIA L20Z,4,81559,0,32,73.29
2026-09-15T12:44:30.817012Z,4,NVIDIA L20Z,67584,81559,0,34,124.09
2026-09-15T12:44:30.817012Z,5,NVIDIA L20Z,67710,81559,0,38,125.74
2026-09-15T12:44:30.817012Z,6,NVIDIA L20Z,71640,81559,72,50,374.19
2026-09-15T12:44:30.817012Z,7,NVIDIA L20Z,71000,81559,44,54,292.12
2026-09-15T12:44:36.178157Z,0,NVIDIA L20Z,70710,81559,0,36,120.65
2026-09-15T12:44:36.178157Z,1,NVIDIA L20Z,70070,81559,0,33,121.51
2026-09-15T12:44:36.178157Z,2,NVIDIA L20Z,4,81559,0,33,71.27
2026-09-15T12:44:36.178157Z,3,NVIDIA L20Z,4,81559,0,32,73.32
2026-09-15T12:44:36.178157Z,4,NVIDIA L20Z,67584,81559,0,34,124.21
2026-09-15T12:44:36.178157Z,5,NVIDIA L20Z,67710,81559,0,38,125.85
2026-09-15T12:44:36.178157Z,6,NVIDIA L20Z,71640,81559,77,50,315.56
2026-09-15T12:44:36.178157Z,7,NVIDIA L20Z,71000,81559,23,54,280.77
2026-09-15T12:44:41.440553Z,0,NVIDIA L20Z,70710,81559,0,36,120.65
2026-09-15T12:44:41.440553Z,1,NVIDIA L20Z,70070,81559,0,33,122.05
2026-09-15T12:44:41.440553Z,2,NVIDIA L20Z,4,81559,0,33,71.35
2026-09-15T12:44:41.440553Z,3,NVIDIA L20Z,4,81559,0,32,75.98
2026-09-15T12:44:41.440553Z,4,NVIDIA L20Z,67584,81559,0,34,124.19
2026-09-15T12:44:41.440553Z,5,NVIDIA L20Z,67710,81559,0,38,125.60
2026-09-15T12:44:41.440553Z,6,NVIDIA L20Z,71640,81559,47,51,380.29
2026-09-15T12:44:41.440553Z,7,NVIDIA L20Z,71000,81559,83,55,379.32
2026-09-15T12:44:46.861660Z,0,NVIDIA L20Z,70710,81559,0,36,120.66
2026-09-15T12:44:46.861660Z,1,NVIDIA L20Z,70070,81559,0,33,122.06
2026-09-15T12:44:46.861660Z,2,NVIDIA L20Z,4,81559,0,33,71.33
2026-09-15T12:44:46.861660Z,3,NVIDIA L20Z,4,81559,0,32,73.43
2026-09-15T12:44:46.861660Z,4,NVIDIA L20Z,67584,81559,0,34,124.11
2026-09-15T12:44:46.861660Z,5,NVIDIA L20Z,67710,81559,0,38,125.88
2026-09-15T12:44:46.861660Z,6,NVIDIA L20Z,71640,81559,40,48,290.08
2026-09-15T12:44:46.861660Z,7,NVIDIA L20Z,71000,81559,36,52,251.46
2026-09-15T12:44:52.014386Z,0,NVIDIA L20Z,70710,81559,0,36,120.75
2026-09-15T12:44:52.014386Z,1,NVIDIA L20Z,70070,81559,0,33,122.07
2026-09-15T12:44:52.014386Z,2,NVIDIA L20Z,4,81559,0,33,71.34
2026-09-15T12:44:52.014386Z,3,NVIDIA L20Z,4,81559,0,32,73.40
2026-09-15T12:44:52.014386Z,4,NVIDIA L20Z,67584,81559,0,33,124.10
2026-09-15T12:44:52.014386Z,5,NVIDIA L20Z,67710,81559,0,38,125.82
2026-09-15T12:44:52.014386Z,6,NVIDIA L20Z,71640,81559,51,49,292.50
2026-09-15T12:44:52.014386Z,7,NVIDIA L20Z,71000,81559,57,55,281.67
2026-09-15T12:44:57.168886Z,0,NVIDIA L20Z,70710,81559,0,36,120.73
2026-09-15T12:44:57.168886Z,1,NVIDIA L20Z,70070,81559,0,33,121.25
2026-09-15T12:44:57.168886Z,2,NVIDIA L20Z,4,81559,0,33,71.38
2026-09-15T12:44:57.168886Z,3,NVIDIA L20Z,4,81559,0,32,73.41
2026-09-15T12:44:57.168886Z,4,NVIDIA L20Z,67584,81559,0,34,124.04
2026-09-15T12:44:57.168886Z,5,NVIDIA L20Z,67710,81559,0,38,125.77
2026-09-15T12:44:57.168886Z,6,NVIDIA L20Z,71640,81559,37,49,311.75
2026-09-15T12:44:57.168886Z,7,NVIDIA L20Z,71000,81559,20,54,275.42
2026-09-15T12:45:02.469697Z,0,NVIDIA L20Z,70710,81559,0,36,120.34
2026-09-15T12:45:02.469697Z,1,NVIDIA L20Z,70070,81559,0,33,121.29
2026-09-15T12:45:02.469697Z,2,NVIDIA L20Z,4,81559,0,34,115.82
2026-09-15T12:45:02.469697Z,3,NVIDIA L20Z,531,81559,3,33,86.57
2026-09-15T12:45:02.469697Z,4,NVIDIA L20Z,67584,81559,0,34,124.06
2026-09-15T12:45:02.469697Z,5,NVIDIA L20Z,67710,81559,0,38,125.81
2026-09-15T12:45:02.469697Z,6,NVIDIA L20Z,71640,81559,47,48,357.55
2026-09-15T12:45:02.469697Z,7,NVIDIA L20Z,71000,81559,66,54,305.65
2026-09-15T12:45:07.752841Z,0,NVIDIA L20Z,70710,81559,0,36,120.31
2026-09-15T12:45:07.752841Z,1,NVIDIA L20Z,70070,81559,0,33,121.24
2026-09-15T12:45:07.752841Z,2,NVIDIA L20Z,4,81559,0,34,71.36
2026-09-15T12:45:07.752841Z,3,NVIDIA L20Z,4,81559,0,32,73.45
2026-09-15T12:45:07.752841Z,4,NVIDIA L20Z,67584,81559,0,34,124.15
2026-09-15T12:45:07.752841Z,5,NVIDIA L20Z,67710,81559,0,38,125.79
2026-09-15T12:45:07.752841Z,6,NVIDIA L20Z,71640,81559,57,50,286.85
2026-09-15T12:45:07.752841Z,7,NVIDIA L20Z,71000,81559,35,53,252.38
2026-09-15T12:45:13.051283Z,0,NVIDIA L20Z,70710,81559,0,36,120.33
2026-09-15T12:45:13.051283Z,1,NVIDIA L20Z,70070,81559,0,33,121.23
2026-09-15T12:45:13.051283Z,2,NVIDIA L20Z,4,81559,0,33,71.32
2026-09-15T12:45:13.051283Z,3,NVIDIA L20Z,4,81559,0,32,73.38
2026-09-15T12:45:13.051283Z,4,NVIDIA L20Z,67584,81559,0,34,124.19
2026-09-15T12:45:13.051283Z,5,NVIDIA L20Z,67710,81559,0,38,125.75
2026-09-15T12:45:13.051283Z,6,NVIDIA L20Z,71640,81559,81,50,362.62
2026-09-15T12:45:13.051283Z,7,NVIDIA L20Z,71000,81559,62,54,336.92
2026-09-15T12:45:18.200397Z,0,NVIDIA L20Z,70710,81559,0,36,120.24
2026-09-15T12:45:18.200397Z,1,NVIDIA L20Z,70070,81559,0,33,121.22
2026-09-15T12:45:18.200397Z,2,NVIDIA L20Z,4,81559,0,33,71.28
2026-09-15T12:45:18.200397Z,3,NVIDIA L20Z,4,81559,0,32,73.41
2026-09-15T12:45:18.200397Z,4,NVIDIA L20Z,67584,81559,0,34,124.17
2026-09-15T12:45:18.200397Z,5,NVIDIA L20Z,67710,81559,0,38,125.87
2026-09-15T12:45:18.200397Z,6,NVIDIA L20Z,71640,81559,81,49,326.95
2026-09-15T12:45:18.200397Z,7,NVIDIA L20Z,71000,81559,81,54,317.57
2026-09-15T12:45:23.353796Z,0,NVIDIA L20Z,70710,81559,0,36,120.26
2026-09-15T12:45:23.353796Z,1,NVIDIA L20Z,70070,81559,0,33,121.21
2026-09-15T12:45:23.353796Z,2,NVIDIA L20Z,4,81559,0,33,71.30
2026-09-15T12:45:23.353796Z,3,NVIDIA L20Z,4,81559,0,32,73.42
2026-09-15T12:45:23.353796Z,4,NVIDIA L20Z,67584,81559,0,34,124.19
2026-09-15T12:45:23.353796Z,5,NVIDIA L20Z,67710,81559,0,38,125.74
2026-09-15T12:45:23.353796Z,6,NVIDIA L20Z,71640,81559,83,50,323.23
2026-09-15T12:45:23.353796Z,7,NVIDIA L20Z,71002,81559,34,55,276.07
2026-09-15T12:45:28.505883Z,0,NVIDIA L20Z,70710,81559,0,36,120.54
2026-09-15T12:45:28.505883Z,1,NVIDIA L20Z,70070,81559,0,33,121.20
2026-09-15T12:45:28.505883Z,2,NVIDIA L20Z,4,81559,0,33,71.30
2026-09-15T12:45:28.505883Z,3,NVIDIA L20Z,4,81559,0,32,73.40
2026-09-15T12:45:28.505883Z,4,NVIDIA L20Z,67584,81559,0,34,124.18
2026-09-15T12:45:28.505883Z,5,NVIDIA L20Z,67710,81559,0,38,125.79
2026-09-15T12:45:28.505883Z,6,NVIDIA L20Z,71642,81559,27,49,360.91
2026-09-15T12:45:28.505883Z,7,NVIDIA L20Z,71002,81559,1,52,290.28
2026-09-15T12:45:33.680201Z,0,NVIDIA L20Z,70710,81559,0,36,120.27
2026-09-15T12:45:33.680201Z,1,NVIDIA L20Z,70070,81559,0,33,121.19
2026-09-15T12:45:33.680201Z,2,NVIDIA L20Z,4,81559,0,33,71.34
2026-09-15T12:45:33.680201Z,3,NVIDIA L20Z,4,81559,0,32,73.39
2026-09-15T12:45:33.680201Z,4,NVIDIA L20Z,67584,81559,0,34,124.15
2026-09-15T12:45:33.680201Z,5,NVIDIA L20Z,67710,81559,0,38,125.71
2026-09-15T12:45:33.680201Z,6,NVIDIA L20Z,71642,81559,83,51,378.25
2026-09-15T12:45:33.680201Z,7,NVIDIA L20Z,71002,81559,83,56,336.61
2026-09-15T12:45:38.830158Z,0,NVIDIA L20Z,70710,81559,0,36,119.28
2026-09-15T12:45:38.830158Z,1,NVIDIA L20Z,70070,81559,0,33,121.25
2026-09-15T12:45:38.830158Z,2,NVIDIA L20Z,4,81559,0,33,71.34
2026-09-15T12:45:38.830158Z,3,NVIDIA L20Z,4,81559,0,32,73.34
2026-09-15T12:45:38.830158Z,4,NVIDIA L20Z,67584,81559,0,34,124.18
2026-09-15T12:45:38.830158Z,5,NVIDIA L20Z,67710,81559,0,38,125.87
2026-09-15T12:45:38.830158Z,6,NVIDIA L20Z,71642,81559,86,51,344.51
2026-09-15T12:45:38.830158Z,7,NVIDIA L20Z,71002,81559,61,53,267.80
2026-09-15T12:45:43.991578Z,0,NVIDIA L20Z,70710,81559,0,36,120.31
2026-09-15T12:45:43.991578Z,1,NVIDIA L20Z,70070,81559,0,33,121.31
2026-09-15T12:45:43.991578Z,2,NVIDIA L20Z,4,81559,0,35,124.72
2026-09-15T12:45:43.991578Z,3,NVIDIA L20Z,4,81559,0,32,73.39
2026-09-15T12:45:43.991578Z,4,NVIDIA L20Z,67584,81559,0,34,124.12
2026-09-15T12:45:43.991578Z,5,NVIDIA L20Z,67710,81559,0,38,125.77
2026-09-15T12:45:43.991578Z,6,NVIDIA L20Z,71642,81559,31,48,289.84
2026-09-15T12:45:43.991578Z,7,NVIDIA L20Z,71002,81559,22,53,295.73
2026-09-15T12:45:49.322534Z,0,NVIDIA L20Z,70712,81559,92,38,153.99
2026-09-15T12:45:49.322534Z,1,NVIDIA L20Z,70072,81559,16,36,192.41
2026-09-15T12:45:49.322534Z,2,NVIDIA L20Z,4,81559,0,34,71.41
2026-09-15T12:45:49.322534Z,3,NVIDIA L20Z,4,81559,0,32,73.39
2026-09-15T12:45:49.322534Z,4,NVIDIA L20Z,67584,81559,0,34,124.11
2026-09-15T12:45:49.322534Z,5,NVIDIA L20Z,67710,81559,0,38,125.83
2026-09-15T12:45:49.322534Z,6,NVIDIA L20Z,71642,81559,77,51,382.49
2026-09-15T12:45:49.322534Z,7,NVIDIA L20Z,71002,81559,44,55,333.59
2026-09-15T12:45:54.539892Z,0,NVIDIA L20Z,70712,81559,0,36,117.42
2026-09-15T12:45:54.539892Z,1,NVIDIA L20Z,70072,81559,0,33,117.29
2026-09-15T12:45:54.539892Z,2,NVIDIA L20Z,4,81559,0,34,71.39
2026-09-15T12:45:54.539892Z,3,NVIDIA L20Z,4,81559,0,32,73.45
2026-09-15T12:45:54.539892Z,4,NVIDIA L20Z,67584,81559,0,34,124.24
2026-09-15T12:45:54.539892Z,5,NVIDIA L20Z,67710,81559,0,38,125.90
2026-09-15T12:45:54.539892Z,6,NVIDIA L20Z,71642,81559,12,50,352.34
2026-09-15T12:45:54.539892Z,7,NVIDIA L20Z,71002,81559,22,52,272.35
2026-09-15T12:45:59.729792Z,0,NVIDIA L20Z,70712,81559,0,36,117.36
2026-09-15T12:45:59.729792Z,1,NVIDIA L20Z,70072,81559,0,33,117.23
2026-09-15T12:45:59.729792Z,2,NVIDIA L20Z,4,81559,0,34,71.34
2026-09-15T12:45:59.729792Z,3,NVIDIA L20Z,4,81559,0,32,73.45
2026-09-15T12:45:59.729792Z,4,NVIDIA L20Z,67584,81559,0,34,124.30
2026-09-15T12:45:59.729792Z,5,NVIDIA L20Z,67710,81559,0,38,125.87
2026-09-15T12:45:59.729792Z,6,NVIDIA L20Z,71642,81559,81,51,324.91
2026-09-15T12:45:59.729792Z,7,NVIDIA L20Z,71002,81559,81,56,318.49
2026-09-15T12:46:04.885510Z,0,NVIDIA L20Z,70712,81559,0,36,117.37
2026-09-15T12:46:04.885510Z,1,NVIDIA L20Z,70072,81559,0,33,117.22
2026-09-15T12:46:04.885510Z,2,NVIDIA L20Z,4,81559,0,34,71.35
2026-09-15T12:46:04.885510Z,3,NVIDIA L20Z,4,81559,0,32,73.41
2026-09-15T12:46:04.885510Z,4,NVIDIA L20Z,67584,81559,0,34,124.24
2026-09-15T12:46:04.885510Z,5,NVIDIA L20Z,67710,81559,0,38,125.91
2026-09-15T12:46:04.885510Z,6,NVIDIA L20Z,71642,81559,85,51,378.88
2026-09-15T12:46:04.885510Z,7,NVIDIA L20Z,71002,81559,48,56,339.92
2026-09-15T12:46:10.036249Z,0,NVIDIA L20Z,70753,81559,0,36,117.85
2026-09-15T12:46:10.036249Z,1,NVIDIA L20Z,70072,81559,0,33,117.12
2026-09-15T12:46:10.036249Z,2,NVIDIA L20Z,4,81559,0,34,71.39
2026-09-15T12:46:10.036249Z,3,NVIDIA L20Z,4,81559,0,32,73.42
2026-09-15T12:46:10.036249Z,4,NVIDIA L20Z,67584,81559,0,34,124.15
2026-09-15T12:46:10.036249Z,5,NVIDIA L20Z,67710,81559,0,38,125.81
2026-09-15T12:46:10.036249Z,6,NVIDIA L20Z,71642,81559,82,51,332.88
2026-09-15T12:46:10.036249Z,7,NVIDIA L20Z,71002,81559,82,57,317.11
2026-09-15T12:46:15.281959Z,0,NVIDIA L20Z,70712,81559,0,36,121.49
2026-09-15T12:46:15.281959Z,1,NVIDIA L20Z,70072,81559,0,33,121.47
2026-09-15T12:46:15.281959Z,2,NVIDIA L20Z,4,81559,0,34,88.57
2026-09-15T12:46:15.281959Z,3,NVIDIA L20Z,4,81559,0,32,73.41
2026-09-15T12:46:15.281959Z,4,NVIDIA L20Z,67584,81559,0,34,124.21
2026-09-15T12:46:15.281959Z,5,NVIDIA L20Z,67710,81559,0,38,125.82
2026-09-15T12:46:15.281959Z,6,NVIDIA L20Z,71642,81559,91,51,374.81
2026-09-15T12:46:15.281959Z,7,NVIDIA L20Z,71002,81559,49,55,324.93
2026-09-15T12:46:21.148692Z,0,NVIDIA L20Z,70712,81559,0,36,121.46
2026-09-15T12:46:21.148692Z,1,NVIDIA L20Z,70072,81559,0,33,121.50
2026-09-15T12:46:21.148692Z,2,NVIDIA L20Z,4,81559,0,34,71.43
2026-09-15T12:46:21.148692Z,3,NVIDIA L20Z,4,81559,0,32,73.43
2026-09-15T12:46:21.148692Z,4,NVIDIA L20Z,67584,81559,0,34,124.14
2026-09-15T12:46:21.148692Z,5,NVIDIA L20Z,67710,81559,0,38,125.90
2026-09-15T12:46:21.148692Z,6,NVIDIA L20Z,71642,81559,94,52,375.88
2026-09-15T12:46:21.148692Z,7,NVIDIA L20Z,71002,81559,41,55,271.71
2026-09-15T12:46:26.376741Z,0,NVIDIA L20Z,70712,81559,0,36,121.43
2026-09-15T12:46:26.376741Z,1,NVIDIA L20Z,70072,81559,0,33,121.49
2026-09-15T12:46:26.376741Z,2,NVIDIA L20Z,4,81559,0,34,71.40
2026-09-15T12:46:26.376741Z,3,NVIDIA L20Z,4,81559,0,32,73.39
2026-09-15T12:46:26.376741Z,4,NVIDIA L20Z,67584,81559,0,34,124.26
2026-09-15T12:46:26.376741Z,5,NVIDIA L20Z,67710,81559,0,38,125.78
2026-09-15T12:46:26.376741Z,6,NVIDIA L20Z,71642,81559,82,51,360.86
2026-09-15T12:46:26.376741Z,7,NVIDIA L20Z,71002,81559,81,56,353.16
2026-09-15T12:46:31.532221Z,0,NVIDIA L20Z,70712,81559,0,36,121.43
2026-09-15T12:46:31.532221Z,1,NVIDIA L20Z,70072,81559,0,33,121.53
2026-09-15T12:46:31.532221Z,2,NVIDIA L20Z,4,81559,0,33,71.39
2026-09-15T12:46:31.532221Z,3,NVIDIA L20Z,4,81559,0,32,73.38
2026-09-15T12:46:31.532221Z,4,NVIDIA L20Z,67584,81559,0,34,124.32
2026-09-15T12:46:31.532221Z,5,NVIDIA L20Z,67710,81559,0,38,125.77
2026-09-15T12:46:31.532221Z,6,NVIDIA L20Z,71642,81559,78,50,340.73
2026-09-15T12:46:31.532221Z,7,NVIDIA L20Z,71002,81559,44,55,300.30
2026-09-15T12:46:36.830003Z,0,NVIDIA L20Z,70712,81559,0,36,121.40
2026-09-15T12:46:36.830003Z,1,NVIDIA L20Z,70072,81559,0,33,121.49
2026-09-15T12:46:36.830003Z,2,NVIDIA L20Z,4,81559,0,33,71.34
2026-09-15T12:46:36.830003Z,3,NVIDIA L20Z,4,81559,0,32,73.35
2026-09-15T12:46:36.830003Z,4,NVIDIA L20Z,67584,81559,0,34,124.25
2026-09-15T12:46:36.830003Z,5,NVIDIA L20Z,67710,81559,0,38,125.83
2026-09-15T12:46:36.830003Z,6,NVIDIA L20Z,71642,81559,80,51,334.82
2026-09-15T12:46:36.830003Z,7,NVIDIA L20Z,71002,81559,37,54,248.09
2026-09-15T12:46:41.980537Z,0,NVIDIA L20Z,70712,81559,0,36,121.42
2026-09-15T12:46:41.980537Z,1,NVIDIA L20Z,70072,81559,0,33,121.49
2026-09-15T12:46:41.980537Z,2,NVIDIA L20Z,4,81559,0,33,71.32
2026-09-15T12:46:41.980537Z,3,NVIDIA L20Z,4,81559,0,32,73.33
2026-09-15T12:46:41.980537Z,4,NVIDIA L20Z,67584,81559,0,34,124.27
2026-09-15T12:46:41.980537Z,5,NVIDIA L20Z,67710,81559,0,38,125.92
2026-09-15T12:46:41.980537Z,6,NVIDIA L20Z,71642,81559,0,51,342.70
2026-09-15T12:46:41.980537Z,7,NVIDIA L20Z,71002,81559,67,56,332.81
2026-09-15T12:46:47.139017Z,0,NVIDIA L20Z,70712,81559,0,36,121.40
2026-09-15T12:46:47.139017Z,1,NVIDIA L20Z,70072,81559,0,33,121.49
2026-09-15T12:46:47.139017Z,2,NVIDIA L20Z,4,81559,0,33,71.34
2026-09-15T12:46:47.139017Z,3,NVIDIA L20Z,4,81559,0,32,73.39
2026-09-15T12:46:47.139017Z,4,NVIDIA L20Z,67584,81559,0,34,124.22
2026-09-15T12:46:47.139017Z,5,NVIDIA L20Z,67710,81559,0,38,125.89
2026-09-15T12:46:47.139017Z,6,NVIDIA L20Z,71642,81559,84,51,335.61
2026-09-15T12:46:47.139017Z,7,NVIDIA L20Z,71002,81559,85,56,288.81
2026-09-15T12:46:52.295732Z,0,NVIDIA L20Z,70712,81559,0,36,121.43
2026-09-15T12:46:52.295732Z,1,NVIDIA L20Z,70072,81559,0,33,121.49
2026-09-15T12:46:52.295732Z,2,NVIDIA L20Z,4,81559,0,33,71.36
2026-09-15T12:46:52.295732Z,3,NVIDIA L20Z,4,81559,0,32,73.38
2026-09-15T12:46:52.295732Z,4,NVIDIA L20Z,67584,81559,0,34,124.19
2026-09-15T12:46:52.295732Z,5,NVIDIA L20Z,67710,81559,0,38,125.89
2026-09-15T12:46:52.295732Z,6,NVIDIA L20Z,71642,81559,34,49,281.73
2026-09-15T12:46:52.295732Z,7,NVIDIA L20Z,71002,81559,61,55,298.13
2026-09-15T12:46:57.447877Z,0,NVIDIA L20Z,70712,81559,0,36,121.41
2026-09-15T12:46:57.447877Z,1,NVIDIA L20Z,70072,81559,0,33,121.47
2026-09-15T12:46:57.447877Z,2,NVIDIA L20Z,4,81559,0,33,71.32
2026-09-15T12:46:57.447877Z,3,NVIDIA L20Z,4,81559,0,32,73.39
2026-09-15T12:46:57.447877Z,4,NVIDIA L20Z,67584,81559,0,34,124.19
2026-09-15T12:46:57.447877Z,5,NVIDIA L20Z,67710,81559,0,38,125.71
2026-09-15T12:46:57.447877Z,6,NVIDIA L20Z,71642,81559,19,49,294.42
2026-09-15T12:46:57.447877Z,7,NVIDIA L20Z,71002,81559,7,53,274.69
2026-09-15T12:47:02.609814Z,0,NVIDIA L20Z,70712,81559,0,36,121.43
2026-09-15T12:47:02.609814Z,1,NVIDIA L20Z,70072,81559,0,33,121.49
2026-09-15T12:47:02.609814Z,2,NVIDIA L20Z,4,81559,0,33,71.29
2026-09-15T12:47:02.609814Z,3,NVIDIA L20Z,4,81559,0,32,73.38
2026-09-15T12:47:02.609814Z,4,NVIDIA L20Z,67584,81559,0,34,124.26
2026-09-15T12:47:02.609814Z,5,NVIDIA L20Z,67710,81559,0,38,125.83
2026-09-15T12:47:02.609814Z,6,NVIDIA L20Z,71642,81559,0,48,311.44
2026-09-15T12:47:02.609814Z,7,NVIDIA L20Z,71002,81559,25,53,294.08
2026-09-15T12:47:07.792505Z,0,NVIDIA L20Z,70712,81559,0,36,121.36
2026-09-15T12:47:07.792505Z,1,NVIDIA L20Z,70072,81559,0,33,121.45
2026-09-15T12:47:07.792505Z,2,NVIDIA L20Z,4,81559,0,33,71.26
2026-09-15T12:47:07.792505Z,3,NVIDIA L20Z,4,81559,0,32,73.34
2026-09-15T12:47:07.792505Z,4,NVIDIA L20Z,67584,81559,0,34,124.29
2026-09-15T12:47:07.792505Z,5,NVIDIA L20Z,67710,81559,0,38,125.87
2026-09-15T12:47:07.792505Z,6,NVIDIA L20Z,71642,81559,28,51,330.52
2026-09-15T12:47:07.792505Z,7,NVIDIA L20Z,71002,81559,82,58,317.88
2026-09-15T12:47:12.943215Z,0,NVIDIA L20Z,70712,81559,0,36,121.40
2026-09-15T12:47:12.943215Z,1,NVIDIA L20Z,70072,81559,0,33,121.44
2026-09-15T12:47:12.943215Z,2,NVIDIA L20Z,4,81559,0,33,71.24
2026-09-15T12:47:12.943215Z,3,NVIDIA L20Z,4,81559,0,32,73.32
2026-09-15T12:47:12.943215Z,4,NVIDIA L20Z,67584,81559,0,34,124.16
2026-09-15T12:47:12.943215Z,5,NVIDIA L20Z,67710,81559,0,38,125.79
2026-09-15T12:47:12.943215Z,6,NVIDIA L20Z,71642,81559,7,49,358.13
2026-09-15T12:47:12.943215Z,7,NVIDIA L20Z,71002,81559,25,55,322.14
2026-09-15T12:47:18.095510Z,0,NVIDIA L20Z,70712,81559,0,36,121.39
2026-09-15T12:47:18.095510Z,1,NVIDIA L20Z,70072,81559,0,33,121.47
2026-09-15T12:47:18.095510Z,2,NVIDIA L20Z,4,81559,0,33,71.27
2026-09-15T12:47:18.095510Z,3,NVIDIA L20Z,4,81559,0,32,73.34
2026-09-15T12:47:18.095510Z,4,NVIDIA L20Z,67584,81559,0,34,124.23
2026-09-15T12:47:18.095510Z,5,NVIDIA L20Z,67710,81559,0,38,125.92
2026-09-15T12:47:18.095510Z,6,NVIDIA L20Z,71642,81559,16,47,286.10
2026-09-15T12:47:18.095510Z,7,NVIDIA L20Z,71002,81559,51,53,241.00
2026-09-15T12:47:23.287056Z,0,NVIDIA L20Z,70712,81559,0,36,121.42
2026-09-15T12:47:23.287056Z,1,NVIDIA L20Z,70072,81559,0,33,121.47
2026-09-15T12:47:23.287056Z,2,NVIDIA L20Z,4,81559,0,33,71.47
2026-09-15T12:47:23.287056Z,3,NVIDIA L20Z,4,81559,0,32,73.38
2026-09-15T12:47:23.287056Z,4,NVIDIA L20Z,67584,81559,0,34,124.19
2026-09-15T12:47:23.287056Z,5,NVIDIA L20Z,67710,81559,0,38,125.84
2026-09-15T12:47:23.287056Z,6,NVIDIA L20Z,71642,81559,81,51,316.98
2026-09-15T12:47:23.287056Z,7,NVIDIA L20Z,71002,81559,80,56,305.93
2026-09-15T12:47:28.441962Z,0,NVIDIA L20Z,70712,81559,0,36,121.46
2026-09-15T12:47:28.441962Z,1,NVIDIA L20Z,70072,81559,0,33,121.45
2026-09-15T12:47:28.441962Z,2,NVIDIA L20Z,4,81559,0,35,124.96
2026-09-15T12:47:28.441962Z,3,NVIDIA L20Z,4,81559,0,32,73.35
2026-09-15T12:47:28.441962Z,4,NVIDIA L20Z,67584,81559,0,34,124.23
2026-09-15T12:47:28.441962Z,5,NVIDIA L20Z,67710,81559,0,38,125.85
2026-09-15T12:47:28.441962Z,6,NVIDIA L20Z,71642,81559,23,49,311.97
2026-09-15T12:47:28.441962Z,7,NVIDIA L20Z,71002,81559,27,55,298.68
2026-09-15T12:47:33.754573Z,0,NVIDIA L20Z,70712,81559,0,36,121.46
2026-09-15T12:47:33.754573Z,1,NVIDIA L20Z,70072,81559,0,33,121.47
2026-09-15T12:47:33.754573Z,2,NVIDIA L20Z,4,81559,0,34,71.35
2026-09-15T12:47:33.754573Z,3,NVIDIA L20Z,4,81559,0,32,73.43
2026-09-15T12:47:33.754573Z,4,NVIDIA L20Z,67584,81559,0,34,124.22
2026-09-15T12:47:33.754573Z,5,NVIDIA L20Z,67710,81559,0,38,125.61
2026-09-15T12:47:33.754573Z,6,NVIDIA L20Z,71642,81559,20,48,344.91
2026-09-15T12:47:33.754573Z,7,NVIDIA L20Z,71002,81559,73,55,316.94
2026-09-15T12:47:39.024404Z,0,NVIDIA L20Z,70712,81559,0,36,121.46
2026-09-15T12:47:39.024404Z,1,NVIDIA L20Z,70072,81559,0,33,121.44
2026-09-15T12:47:39.024404Z,2,NVIDIA L20Z,4,81559,0,33,71.35
2026-09-15T12:47:39.024404Z,3,NVIDIA L20Z,4,81559,0,32,73.38
2026-09-15T12:47:39.024404Z,4,NVIDIA L20Z,67584,81559,0,34,124.32
2026-09-15T12:47:39.024404Z,5,NVIDIA L20Z,67710,81559,0,38,125.88
2026-09-15T12:47:39.024404Z,6,NVIDIA L20Z,71642,81559,44,50,324.00
2026-09-15T12:47:39.024404Z,7,NVIDIA L20Z,71002,81559,80,56,355.81
2026-09-15T12:47:44.170213Z,0,NVIDIA L20Z,70712,81559,0,36,121.43
2026-09-15T12:47:44.170213Z,1,NVIDIA L20Z,70072,81559,0,33,121.87
2026-09-15T12:47:44.170213Z,2,NVIDIA L20Z,4,81559,0,33,71.32
2026-09-15T12:47:44.170213Z,3,NVIDIA L20Z,4,81559,0,32,73.40
2026-09-15T12:47:44.170213Z,4,NVIDIA L20Z,67584,81559,0,34,124.20
2026-09-15T12:47:44.170213Z,5,NVIDIA L20Z,67710,81559,0,38,125.83
2026-09-15T12:47:44.170213Z,6,NVIDIA L20Z,71642,81559,75,49,339.46
2026-09-15T12:47:44.170213Z,7,NVIDIA L20Z,71002,81559,21,54,314.86
2026-09-15T12:47:49.314788Z,0,NVIDIA L20Z,70712,81559,0,36,121.44
2026-09-15T12:47:49.314788Z,1,NVIDIA L20Z,70072,81559,0,33,121.95
2026-09-15T12:47:49.314788Z,2,NVIDIA L20Z,3161,81559,0,35,121.31
2026-09-15T12:47:49.314788Z,3,NVIDIA L20Z,4,81559,0,32,73.35
2026-09-15T12:47:49.314788Z,4,NVIDIA L20Z,67584,81559,0,34,124.24
2026-09-15T12:47:49.314788Z,5,NVIDIA L20Z,67710,81559,0,38,125.88
2026-09-15T12:47:49.314788Z,6,NVIDIA L20Z,71642,81559,65,48,287.50
2026-09-15T12:47:49.314788Z,7,NVIDIA L20Z,71002,81559,37,53,243.14
2026-09-15T12:47:54.456692Z,0,NVIDIA L20Z,70712,81559,0,36,121.42
2026-09-15T12:47:54.456692Z,1,NVIDIA L20Z,70072,81559,0,33,121.93
2026-09-15T12:47:54.456692Z,2,NVIDIA L20Z,4,81559,0,34,71.01
2026-09-15T12:47:54.456692Z,3,NVIDIA L20Z,4,81559,0,32,73.37
2026-09-15T12:47:54.456692Z,4,NVIDIA L20Z,67584,81559,0,34,124.21
2026-09-15T12:47:54.456692Z,5,NVIDIA L20Z,67710,81559,0,38,125.83
2026-09-15T12:47:54.456692Z,6,NVIDIA L20Z,71642,81559,82,51,387.81
2026-09-15T12:47:54.456692Z,7,NVIDIA L20Z,71002,81559,83,56,355.26
2026-09-15T12:47:59.654894Z,0,NVIDIA L20Z,70712,81559,0,36,121.43
2026-09-15T12:47:59.654894Z,1,NVIDIA L20Z,70072,81559,0,33,121.95
2026-09-15T12:47:59.654894Z,2,NVIDIA L20Z,4,81559,0,34,107.38
2026-09-15T12:47:59.654894Z,3,NVIDIA L20Z,4,81559,0,32,73.40
2026-09-15T12:47:59.654894Z,4,NVIDIA L20Z,67584,81559,0,34,124.25
2026-09-15T12:47:59.654894Z,5,NVIDIA L20Z,67710,81559,0,38,125.83
2026-09-15T12:47:59.654894Z,6,NVIDIA L20Z,71642,81559,69,50,340.26
2026-09-15T12:47:59.654894Z,7,NVIDIA L20Z,71002,81559,5,55,314.37
2026-09-15T12:48:04.836180Z,0,NVIDIA L20Z,70712,81559,0,36,121.04
2026-09-15T12:48:04.836180Z,1,NVIDIA L20Z,70072,81559,0,33,121.97
2026-09-15T12:48:04.836180Z,2,NVIDIA L20Z,4,81559,0,34,71.04
2026-09-15T12:48:04.836180Z,3,NVIDIA L20Z,4,81559,0,32,73.38
2026-09-15T12:48:04.836180Z,4,NVIDIA L20Z,67584,81559,0,34,124.22
2026-09-15T12:48:04.836180Z,5,NVIDIA L20Z,67710,81559,0,38,125.79
2026-09-15T12:48:04.836180Z,6,NVIDIA L20Z,71642,81559,1,48,301.78
2026-09-15T12:48:04.836180Z,7,NVIDIA L20Z,71002,81559,78,54,313.65
2026-09-15T12:48:09.996661Z,0,NVIDIA L20Z,70712,81559,0,36,121.01
2026-09-15T12:48:09.996661Z,1,NVIDIA L20Z,70072,81559,0,33,121.90
2026-09-15T12:48:09.996661Z,2,NVIDIA L20Z,4,81559,0,34,91.79
2026-09-15T12:48:09.996661Z,3,NVIDIA L20Z,4,81559,0,32,73.37
2026-09-15T12:48:09.996661Z,4,NVIDIA L20Z,67584,81559,0,34,124.22
2026-09-15T12:48:09.996661Z,5,NVIDIA L20Z,67710,81559,0,38,125.80
2026-09-15T12:48:09.996661Z,6,NVIDIA L20Z,71642,81559,84,51,354.11
2026-09-15T12:48:09.996661Z,7,NVIDIA L20Z,71002,81559,84,56,313.16
2026-09-15T12:48:15.154924Z,0,NVIDIA L20Z,70712,81559,0,36,121.42
2026-09-15T12:48:15.154924Z,1,NVIDIA L20Z,70072,81559,0,33,121.89
2026-09-15T12:48:15.154924Z,2,NVIDIA L20Z,4,81559,0,34,71.07
2026-09-15T12:48:15.154924Z,3,NVIDIA L20Z,4,81559,0,32,73.38
2026-09-15T12:48:15.154924Z,4,NVIDIA L20Z,67584,81559,0,34,124.20
2026-09-15T12:48:15.154924Z,5,NVIDIA L20Z,67710,81559,0,38,125.90
2026-09-15T12:48:15.154924Z,6,NVIDIA L20Z,71642,81559,77,50,333.44
2026-09-15T12:48:15.154924Z,7,NVIDIA L20Z,71002,81559,72,56,336.61
2026-09-15T12:48:20.307641Z,0,NVIDIA L20Z,70712,81559,0,36,121.40
2026-09-15T12:48:20.307641Z,1,NVIDIA L20Z,70072,81559,0,33,121.96
2026-09-15T12:48:20.307641Z,2,NVIDIA L20Z,4,81559,0,34,71.00
2026-09-15T12:48:20.307641Z,3,NVIDIA L20Z,4,81559,0,32,73.33
2026-09-15T12:48:20.307641Z,4,NVIDIA L20Z,67584,81559,0,34,124.18
2026-09-15T12:48:20.307641Z,5,NVIDIA L20Z,67710,81559,0,38,125.80
2026-09-15T12:48:20.307641Z,6,NVIDIA L20Z,71642,81559,82,51,328.16
2026-09-15T12:48:20.307641Z,7,NVIDIA L20Z,71002,81559,82,57,331.30
2026-09-15T12:48:25.457815Z,0,NVIDIA L20Z,70712,81559,0,36,121.43
2026-09-15T12:48:25.457815Z,1,NVIDIA L20Z,70072,81559,0,33,121.93
2026-09-15T12:48:25.457815Z,2,NVIDIA L20Z,4,81559,0,34,71.03
2026-09-15T12:48:25.457815Z,3,NVIDIA L20Z,4,81559,0,32,73.30
2026-09-15T12:48:25.457815Z,4,NVIDIA L20Z,67584,81559,0,34,124.16
2026-09-15T12:48:25.457815Z,5,NVIDIA L20Z,67710,81559,0,38,125.83
2026-09-15T12:48:25.457815Z,6,NVIDIA L20Z,71642,81559,76,50,336.12
2026-09-15T12:48:25.457815Z,7,NVIDIA L20Z,71002,81559,41,55,317.33
2026-09-15T12:48:30.629277Z,0,NVIDIA L20Z,70712,81559,0,36,121.39
2026-09-15T12:48:30.629277Z,1,NVIDIA L20Z,70072,81559,0,33,121.89
2026-09-15T12:48:30.629277Z,2,NVIDIA L20Z,4,81559,0,34,70.97
2026-09-15T12:48:30.629277Z,3,NVIDIA L20Z,4,81559,0,32,73.31
2026-09-15T12:48:30.629277Z,4,NVIDIA L20Z,67584,81559,0,34,124.18
2026-09-15T12:48:30.629277Z,5,NVIDIA L20Z,67710,81559,0,38,125.82
2026-09-15T12:48:30.629277Z,6,NVIDIA L20Z,71642,81559,0,46,294.20
2026-09-15T12:48:30.629277Z,7,NVIDIA L20Z,71002,81559,0,52,290.39
2026-09-15T12:48:35.812054Z,0,NVIDIA L20Z,70712,81559,0,36,121.36
2026-09-15T12:48:35.812054Z,1,NVIDIA L20Z,70072,81559,0,33,121.89
2026-09-15T12:48:35.812054Z,2,NVIDIA L20Z,4,81559,0,34,70.90
2026-09-15T12:48:35.812054Z,3,NVIDIA L20Z,4,81559,0,32,73.33
2026-09-15T12:48:35.812054Z,4,NVIDIA L20Z,67584,81559,0,34,124.25
2026-09-15T12:48:35.812054Z,5,NVIDIA L20Z,67710,81559,0,38,125.86
2026-09-15T12:48:35.812054Z,6,NVIDIA L20Z,71642,81559,0,44,128.35
2026-09-15T12:48:35.812054Z,7,NVIDIA L20Z,71002,81559,0,50,123.91
2026-09-15T12:48:40.960856Z,0,NVIDIA L20Z,70712,81559,0,36,121.46
2026-09-15T12:48:40.960856Z,1,NVIDIA L20Z,70072,81559,0,33,121.91
2026-09-15T12:48:40.960856Z,2,NVIDIA L20Z,4,81559,0,35,105.49
2026-09-15T12:48:40.960856Z,3,NVIDIA L20Z,4,81559,0,32,73.34
2026-09-15T12:48:40.960856Z,4,NVIDIA L20Z,67584,81559,0,34,124.13
2026-09-15T12:48:40.960856Z,5,NVIDIA L20Z,67710,81559,0,38,125.92
2026-09-15T12:48:40.960856Z,6,NVIDIA L20Z,71642,81559,11,46,281.90
2026-09-15T12:48:40.960856Z,7,NVIDIA L20Z,71002,81559,38,53,286.75
2026-09-15T12:48:46.111673Z,0,NVIDIA L20Z,70712,81559,0,36,121.22
2026-09-15T12:48:46.111673Z,1,NVIDIA L20Z,70072,81559,0,33,121.88
2026-09-15T12:48:46.111673Z,2,NVIDIA L20Z,4,81559,0,34,71.00
2026-09-15T12:48:46.111673Z,3,NVIDIA L20Z,4,81559,0,32,73.44
2026-09-15T12:48:46.111673Z,4,NVIDIA L20Z,67584,81559,0,34,124.24
2026-09-15T12:48:46.111673Z,5,NVIDIA L20Z,67710,81559,0,38,125.12
2026-09-15T12:48:46.111673Z,6,NVIDIA L20Z,71642,81559,65,49,262.61
2026-09-15T12:48:46.111673Z,7,NVIDIA L20Z,71002,81559,38,54,262.20
2026-09-15T12:48:51.620320Z,0,NVIDIA L20Z,70712,81559,0,36,121.45
2026-09-15T12:48:51.620320Z,1,NVIDIA L20Z,70072,81559,0,33,121.88
2026-09-15T12:48:51.620320Z,2,NVIDIA L20Z,4,81559,0,34,71.02
2026-09-15T12:48:51.620320Z,3,NVIDIA L20Z,4,81559,0,32,73.41
2026-09-15T12:48:51.620320Z,4,NVIDIA L20Z,67584,81559,0,34,124.18
2026-09-15T12:48:51.620320Z,5,NVIDIA L20Z,67710,81559,0,38,125.82
2026-09-15T12:48:51.620320Z,6,NVIDIA L20Z,71642,81559,58,49,332.19
2026-09-15T12:48:51.620320Z,7,NVIDIA L20Z,71002,81559,54,56,328.15
2026-09-15T12:48:56.945759Z,0,NVIDIA L20Z,70712,81559,0,36,120.97
2026-09-15T12:48:56.945759Z,1,NVIDIA L20Z,70072,81559,0,33,121.87
2026-09-15T12:48:56.945759Z,2,NVIDIA L20Z,4,81559,0,34,71.11
2026-09-15T12:48:56.945759Z,3,NVIDIA L20Z,4,81559,0,32,73.36
2026-09-15T12:48:56.945759Z,4,NVIDIA L20Z,67584,81559,0,34,124.32
2026-09-15T12:48:56.945759Z,5,NVIDIA L20Z,67710,81559,0,38,125.91
2026-09-15T12:48:56.945759Z,6,NVIDIA L20Z,71642,81559,83,48,352.74
2026-09-15T12:48:56.945759Z,7,NVIDIA L20Z,71002,81559,84,57,355.26
2026-09-15T12:49:02.098440Z,0,NVIDIA L20Z,70712,81559,0,36,120.99
2026-09-15T12:49:02.098440Z,1,NVIDIA L20Z,70072,81559,0,33,121.88
2026-09-15T12:49:02.098440Z,2,NVIDIA L20Z,4,81559,0,34,71.08
2026-09-15T12:49:02.098440Z,3,NVIDIA L20Z,4,81559,0,32,73.35
2026-09-15T12:49:02.098440Z,4,NVIDIA L20Z,67584,81559,0,34,124.32
2026-09-15T12:49:02.098440Z,5,NVIDIA L20Z,67710,81559,0,38,125.98
2026-09-15T12:49:02.098440Z,6,NVIDIA L20Z,71642,81559,57,49,334.06
2026-09-15T12:49:02.098440Z,7,NVIDIA L20Z,71002,81559,73,56,335.31
2026-09-15T12:49:07.258553Z,0,NVIDIA L20Z,70712,81559,0,36,121.01
2026-09-15T12:49:07.258553Z,1,NVIDIA L20Z,70072,81559,0,33,121.92
2026-09-15T12:49:07.258553Z,2,NVIDIA L20Z,4,81559,0,34,70.89
2026-09-15T12:49:07.258553Z,3,NVIDIA L20Z,4,81559,0,32,73.32
2026-09-15T12:49:07.258553Z,4,NVIDIA L20Z,67584,81559,0,34,124.15
2026-09-15T12:49:07.258553Z,5,NVIDIA L20Z,67710,81559,0,38,126.01
2026-09-15T12:49:07.258553Z,6,NVIDIA L20Z,71642,81559,46,48,303.82
2026-09-15T12:49:07.258553Z,7,NVIDIA L20Z,71002,81559,58,56,289.85
2026-09-15T12:49:12.442750Z,0,NVIDIA L20Z,70712,81559,0,36,121.06
2026-09-15T12:49:12.442750Z,1,NVIDIA L20Z,70072,81559,0,33,121.97
2026-09-15T12:49:12.442750Z,2,NVIDIA L20Z,4,81559,0,34,70.99
2026-09-15T12:49:12.442750Z,3,NVIDIA L20Z,4,81559,0,32,73.34
2026-09-15T12:49:12.442750Z,4,NVIDIA L20Z,67584,81559,0,34,124.39
2026-09-15T12:49:12.442750Z,5,NVIDIA L20Z,67710,81559,0,38,126.04
2026-09-15T12:49:12.442750Z,6,NVIDIA L20Z,71642,81559,79,48,336.60
2026-09-15T12:49:12.442750Z,7,NVIDIA L20Z,71002,81559,70,55,311.56
2026-09-15T12:49:17.626158Z,0,NVIDIA L20Z,70712,81559,0,36,121.07
2026-09-15T12:49:17.626158Z,1,NVIDIA L20Z,70072,81559,0,33,121.97
2026-09-15T12:49:17.626158Z,2,NVIDIA L20Z,4,81559,0,33,71.16
2026-09-15T12:49:17.626158Z,3,NVIDIA L20Z,4,81559,0,32,73.39
2026-09-15T12:49:17.626158Z,4,NVIDIA L20Z,67584,81559,0,34,124.28
2026-09-15T12:49:17.626158Z,5,NVIDIA L20Z,67710,81559,0,38,125.88
2026-09-15T12:49:17.626158Z,6,NVIDIA L20Z,71642,81559,51,50,328.83
2026-09-15T12:49:17.626158Z,7,NVIDIA L20Z,71002,81559,84,57,364.74
2026-09-15T12:49:22.830790Z,0,NVIDIA L20Z,70712,81559,0,36,121.06
2026-09-15T12:49:22.830790Z,1,NVIDIA L20Z,70072,81559,0,33,121.98
2026-09-15T12:49:22.830790Z,2,NVIDIA L20Z,4,81559,0,33,70.97
2026-09-15T12:49:22.830790Z,3,NVIDIA L20Z,4,81559,0,32,73.36
2026-09-15T12:49:22.830790Z,4,NVIDIA L20Z,67584,81559,0,34,124.24
2026-09-15T12:49:22.830790Z,5,NVIDIA L20Z,67710,81559,0,38,125.91
2026-09-15T12:49:22.830790Z,6,NVIDIA L20Z,71642,81559,94,50,296.03
2026-09-15T12:49:22.830790Z,7,NVIDIA L20Z,71002,81559,32,54,246.40
2026-09-15T12:49:28.007527Z,0,NVIDIA L20Z,70712,81559,0,36,121.00
2026-09-15T12:49:28.007527Z,1,NVIDIA L20Z,70072,81559,0,33,121.91
2026-09-15T12:49:28.007527Z,2,NVIDIA L20Z,4,81559,0,33,70.97
2026-09-15T12:49:28.007527Z,3,NVIDIA L20Z,4,81559,0,32,73.39
2026-09-15T12:49:28.007527Z,4,NVIDIA L20Z,67584,81559,0,34,124.27
2026-09-15T12:49:28.007527Z,5,NVIDIA L20Z,67710,81559,0,38,125.90
2026-09-15T12:49:28.007527Z,6,NVIDIA L20Z,71642,81559,86,50,313.75
2026-09-15T12:49:28.007527Z,7,NVIDIA L20Z,71002,81559,85,56,309.14
2026-09-15T12:49:33.169406Z,0,NVIDIA L20Z,70712,81559,0,36,121.02
2026-09-15T12:49:33.169406Z,1,NVIDIA L20Z,70072,81559,0,33,121.92
2026-09-15T12:49:33.169406Z,2,NVIDIA L20Z,4,81559,0,33,70.90
2026-09-15T12:49:33.169406Z,3,NVIDIA L20Z,4,81559,0,32,73.32
2026-09-15T12:49:33.169406Z,4,NVIDIA L20Z,67584,81559,0,34,124.27
2026-09-15T12:49:33.169406Z,5,NVIDIA L20Z,67710,81559,0,38,125.96
2026-09-15T12:49:33.169406Z,6,NVIDIA L20Z,71642,81559,0,48,334.00
2026-09-15T12:49:33.169406Z,7,NVIDIA L20Z,71002,81559,10,54,312.45
2026-09-15T12:49:38.338673Z,0,NVIDIA L20Z,70712,81559,0,36,121.04
2026-09-15T12:49:38.338673Z,1,NVIDIA L20Z,70072,81559,0,33,121.93
2026-09-15T12:49:38.338673Z,2,NVIDIA L20Z,4,81559,0,35,119.66
2026-09-15T12:49:38.338673Z,3,NVIDIA L20Z,4,81559,0,32,73.38
2026-09-15T12:49:38.338673Z,4,NVIDIA L20Z,67584,81559,0,34,124.28
2026-09-15T12:49:38.338673Z,5,NVIDIA L20Z,67710,81559,0,38,125.94
2026-09-15T12:49:38.338673Z,6,NVIDIA L20Z,71644,81559,73,49,361.66
2026-09-15T12:49:38.338673Z,7,NVIDIA L20Z,71004,81559,91,55,329.74
2026-09-15T12:49:43.623364Z,0,NVIDIA L20Z,70712,81559,0,36,121.01
2026-09-15T12:49:43.623364Z,1,NVIDIA L20Z,70072,81559,0,33,121.93
2026-09-15T12:49:43.623364Z,2,NVIDIA L20Z,4,81559,0,34,70.92
2026-09-15T12:49:43.623364Z,3,NVIDIA L20Z,4,81559,0,32,73.46
2026-09-15T12:49:43.623364Z,4,NVIDIA L20Z,67584,81559,0,34,124.28
2026-09-15T12:49:43.623364Z,5,NVIDIA L20Z,67710,81559,0,38,125.95
2026-09-15T12:49:43.623364Z,6,NVIDIA L20Z,71644,81559,83,50,343.43
2026-09-15T12:49:43.623364Z,7,NVIDIA L20Z,71004,81559,84,57,330.03
2026-09-15T12:49:48.903926Z,0,NVIDIA L20Z,70712,81559,0,36,121.07
2026-09-15T12:49:48.903926Z,1,NVIDIA L20Z,70072,81559,0,33,121.97
2026-09-15T12:49:48.903926Z,2,NVIDIA L20Z,4,81559,0,34,70.95
2026-09-15T12:49:48.903926Z,3,NVIDIA L20Z,4,81559,0,32,73.41
2026-09-15T12:49:48.903926Z,4,NVIDIA L20Z,67584,81559,0,34,124.27
2026-09-15T12:49:48.903926Z,5,NVIDIA L20Z,67710,81559,0,38,126.04
2026-09-15T12:49:48.903926Z,6,NVIDIA L20Z,71644,81559,4,48,348.33
2026-09-15T12:49:48.903926Z,7,NVIDIA L20Z,71004,81559,22,54,316.34
2026-09-15T12:49:54.078647Z,0,NVIDIA L20Z,70712,81559,0,36,121.13
2026-09-15T12:49:54.078647Z,1,NVIDIA L20Z,70072,81559,0,33,122.00
2026-09-15T12:49:54.078647Z,2,NVIDIA L20Z,4,81559,2,35,89.94
2026-09-15T12:49:54.078647Z,3,NVIDIA L20Z,4,81559,0,32,73.40
2026-09-15T12:49:54.078647Z,4,NVIDIA L20Z,67584,81559,0,34,124.37
2026-09-15T12:49:54.078647Z,5,NVIDIA L20Z,67710,81559,0,38,125.97
2026-09-15T12:49:54.078647Z,6,NVIDIA L20Z,71644,81559,77,49,353.52
2026-09-15T12:49:54.078647Z,7,NVIDIA L20Z,71004,81559,82,56,338.29
2026-09-15T12:49:59.283569Z,0,NVIDIA L20Z,70712,81559,0,36,121.09
2026-09-15T12:49:59.283569Z,1,NVIDIA L20Z,70072,81559,0,33,122.01
2026-09-15T12:49:59.283569Z,2,NVIDIA L20Z,4,81559,0,34,71.05
2026-09-15T12:49:59.283569Z,3,NVIDIA L20Z,4,81559,0,32,73.50
2026-09-15T12:49:59.283569Z,4,NVIDIA L20Z,67584,81559,0,34,124.27
2026-09-15T12:49:59.283569Z,5,NVIDIA L20Z,67710,81559,0,38,125.54
2026-09-15T12:49:59.283569Z,6,NVIDIA L20Z,71644,81559,38,49,319.61
2026-09-15T12:49:59.283569Z,7,NVIDIA L20Z,71004,81559,34,54,303.73
2026-09-15T12:50:04.528799Z,0,NVIDIA L20Z,70712,81559,0,36,121.06
2026-09-15T12:50:04.528799Z,1,NVIDIA L20Z,70072,81559,0,33,121.98
2026-09-15T12:50:04.528799Z,2,NVIDIA L20Z,4,81559,0,34,71.01
2026-09-15T12:50:04.528799Z,3,NVIDIA L20Z,4,81559,0,32,73.45
2026-09-15T12:50:04.528799Z,4,NVIDIA L20Z,67584,81559,0,34,124.26
2026-09-15T12:50:04.528799Z,5,NVIDIA L20Z,67710,81559,0,38,125.79
2026-09-15T12:50:04.528799Z,6,NVIDIA L20Z,71644,81559,85,50,332.55
2026-09-15T12:50:04.528799Z,7,NVIDIA L20Z,71004,81559,85,57,309.74
2026-09-15T12:50:09.683889Z,0,NVIDIA L20Z,70712,81559,0,36,121.04
2026-09-15T12:50:09.683889Z,1,NVIDIA L20Z,70072,81559,0,33,121.95
2026-09-15T12:50:09.683889Z,2,NVIDIA L20Z,4,81559,0,34,70.97
2026-09-15T12:50:09.683889Z,3,NVIDIA L20Z,4,81559,0,32,73.39
2026-09-15T12:50:09.683889Z,4,NVIDIA L20Z,67584,81559,0,34,124.28
2026-09-15T12:50:09.683889Z,5,NVIDIA L20Z,67710,81559,0,38,125.82
2026-09-15T12:50:09.683889Z,6,NVIDIA L20Z,71646,81559,90,51,397.50
2026-09-15T12:50:09.683889Z,7,NVIDIA L20Z,71004,81559,58,55,337.26
2026-09-15T12:50:14.836561Z,0,NVIDIA L20Z,70712,81559,0,36,121.43
2026-09-15T12:50:14.836561Z,1,NVIDIA L20Z,70072,81559,0,33,121.92
2026-09-15T12:50:14.836561Z,2,NVIDIA L20Z,4,81559,0,34,70.94
2026-09-15T12:50:14.836561Z,3,NVIDIA L20Z,4,81559,0,32,73.43
2026-09-15T12:50:14.836561Z,4,NVIDIA L20Z,67584,81559,0,34,124.31
2026-09-15T12:50:14.836561Z,5,NVIDIA L20Z,67710,81559,0,38,125.99
2026-09-15T12:50:14.836561Z,6,NVIDIA L20Z,71646,81559,0,47,342.15
2026-09-15T12:50:14.836561Z,7,NVIDIA L20Z,71004,81559,0,54,330.13
2026-09-15T12:50:19.990263Z,0,NVIDIA L20Z,70712,81559,0,36,121.44
2026-09-15T12:50:19.990263Z,1,NVIDIA L20Z,70072,81559,0,33,121.94
2026-09-15T12:50:19.990263Z,2,NVIDIA L20Z,4,81559,0,34,70.94
2026-09-15T12:50:19.990263Z,3,NVIDIA L20Z,4,81559,0,32,73.38
2026-09-15T12:50:19.990263Z,4,NVIDIA L20Z,67584,81559,0,34,124.33
2026-09-15T12:50:19.990263Z,5,NVIDIA L20Z,67710,81559,0,38,125.93
2026-09-15T12:50:19.990263Z,6,NVIDIA L20Z,71646,81559,81,51,349.35
2026-09-15T12:50:19.990263Z,7,NVIDIA L20Z,71004,81559,30,54,274.07
2026-09-15T12:50:25.149861Z,0,NVIDIA L20Z,70712,81559,0,36,121.47
2026-09-15T12:50:25.149861Z,1,NVIDIA L20Z,70072,81559,0,33,121.95
2026-09-15T12:50:25.149861Z,2,NVIDIA L20Z,4,81559,0,34,70.90
2026-09-15T12:50:25.149861Z,3,NVIDIA L20Z,4,81559,0,32,73.39
2026-09-15T12:50:25.149861Z,4,NVIDIA L20Z,67584,81559,0,34,124.30
2026-09-15T12:50:25.149861Z,5,NVIDIA L20Z,67710,81559,0,38,125.94
2026-09-15T12:50:25.149861Z,6,NVIDIA L20Z,71648,81559,57,50,316.93
2026-09-15T12:50:25.149861Z,7,NVIDIA L20Z,71006,81559,55,56,324.11
2026-09-15T12:50:30.310350Z,0,NVIDIA L20Z,70712,81559,0,36,121.53
2026-09-15T12:50:30.310350Z,1,NVIDIA L20Z,70072,81559,0,33,121.99
2026-09-15T12:50:30.310350Z,2,NVIDIA L20Z,4,81559,0,34,70.94
2026-09-15T12:50:30.310350Z,3,NVIDIA L20Z,4,81559,0,32,73.38
2026-09-15T12:50:30.310350Z,4,NVIDIA L20Z,67584,81559,0,34,124.32
2026-09-15T12:50:30.310350Z,5,NVIDIA L20Z,67710,81559,0,38,125.95
2026-09-15T12:50:30.310350Z,6,NVIDIA L20Z,71648,81559,2,50,342.64
2026-09-15T12:50:30.310350Z,7,NVIDIA L20Z,71006,81559,21,53,328.47
2026-09-15T12:50:35.470918Z,0,NVIDIA L20Z,70712,81559,0,36,121.46
2026-09-15T12:50:35.470918Z,1,NVIDIA L20Z,70072,81559,0,33,121.98
2026-09-15T12:50:35.470918Z,2,NVIDIA L20Z,4,81559,0,34,71.13
2026-09-15T12:50:35.470918Z,3,NVIDIA L20Z,4,81559,0,32,73.42
2026-09-15T12:50:35.470918Z,4,NVIDIA L20Z,67584,81559,0,34,124.24
2026-09-15T12:50:35.470918Z,5,NVIDIA L20Z,67710,81559,0,38,125.91
2026-09-15T12:50:35.470918Z,6,NVIDIA L20Z,71648,81559,89,51,388.79
2026-09-15T12:50:35.470918Z,7,NVIDIA L20Z,71006,81559,40,55,293.38
2026-09-15T12:50:40.650671Z,0,NVIDIA L20Z,70712,81559,0,36,121.46
2026-09-15T12:50:40.650671Z,1,NVIDIA L20Z,70072,81559,0,34,121.94
2026-09-15T12:50:40.650671Z,2,NVIDIA L20Z,4,81559,0,34,71.20
2026-09-15T12:50:40.650671Z,3,NVIDIA L20Z,4,81559,0,32,73.46
2026-09-15T12:50:40.650671Z,4,NVIDIA L20Z,67584,81559,0,34,124.33
2026-09-15T12:50:40.650671Z,5,NVIDIA L20Z,67710,81559,0,38,125.99
2026-09-15T12:50:40.650671Z,6,NVIDIA L20Z,71648,81559,20,49,322.89
2026-09-15T12:50:40.650671Z,7,NVIDIA L20Z,71008,81559,42,55,256.96
2026-09-15T12:50:45.842729Z,0,NVIDIA L20Z,70712,81559,0,36,121.46
2026-09-15T12:50:45.842729Z,1,NVIDIA L20Z,70072,81559,0,33,121.97
2026-09-15T12:50:45.842729Z,2,NVIDIA L20Z,4,81559,0,34,71.17
2026-09-15T12:50:45.842729Z,3,NVIDIA L20Z,4,81559,0,32,73.40
2026-09-15T12:50:45.842729Z,4,NVIDIA L20Z,67584,81559,0,34,124.32
2026-09-15T12:50:45.842729Z,5,NVIDIA L20Z,67710,81559,0,38,125.99
2026-09-15T12:50:45.842729Z,6,NVIDIA L20Z,71650,81559,87,51,343.26
2026-09-15T12:50:45.842729Z,7,NVIDIA L20Z,71010,81559,35,55,292.09
2026-09-15T12:50:51.014399Z,0,NVIDIA L20Z,643,81559,0,36,126.58
2026-09-15T12:50:51.014399Z,1,NVIDIA L20Z,4,81559,0,34,127.07
2026-09-15T12:50:51.014399Z,2,NVIDIA L20Z,4,81559,0,34,71.19
2026-09-15T12:50:51.014399Z,3,NVIDIA L20Z,4,81559,0,32,73.41
2026-09-15T12:50:51.014399Z,4,NVIDIA L20Z,67584,81559,0,34,124.22
2026-09-15T12:50:51.014399Z,5,NVIDIA L20Z,67710,81559,0,38,125.89
2026-09-15T12:50:51.014399Z,6,NVIDIA L20Z,71650,81559,70,50,339.83
2026-09-15T12:50:51.014399Z,7,NVIDIA L20Z,71010,81559,56,55,334.70
2026-09-15T12:50:56.273592Z,0,NVIDIA L20Z,4,81559,0,35,70.25
2026-09-15T12:50:56.273592Z,1,NVIDIA L20Z,4,81559,0,32,70.38
2026-09-15T12:50:56.273592Z,2,NVIDIA L20Z,4,81559,0,34,70.91
2026-09-15T12:50:56.273592Z,3,NVIDIA L20Z,4,81559,0,32,73.34
2026-09-15T12:50:56.273592Z,4,NVIDIA L20Z,67584,81559,0,34,124.27
2026-09-15T12:50:56.273592Z,5,NVIDIA L20Z,67710,81559,0,38,125.95
2026-09-15T12:50:56.273592Z,6,NVIDIA L20Z,71650,81559,6,50,362.64
2026-09-15T12:50:56.273592Z,7,NVIDIA L20Z,71010,81559,14,55,331.45
2026-09-15T12:51:01.427922Z,0,NVIDIA L20Z,4,81559,0,35,70.54
2026-09-15T12:51:01.427922Z,1,NVIDIA L20Z,4,81559,0,32,70.30
2026-09-15T12:51:01.427922Z,2,NVIDIA L20Z,4,81559,0,34,70.93
2026-09-15T12:51:01.427922Z,3,NVIDIA L20Z,4,81559,0,32,73.36
2026-09-15T12:51:01.427922Z,4,NVIDIA L20Z,67584,81559,0,34,124.21
2026-09-15T12:51:01.427922Z,5,NVIDIA L20Z,67710,81559,0,38,126.03
2026-09-15T12:51:01.427922Z,6,NVIDIA L20Z,71650,81559,37,50,280.71
2026-09-15T12:51:01.427922Z,7,NVIDIA L20Z,71010,81559,74,57,364.85
2026-09-15T12:51:06.600494Z,0,NVIDIA L20Z,4,81559,0,35,70.58
2026-09-15T12:51:06.600494Z,1,NVIDIA L20Z,4,81559,0,32,105.61
2026-09-15T12:51:06.600494Z,2,NVIDIA L20Z,4,81559,0,35,95.43
2026-09-15T12:51:06.600494Z,3,NVIDIA L20Z,4,81559,0,32,73.43
2026-09-15T12:51:06.600494Z,4,NVIDIA L20Z,67584,81559,0,34,124.29
2026-09-15T12:51:06.600494Z,5,NVIDIA L20Z,67710,81559,0,38,126.01
2026-09-15T12:51:06.600494Z,6,NVIDIA L20Z,71650,81559,0,45,180.81
2026-09-15T12:51:06.600494Z,7,NVIDIA L20Z,71012,81559,0,51,180.22
2026-09-15T12:51:11.757651Z,0,NVIDIA L20Z,4,81559,0,34,70.48
2026-09-15T12:51:11.757651Z,1,NVIDIA L20Z,4,81559,0,31,70.28
2026-09-15T12:51:11.757651Z,2,NVIDIA L20Z,4,81559,0,34,71.03
2026-09-15T12:51:11.757651Z,3,NVIDIA L20Z,4,81559,0,32,73.47
2026-09-15T12:51:11.757651Z,4,NVIDIA L20Z,67584,81559,0,34,124.38
2026-09-15T12:51:11.757651Z,5,NVIDIA L20Z,67710,81559,0,38,125.39
2026-09-15T12:51:11.757651Z,6,NVIDIA L20Z,71650,81559,61,49,330.96
2026-09-15T12:51:11.757651Z,7,NVIDIA L20Z,71012,81559,47,54,309.71
2026-09-15T12:51:17.067255Z,0,NVIDIA L20Z,4,81559,0,34,70.40
2026-09-15T12:51:17.067255Z,1,NVIDIA L20Z,4,81559,0,31,70.23
2026-09-15T12:51:17.067255Z,2,NVIDIA L20Z,4,81559,0,34,71.17
2026-09-15T12:51:17.067255Z,3,NVIDIA L20Z,4,81559,0,32,73.44
2026-09-15T12:51:17.067255Z,4,NVIDIA L20Z,67584,81559,0,34,124.33
2026-09-15T12:51:17.067255Z,5,NVIDIA L20Z,67710,81559,0,38,125.90
2026-09-15T12:51:17.067255Z,6,NVIDIA L20Z,71650,81559,86,48,312.38
2026-09-15T12:51:17.067255Z,7,NVIDIA L20Z,71012,81559,7,56,304.80
2026-09-15T12:51:22.226897Z,0,NVIDIA L20Z,4,81559,0,34,70.33
2026-09-15T12:51:22.226897Z,1,NVIDIA L20Z,4,81559,0,31,70.16
2026-09-15T12:51:22.226897Z,2,NVIDIA L20Z,4,81559,0,34,70.96
2026-09-15T12:51:22.226897Z,3,NVIDIA L20Z,4,81559,0,32,73.44
2026-09-15T12:51:22.226897Z,4,NVIDIA L20Z,67584,81559,0,34,124.36
2026-09-15T12:51:22.226897Z,5,NVIDIA L20Z,67710,81559,0,38,125.94
2026-09-15T12:51:22.226897Z,6,NVIDIA L20Z,71650,81559,0,44,128.72
2026-09-15T12:51:22.226897Z,7,NVIDIA L20Z,71012,81559,0,50,123.85
2026-09-15T12:51:27.389973Z,0,NVIDIA L20Z,4,81559,0,34,70.29
2026-09-15T12:51:27.389973Z,1,NVIDIA L20Z,4,81559,0,31,70.09
2026-09-15T12:51:27.389973Z,2,NVIDIA L20Z,4,81559,0,34,70.90
2026-09-15T12:51:27.389973Z,3,NVIDIA L20Z,4,81559,0,32,73.40
2026-09-15T12:51:27.389973Z,4,NVIDIA L20Z,67584,81559,0,34,124.14
2026-09-15T12:51:27.389973Z,5,NVIDIA L20Z,67710,81559,0,38,125.90
2026-09-15T12:51:27.389973Z,6,NVIDIA L20Z,71650,81559,37,48,332.42
2026-09-15T12:51:27.389973Z,7,NVIDIA L20Z,71012,81559,50,55,357.24
2026-09-15T12:51:32.547477Z,0,NVIDIA L20Z,4,81559,0,34,70.25
2026-09-15T12:51:32.547477Z,1,NVIDIA L20Z,4,81559,0,31,70.10
2026-09-15T12:51:32.547477Z,2,NVIDIA L20Z,4,81559,0,34,70.91
2026-09-15T12:51:32.547477Z,3,NVIDIA L20Z,4,81559,0,32,73.36
2026-09-15T12:51:32.547477Z,4,NVIDIA L20Z,67584,81559,0,34,124.27
2026-09-15T12:51:32.547477Z,5,NVIDIA L20Z,67710,81559,0,38,125.96
2026-09-15T12:51:32.547477Z,6,NVIDIA L20Z,71652,81559,27,46,355.63
2026-09-15T12:51:32.547477Z,7,NVIDIA L20Z,71014,81559,30,54,323.27
2026-09-15T12:51:37.699895Z,0,NVIDIA L20Z,23,81559,0,35,113.39
2026-09-15T12:51:37.699895Z,1,NVIDIA L20Z,4,81559,0,31,70.03
2026-09-15T12:51:37.699895Z,2,NVIDIA L20Z,4,81559,0,34,70.94
2026-09-15T12:51:37.699895Z,3,NVIDIA L20Z,4,81559,0,32,73.38
2026-09-15T12:51:37.699895Z,4,NVIDIA L20Z,67584,81559,0,34,124.25
2026-09-15T12:51:37.699895Z,5,NVIDIA L20Z,67710,81559,0,38,126.03
2026-09-15T12:51:37.699895Z,6,NVIDIA L20Z,71652,81559,0,48,282.88
2026-09-15T12:51:37.699895Z,7,NVIDIA L20Z,71014,81559,49,54,278.01
2026-09-15T12:51:42.856245Z,0,NVIDIA L20Z,4,81559,0,34,70.29
2026-09-15T12:51:42.856245Z,1,NVIDIA L20Z,4,81559,0,32,121.48
2026-09-15T12:51:42.856245Z,2,NVIDIA L20Z,4,81559,0,33,70.90
2026-09-15T12:51:42.856245Z,3,NVIDIA L20Z,4,81559,0,32,73.33
2026-09-15T12:51:42.856245Z,4,NVIDIA L20Z,67584,81559,0,34,124.21
2026-09-15T12:51:42.856245Z,5,NVIDIA L20Z,67710,81559,0,38,125.98
2026-09-15T12:51:42.856245Z,6,NVIDIA L20Z,71652,81559,61,47,326.71
2026-09-15T12:51:42.856245Z,7,NVIDIA L20Z,71014,81559,62,55,359.89
2026-09-15T12:51:48.229980Z,0,NVIDIA L20Z,4,81559,0,33,70.27
2026-09-15T12:51:48.229980Z,1,NVIDIA L20Z,4,81559,0,31,70.12
2026-09-15T12:51:48.229980Z,2,NVIDIA L20Z,4,81559,0,34,71.09
2026-09-15T12:51:48.229980Z,3,NVIDIA L20Z,4,81559,0,32,73.46
2026-09-15T12:51:48.229980Z,4,NVIDIA L20Z,67584,81559,0,34,124.25
2026-09-15T12:51:48.229980Z,5,NVIDIA L20Z,67710,81559,0,38,125.57
2026-09-15T12:51:48.229980Z,6,NVIDIA L20Z,71652,81559,60,49,297.67
2026-09-15T12:51:48.229980Z,7,NVIDIA L20Z,71014,81559,36,55,265.92
2026-09-15T12:51:53.609173Z,0,NVIDIA L20Z,4,81559,0,33,70.27
2026-09-15T12:51:53.609173Z,1,NVIDIA L20Z,4,81559,0,30,70.03
2026-09-15T12:51:53.609173Z,2,NVIDIA L20Z,4,81559,0,34,71.01
2026-09-15T12:51:53.609173Z,3,NVIDIA L20Z,4,81559,0,32,73.39
2026-09-15T12:51:53.609173Z,4,NVIDIA L20Z,67584,81559,0,34,124.27
2026-09-15T12:51:53.609173Z,5,NVIDIA L20Z,67710,81559,0,38,126.00
2026-09-15T12:51:53.609173Z,6,NVIDIA L20Z,71652,81559,0,45,279.36
2026-09-15T12:51:53.609173Z,7,NVIDIA L20Z,71014,81559,0,52,284.86
2026-09-15T12:51:58.830379Z,0,NVIDIA L20Z,4,81559,0,33,70.22
2026-09-15T12:51:58.830379Z,1,NVIDIA L20Z,4,81559,0,30,70.08
2026-09-15T12:51:58.830379Z,2,NVIDIA L20Z,4,81559,0,34,70.91
2026-09-15T12:51:58.830379Z,3,NVIDIA L20Z,4,81559,0,32,73.34
2026-09-15T12:51:58.830379Z,4,NVIDIA L20Z,67584,81559,0,34,124.22
2026-09-15T12:51:58.830379Z,5,NVIDIA L20Z,67710,81559,0,38,125.84
2026-09-15T12:51:58.830379Z,6,NVIDIA L20Z,71652,81559,78,49,377.45
2026-09-15T12:51:58.830379Z,7,NVIDIA L20Z,71014,81559,88,56,367.97
2026-09-15T12:52:04.069507Z,0,NVIDIA L20Z,4,81559,0,33,70.11
2026-09-15T12:52:04.069507Z,1,NVIDIA L20Z,4,81559,0,30,70.02
2026-09-15T12:52:04.069507Z,2,NVIDIA L20Z,4,81559,0,33,70.93
2026-09-15T12:52:04.069507Z,3,NVIDIA L20Z,4,81559,0,32,73.37
2026-09-15T12:52:04.069507Z,4,NVIDIA L20Z,67584,81559,0,34,124.23
2026-09-15T12:52:04.069507Z,5,NVIDIA L20Z,67710,81559,0,38,125.85
2026-09-15T12:52:04.069507Z,6,NVIDIA L20Z,71652,81559,83,49,337.27
2026-09-15T12:52:04.069507Z,7,NVIDIA L20Z,71014,81559,83,56,336.46
2026-09-15T12:52:09.222197Z,0,NVIDIA L20Z,4,81559,0,33,70.13
2026-09-15T12:52:09.222197Z,1,NVIDIA L20Z,4,81559,0,30,70.07
2026-09-15T12:52:09.222197Z,2,NVIDIA L20Z,4,81559,0,33,70.88
2026-09-15T12:52:09.222197Z,3,NVIDIA L20Z,4,81559,0,32,73.35
2026-09-15T12:52:09.222197Z,4,NVIDIA L20Z,67584,81559,0,34,124.23
2026-09-15T12:52:09.222197Z,5,NVIDIA L20Z,67710,81559,0,38,125.85
2026-09-15T12:52:09.222197Z,6,NVIDIA L20Z,71652,81559,87,48,344.54
2026-09-15T12:52:09.222197Z,7,NVIDIA L20Z,71014,81559,62,54,349.70
2026-09-15T12:52:14.382436Z,0,NVIDIA L20Z,4,81559,0,33,70.14
2026-09-15T12:52:14.382436Z,1,NVIDIA L20Z,4,81559,0,30,69.96
2026-09-15T12:52:14.382436Z,2,NVIDIA L20Z,4,81559,0,33,70.91
2026-09-15T12:52:14.382436Z,3,NVIDIA L20Z,4,81559,0,32,73.29
2026-09-15T12:52:14.382436Z,4,NVIDIA L20Z,67584,81559,0,34,124.23
2026-09-15T12:52:14.382436Z,5,NVIDIA L20Z,67710,81559,0,38,125.87
2026-09-15T12:52:14.382436Z,6,NVIDIA L20Z,71654,81559,57,49,354.20
2026-09-15T12:52:14.382436Z,7,NVIDIA L20Z,71014,81559,62,55,340.01
2026-09-15T12:52:19.539810Z,0,NVIDIA L20Z,4,81559,0,33,70.21
2026-09-15T12:52:19.539810Z,1,NVIDIA L20Z,4,81559,0,31,106.57
2026-09-15T12:52:19.539810Z,2,NVIDIA L20Z,531,81559,0,34,83.15
2026-09-15T12:52:19.539810Z,3,NVIDIA L20Z,4,81559,0,32,73.29
2026-09-15T12:52:19.539810Z,4,NVIDIA L20Z,67584,81559,0,34,124.29
2026-09-15T12:52:19.539810Z,5,NVIDIA L20Z,67710,81559,0,38,125.96
2026-09-15T12:52:19.539810Z,6,NVIDIA L20Z,71654,81559,85,50,322.57
2026-09-15T12:52:19.539810Z,7,NVIDIA L20Z,71014,81559,85,56,322.02
2026-09-15T12:52:24.824470Z,0,NVIDIA L20Z,4,81559,0,33,70.18
2026-09-15T12:52:24.824470Z,1,NVIDIA L20Z,4,81559,0,30,70.04
2026-09-15T12:52:24.824470Z,2,NVIDIA L20Z,4,81559,0,34,71.00
2026-09-15T12:52:24.824470Z,3,NVIDIA L20Z,4,81559,0,32,73.51
2026-09-15T12:52:24.824470Z,4,NVIDIA L20Z,67584,81559,0,34,124.22
2026-09-15T12:52:24.824470Z,5,NVIDIA L20Z,67710,81559,0,38,124.89
2026-09-15T12:52:24.824470Z,6,NVIDIA L20Z,71654,81559,52,49,286.90
2026-09-15T12:52:24.824470Z,7,NVIDIA L20Z,71014,81559,56,56,322.31
2026-09-15T12:52:30.208577Z,0,NVIDIA L20Z,4,81559,0,33,70.13
2026-09-15T12:52:30.208577Z,1,NVIDIA L20Z,4,81559,0,30,69.99
2026-09-15T12:52:30.208577Z,2,NVIDIA L20Z,4,81559,0,34,71.02
2026-09-15T12:52:30.208577Z,3,NVIDIA L20Z,4,81559,0,32,73.40
2026-09-15T12:52:30.208577Z,4,NVIDIA L20Z,67584,81559,0,34,124.19
2026-09-15T12:52:30.208577Z,5,NVIDIA L20Z,67710,81559,0,38,125.97
2026-09-15T12:52:30.208577Z,6,NVIDIA L20Z,71654,81559,39,49,291.76
2026-09-15T12:52:30.208577Z,7,NVIDIA L20Z,71014,81559,48,57,338.27
2026-09-15T12:52:35.407951Z,0,NVIDIA L20Z,4,81559,0,33,70.08
2026-09-15T12:52:35.407951Z,1,NVIDIA L20Z,4,81559,0,30,70.00
2026-09-15T12:52:35.407951Z,2,NVIDIA L20Z,4,81559,0,33,71.17
2026-09-15T12:52:35.407951Z,3,NVIDIA L20Z,4,81559,0,32,73.41
2026-09-15T12:52:35.407951Z,4,NVIDIA L20Z,643,81559,0,34,129.21
2026-09-15T12:52:35.407951Z,5,NVIDIA L20Z,67710,81559,0,38,126.04
2026-09-15T12:52:35.407951Z,6,NVIDIA L20Z,71654,81559,33,51,268.69
2026-09-15T12:52:35.407951Z,7,NVIDIA L20Z,71014,81559,4,55,270.27
2026-09-15T12:52:40.563916Z,0,NVIDIA L20Z,4,81559,0,33,70.06
2026-09-15T12:52:40.563916Z,1,NVIDIA L20Z,4,81559,0,30,70.03
2026-09-15T12:52:40.563916Z,2,NVIDIA L20Z,4,81559,0,33,71.19
2026-09-15T12:52:40.563916Z,3,NVIDIA L20Z,4,81559,0,32,73.40
2026-09-15T12:52:40.563916Z,4,NVIDIA L20Z,4,81559,0,32,71.28
2026-09-15T12:52:40.563916Z,5,NVIDIA L20Z,4,81559,0,38,125.24
2026-09-15T12:52:40.563916Z,6,NVIDIA L20Z,71654,81559,26,48,314.09
2026-09-15T12:52:40.563916Z,7,NVIDIA L20Z,71014,81559,1,53,320.75
2026-09-15T12:52:45.725919Z,0,NVIDIA L20Z,4,81559,0,33,70.04
2026-09-15T12:52:45.725919Z,1,NVIDIA L20Z,4,81559,0,30,69.97
2026-09-15T12:52:45.725919Z,2,NVIDIA L20Z,4,81559,0,33,70.91
2026-09-15T12:52:45.725919Z,3,NVIDIA L20Z,4,81559,0,32,73.37
2026-09-15T12:52:45.725919Z,4,NVIDIA L20Z,4,81559,0,32,71.04
2026-09-15T12:52:45.725919Z,5,NVIDIA L20Z,4,81559,0,36,70.64
2026-09-15T12:52:45.725919Z,6,NVIDIA L20Z,71656,81559,82,48,332.32
2026-09-15T12:52:45.725919Z,7,NVIDIA L20Z,71014,81559,81,56,339.89
2026-09-15T12:52:50.898915Z,0,NVIDIA L20Z,4,81559,0,33,70.06
2026-09-15T12:52:50.898915Z,1,NVIDIA L20Z,4,81559,0,30,69.95
2026-09-15T12:52:50.898915Z,2,NVIDIA L20Z,4,81559,0,33,70.87
2026-09-15T12:52:50.898915Z,3,NVIDIA L20Z,4,81559,0,32,73.36
2026-09-15T12:52:50.898915Z,4,NVIDIA L20Z,4,81559,0,32,71.04
2026-09-15T12:52:50.898915Z,5,NVIDIA L20Z,4,81559,0,36,70.68
2026-09-15T12:52:50.898915Z,6,NVIDIA L20Z,71656,81559,51,48,326.97
2026-09-15T12:52:50.898915Z,7,NVIDIA L20Z,71014,81559,55,56,331.83
2026-09-15T12:52:56.094754Z,0,NVIDIA L20Z,4,81559,0,33,70.07
2026-09-15T12:52:56.094754Z,1,NVIDIA L20Z,4,81559,0,30,69.96
2026-09-15T12:52:56.094754Z,2,NVIDIA L20Z,4,81559,0,33,70.86
2026-09-15T12:52:56.094754Z,3,NVIDIA L20Z,4,81559,0,32,73.36
2026-09-15T12:52:56.094754Z,4,NVIDIA L20Z,4,81559,0,31,71.11
2026-09-15T12:52:56.094754Z,5,NVIDIA L20Z,4,81559,0,36,70.65
2026-09-15T12:52:56.094754Z,6,NVIDIA L20Z,71656,81559,79,50,325.35
2026-09-15T12:52:56.094754Z,7,NVIDIA L20Z,71014,81559,81,56,306.04
2026-09-15T12:53:01.261575Z,0,NVIDIA L20Z,4,81559,0,33,70.08
2026-09-15T12:53:01.261575Z,1,NVIDIA L20Z,4,81559,0,30,69.92
2026-09-15T12:53:01.261575Z,2,NVIDIA L20Z,4,81559,0,33,70.92
2026-09-15T12:53:01.261575Z,3,NVIDIA L20Z,4,81559,0,32,73.33
2026-09-15T12:53:01.261575Z,4,NVIDIA L20Z,4,81559,0,31,71.03
2026-09-15T12:53:01.261575Z,5,NVIDIA L20Z,4,81559,0,35,70.62
2026-09-15T12:53:01.261575Z,6,NVIDIA L20Z,71656,81559,77,51,395.57
2026-09-15T12:53:01.261575Z,7,NVIDIA L20Z,71014,81559,55,57,391.16
2026-09-15T12:53:06.422069Z,0,NVIDIA L20Z,4,81559,0,33,70.05
2026-09-15T12:53:06.422069Z,1,NVIDIA L20Z,4,81559,0,30,69.95
2026-09-15T12:53:06.422069Z,2,NVIDIA L20Z,4,81559,0,33,70.92
2026-09-15T12:53:06.422069Z,3,NVIDIA L20Z,4,81559,0,32,73.33
2026-09-15T12:53:06.422069Z,4,NVIDIA L20Z,4,81559,0,31,70.88
2026-09-15T12:53:06.422069Z,5,NVIDIA L20Z,4,81559,0,35,70.51
2026-09-15T12:53:06.422069Z,6,NVIDIA L20Z,71656,81559,54,48,283.99
2026-09-15T12:53:06.422069Z,7,NVIDIA L20Z,71014,81559,85,57,332.96
2026-09-15T12:53:11.581517Z,0,NVIDIA L20Z,4,81559,0,32,70.05
2026-09-15T12:53:11.581517Z,1,NVIDIA L20Z,4,81559,0,30,69.97
2026-09-15T12:53:11.581517Z,2,NVIDIA L20Z,4,81559,0,33,70.94
2026-09-15T12:53:11.581517Z,3,NVIDIA L20Z,4,81559,0,32,73.35
2026-09-15T12:53:11.581517Z,4,NVIDIA L20Z,4,81559,0,31,70.79
2026-09-15T12:53:11.581517Z,5,NVIDIA L20Z,4,81559,0,35,70.44
2026-09-15T12:53:11.581517Z,6,NVIDIA L20Z,71656,81559,73,48,297.25
2026-09-15T12:53:11.581517Z,7,NVIDIA L20Z,71014,81559,71,56,297.36
2026-09-15T12:53:16.906086Z,0,NVIDIA L20Z,4,81559,0,32,69.99
2026-09-15T12:53:16.906086Z,1,NVIDIA L20Z,4,81559,0,30,69.96
2026-09-15T12:53:16.906086Z,2,NVIDIA L20Z,4,81559,0,33,70.86
2026-09-15T12:53:16.906086Z,3,NVIDIA L20Z,4,81559,0,32,73.36
2026-09-15T12:53:16.906086Z,4,NVIDIA L20Z,4,81559,0,31,71.50
2026-09-15T12:53:16.906086Z,5,NVIDIA L20Z,4,81559,0,35,70.47
2026-09-15T12:53:16.906086Z,6,NVIDIA L20Z,71656,81559,60,49,354.74
2026-09-15T12:53:16.906086Z,7,NVIDIA L20Z,71014,81559,50,56,343.31
2026-09-15T12:53:22.094426Z,0,NVIDIA L20Z,4,81559,0,32,69.98
2026-09-15T12:53:22.094426Z,1,NVIDIA L20Z,4,81559,0,30,69.96
2026-09-15T12:53:22.094426Z,2,NVIDIA L20Z,4,81559,0,33,70.87
2026-09-15T12:53:22.094426Z,3,NVIDIA L20Z,4,81559,0,32,73.36
2026-09-15T12:53:22.094426Z,4,NVIDIA L20Z,4,81559,0,31,71.59
2026-09-15T12:53:22.094426Z,5,NVIDIA L20Z,4,81559,0,35,70.35
2026-09-15T12:53:22.094426Z,6,NVIDIA L20Z,71656,81559,88,50,343.69
2026-09-15T12:53:22.094426Z,7,NVIDIA L20Z,71014,81559,72,56,341.66
2026-09-15T12:53:27.252301Z,0,NVIDIA L20Z,4,81559,0,32,69.96
2026-09-15T12:53:27.252301Z,1,NVIDIA L20Z,4,81559,0,30,69.92
2026-09-15T12:53:27.252301Z,2,NVIDIA L20Z,4,81559,0,33,70.85
2026-09-15T12:53:27.252301Z,3,NVIDIA L20Z,4,81559,0,32,73.39
2026-09-15T12:53:27.252301Z,4,NVIDIA L20Z,4,81559,0,31,71.59
2026-09-15T12:53:27.252301Z,5,NVIDIA L20Z,4,81559,0,35,70.38
2026-09-15T12:53:27.252301Z,6,NVIDIA L20Z,71656,81559,16,47,331.06
2026-09-15T12:53:27.252301Z,7,NVIDIA L20Z,71014,81559,0,55,326.53
2026-09-15T12:53:32.410357Z,0,NVIDIA L20Z,4,81559,0,34,121.81
2026-09-15T12:53:32.410357Z,1,NVIDIA L20Z,45,81559,0,31,75.19
2026-09-15T12:53:32.410357Z,2,NVIDIA L20Z,4,81559,0,33,70.90
2026-09-15T12:53:32.410357Z,3,NVIDIA L20Z,4,81559,0,32,73.31
2026-09-15T12:53:32.410357Z,4,NVIDIA L20Z,4,81559,0,31,71.52
2026-09-15T12:53:32.410357Z,5,NVIDIA L20Z,4,81559,0,34,70.34
2026-09-15T12:53:32.410357Z,6,NVIDIA L20Z,71656,81559,81,50,330.09
2026-09-15T12:53:32.410357Z,7,NVIDIA L20Z,71014,81559,82,57,318.15
2026-09-15T12:53:37.621034Z,0,NVIDIA L20Z,4,81559,0,32,70.10
2026-09-15T12:53:37.621034Z,1,NVIDIA L20Z,4,81559,0,30,69.95
2026-09-15T12:53:37.621034Z,2,NVIDIA L20Z,4,81559,0,33,71.24
2026-09-15T12:53:37.621034Z,3,NVIDIA L20Z,4,81559,0,34,125.03
2026-09-15T12:53:37.621034Z,4,NVIDIA L20Z,4,81559,0,32,93.57
2026-09-15T12:53:37.621034Z,5,NVIDIA L20Z,4,81559,0,34,70.25
2026-09-15T12:53:37.621034Z,6,NVIDIA L20Z,71656,81559,81,50,328.03
2026-09-15T12:53:37.621034Z,7,NVIDIA L20Z,71014,81559,66,57,316.67
2026-09-15T12:53:42.773772Z,0,NVIDIA L20Z,4,81559,0,32,70.03
2026-09-15T12:53:42.773772Z,1,NVIDIA L20Z,4,81559,0,30,69.94
2026-09-15T12:53:42.773772Z,2,NVIDIA L20Z,4,81559,0,33,71.21
2026-09-15T12:53:42.773772Z,3,NVIDIA L20Z,4,81559,0,32,73.37
2026-09-15T12:53:42.773772Z,4,NVIDIA L20Z,4,81559,0,31,71.45
2026-09-15T12:53:42.773772Z,5,NVIDIA L20Z,4,81559,0,34,70.35
2026-09-15T12:53:42.773772Z,6,NVIDIA L20Z,71656,81559,23,47,269.15
2026-09-15T12:53:42.773772Z,7,NVIDIA L20Z,71014,81559,68,54,277.07
2026-09-15T12:53:47.937869Z,0,NVIDIA L20Z,4,81559,0,32,70.05
2026-09-15T12:53:47.937869Z,1,NVIDIA L20Z,4,81559,0,30,69.95
2026-09-15T12:53:47.937869Z,2,NVIDIA L20Z,4,81559,0,33,71.13
2026-09-15T12:53:47.937869Z,3,NVIDIA L20Z,4,81559,0,32,73.38
2026-09-15T12:53:47.937869Z,4,NVIDIA L20Z,4,81559,0,31,71.44
2026-09-15T12:53:47.937869Z,5,NVIDIA L20Z,4,81559,0,34,70.25
2026-09-15T12:53:47.937869Z,6,NVIDIA L20Z,71656,81559,2,47,257.54
2026-09-15T12:53:47.937869Z,7,NVIDIA L20Z,71014,81559,50,54,269.51
2026-09-15T12:53:53.109081Z,0,NVIDIA L20Z,4,81559,0,32,70.02
2026-09-15T12:53:53.109081Z,1,NVIDIA L20Z,4,81559,0,30,69.95
2026-09-15T12:53:53.109081Z,2,NVIDIA L20Z,4,81559,0,33,71.19
2026-09-15T12:53:53.109081Z,3,NVIDIA L20Z,4,81559,0,32,73.39
2026-09-15T12:53:53.109081Z,4,NVIDIA L20Z,4,81559,0,31,71.29
2026-09-15T12:53:53.109081Z,5,NVIDIA L20Z,4,81559,0,34,70.25
2026-09-15T12:53:53.109081Z,6,NVIDIA L20Z,71656,81559,33,49,332.52
2026-09-15T12:53:53.109081Z,7,NVIDIA L20Z,71014,81559,88,58,370.69
2026-09-15T12:53:58.276795Z,0,NVIDIA L20Z,4,81559,0,32,69.98
2026-09-15T12:53:58.276795Z,1,NVIDIA L20Z,4,81559,0,30,69.91
2026-09-15T12:53:58.276795Z,2,NVIDIA L20Z,4,81559,0,33,70.88
2026-09-15T12:53:58.276795Z,3,NVIDIA L20Z,4,81559,0,32,73.37
2026-09-15T12:53:58.276795Z,4,NVIDIA L20Z,4,81559,0,31,71.33
2026-09-15T12:53:58.276795Z,5,NVIDIA L20Z,4,81559,0,34,70.25
2026-09-15T12:53:58.276795Z,6,NVIDIA L20Z,71656,81559,39,49,314.74
2026-09-15T12:53:58.276795Z,7,NVIDIA L20Z,71014,81559,57,56,334.38
2026-09-15T12:54:03.434683Z,0,NVIDIA L20Z,4,81559,0,32,70.00
2026-09-15T12:54:03.434683Z,1,NVIDIA L20Z,4,81559,0,30,69.94
2026-09-15T12:54:03.434683Z,2,NVIDIA L20Z,4,81559,0,33,70.86
2026-09-15T12:54:03.434683Z,3,NVIDIA L20Z,4,81559,0,32,73.37
2026-09-15T12:54:03.434683Z,4,NVIDIA L20Z,4,81559,0,31,71.42
2026-09-15T12:54:03.434683Z,5,NVIDIA L20Z,4,81559,0,34,70.19
2026-09-15T12:54:03.434683Z,6,NVIDIA L20Z,71656,81559,31,47,319.39
2026-09-15T12:54:03.434683Z,7,NVIDIA L20Z,71014,81559,79,54,341.59
2026-09-15T12:54:08.596080Z,0,NVIDIA L20Z,4,81559,0,32,70.03
2026-09-15T12:54:08.596080Z,1,NVIDIA L20Z,4,81559,0,30,69.90
2026-09-15T12:54:08.596080Z,2,NVIDIA L20Z,4,81559,0,33,70.89
2026-09-15T12:54:08.596080Z,3,NVIDIA L20Z,4,81559,0,32,73.35
2026-09-15T12:54:08.596080Z,4,NVIDIA L20Z,4,81559,0,30,71.36
2026-09-15T12:54:08.596080Z,5,NVIDIA L20Z,4,81559,0,34,70.13
2026-09-15T12:54:08.596080Z,6,NVIDIA L20Z,71656,81559,35,48,311.79
2026-09-15T12:54:08.596080Z,7,NVIDIA L20Z,71014,81559,53,56,332.68
2026-09-15T12:54:13.756481Z,0,NVIDIA L20Z,4,81559,0,32,69.99
2026-09-15T12:54:13.756481Z,1,NVIDIA L20Z,4,81559,0,30,69.88
2026-09-15T12:54:13.756481Z,2,NVIDIA L20Z,4,81559,0,33,70.91
2026-09-15T12:54:13.756481Z,3,NVIDIA L20Z,4,81559,0,32,73.30
2026-09-15T12:54:13.756481Z,4,NVIDIA L20Z,4,81559,0,30,71.44
2026-09-15T12:54:13.756481Z,5,NVIDIA L20Z,4,81559,0,34,70.22
2026-09-15T12:54:13.756481Z,6,NVIDIA L20Z,71656,81559,82,50,337.99
2026-09-15T12:54:13.756481Z,7,NVIDIA L20Z,71014,81559,83,57,350.91
2026-09-15T12:54:18.915488Z,0,NVIDIA L20Z,4,81559,0,32,69.99
2026-09-15T12:54:18.915488Z,1,NVIDIA L20Z,4,81559,0,30,69.86
2026-09-15T12:54:18.915488Z,2,NVIDIA L20Z,4,81559,0,33,70.94
2026-09-15T12:54:18.915488Z,3,NVIDIA L20Z,4,81559,0,32,73.32
2026-09-15T12:54:18.915488Z,4,NVIDIA L20Z,4,81559,0,30,71.44
2026-09-15T12:54:18.915488Z,5,NVIDIA L20Z,4,81559,0,34,70.12
2026-09-15T12:54:18.915488Z,6,NVIDIA L20Z,71656,81559,33,49,293.95
2026-09-15T12:54:18.915488Z,7,NVIDIA L20Z,71014,81559,77,57,326.83
2026-09-15T12:54:24.115938Z,0,NVIDIA L20Z,4,81559,0,32,69.97
2026-09-15T12:54:24.115938Z,1,NVIDIA L20Z,4,81559,0,30,69.90
2026-09-15T12:54:24.115938Z,2,NVIDIA L20Z,4,81559,0,33,70.87
2026-09-15T12:54:24.115938Z,3,NVIDIA L20Z,4,81559,0,32,73.32
2026-09-15T12:54:24.115938Z,4,NVIDIA L20Z,4,81559,0,30,71.37
2026-09-15T12:54:24.115938Z,5,NVIDIA L20Z,4,81559,0,34,70.14
2026-09-15T12:54:24.115938Z,6,NVIDIA L20Z,71656,81559,11,50,275.39
2026-09-15T12:54:24.115938Z,7,NVIDIA L20Z,71014,81559,82,57,291.68
2026-09-15T12:54:29.273477Z,0,NVIDIA L20Z,4,81559,0,32,69.97
2026-09-15T12:54:29.273477Z,1,NVIDIA L20Z,4,81559,0,30,69.91
2026-09-15T12:54:29.273477Z,2,NVIDIA L20Z,4,81559,0,33,70.84
2026-09-15T12:54:29.273477Z,3,NVIDIA L20Z,4,81559,0,32,73.34
2026-09-15T12:54:29.273477Z,4,NVIDIA L20Z,4,81559,0,30,71.33
2026-09-15T12:54:29.273477Z,5,NVIDIA L20Z,4,81559,0,34,70.14
2026-09-15T12:54:29.273477Z,6,NVIDIA L20Z,71656,81559,32,47,255.18
2026-09-15T12:54:29.273477Z,7,NVIDIA L20Z,71014,81559,35,55,298.87
2026-09-15T12:54:34.458872Z,0,NVIDIA L20Z,4,81559,0,32,69.99
2026-09-15T12:54:34.458872Z,1,NVIDIA L20Z,4,81559,0,30,69.90
2026-09-15T12:54:34.458872Z,2,NVIDIA L20Z,4,81559,0,33,70.86
2026-09-15T12:54:34.458872Z,3,NVIDIA L20Z,4,81559,0,32,73.36
2026-09-15T12:54:34.458872Z,4,NVIDIA L20Z,4,81559,0,30,71.39
2026-09-15T12:54:34.458872Z,5,NVIDIA L20Z,4,81559,0,34,70.10
2026-09-15T12:54:34.458872Z,6,NVIDIA L20Z,71656,81559,41,48,270.56
2026-09-15T12:54:34.458872Z,7,NVIDIA L20Z,71014,81559,80,58,329.89
2026-09-15T12:54:39.702721Z,0,NVIDIA L20Z,4,81559,0,32,69.98
2026-09-15T12:54:39.702721Z,1,NVIDIA L20Z,4,81559,0,30,69.93
2026-09-15T12:54:39.702721Z,2,NVIDIA L20Z,4,81559,0,33,70.85
2026-09-15T12:54:39.702721Z,3,NVIDIA L20Z,4,81559,0,32,73.33
2026-09-15T12:54:39.702721Z,4,NVIDIA L20Z,4,81559,0,30,71.34
2026-09-15T12:54:39.702721Z,5,NVIDIA L20Z,4,81559,0,34,70.10
2026-09-15T12:54:39.702721Z,6,NVIDIA L20Z,71656,81559,49,49,276.07
2026-09-15T12:54:39.702721Z,7,NVIDIA L20Z,71014,81559,85,58,338.90
2026-09-15T12:54:45.691421Z,0,NVIDIA L20Z,4,81559,0,33,99.52
2026-09-15T12:54:45.691421Z,1,NVIDIA L20Z,4,81559,0,30,69.92
2026-09-15T12:54:45.691421Z,2,NVIDIA L20Z,4,81559,0,33,70.86
2026-09-15T12:54:45.691421Z,3,NVIDIA L20Z,4,81559,0,32,73.31
2026-09-15T12:54:45.691421Z,4,NVIDIA L20Z,4,81559,0,30,71.39
2026-09-15T12:54:45.691421Z,5,NVIDIA L20Z,4,81559,0,34,70.11
2026-09-15T12:54:45.691421Z,6,NVIDIA L20Z,71656,81559,42,46,248.70
2026-09-15T12:54:45.691421Z,7,NVIDIA L20Z,71014,81559,62,56,320.02
2026-09-15T12:54:51.201605Z,0,NVIDIA L20Z,4,81559,0,32,70.06
2026-09-15T12:54:51.201605Z,1,NVIDIA L20Z,4,81559,0,31,110.29
2026-09-15T12:54:51.201605Z,2,NVIDIA L20Z,4,81559,0,34,71.31
2026-09-15T12:54:51.201605Z,3,NVIDIA L20Z,4,81559,0,34,127.34
2026-09-15T12:54:51.201605Z,4,NVIDIA L20Z,4,81559,0,30,71.32
2026-09-15T12:54:51.201605Z,5,NVIDIA L20Z,4,81559,0,34,70.03
2026-09-15T12:54:51.201605Z,6,NVIDIA L20Z,71656,81559,7,47,333.02
2026-09-15T12:54:51.201605Z,7,NVIDIA L20Z,71014,81559,3,57,364.05
2026-09-15T12:54:56.864149Z,0,NVIDIA L20Z,4,81559,0,32,70.04
2026-09-15T12:54:56.864149Z,1,NVIDIA L20Z,4,81559,0,30,69.97
2026-09-15T12:54:56.864149Z,2,NVIDIA L20Z,4,81559,0,34,71.24
2026-09-15T12:54:56.864149Z,3,NVIDIA L20Z,531,81559,0,34,119.31
2026-09-15T12:54:56.864149Z,4,NVIDIA L20Z,4,81559,0,30,71.43
2026-09-15T12:54:56.864149Z,5,NVIDIA L20Z,4,81559,0,35,124.53
2026-09-15T12:54:56.864149Z,6,NVIDIA L20Z,71656,81559,38,48,289.16
2026-09-15T12:54:56.864149Z,7,NVIDIA L20Z,71014,81559,40,57,345.97
2026-09-15T12:55:02.284493Z,0,NVIDIA L20Z,4,81559,0,34,110.96
2026-09-15T12:55:02.284493Z,1,NVIDIA L20Z,4,81559,0,30,69.97
2026-09-15T12:55:02.284493Z,2,NVIDIA L20Z,4,81559,0,34,70.96
2026-09-15T12:55:02.284493Z,3,NVIDIA L20Z,4,81559,0,32,73.49
2026-09-15T12:55:02.284493Z,4,NVIDIA L20Z,4,81559,0,31,71.61
2026-09-15T12:55:02.284493Z,5,NVIDIA L20Z,4,81559,0,35,124.54
2026-09-15T12:55:02.284493Z,6,NVIDIA L20Z,71656,81559,54,47,303.14
2026-09-15T12:55:02.284493Z,7,NVIDIA L20Z,71014,81559,39,55,307.83
2026-09-15T12:55:07.599001Z,0,NVIDIA L20Z,4,81559,0,33,70.09
2026-09-15T12:55:07.599001Z,1,NVIDIA L20Z,4,81559,0,30,69.97
2026-09-15T12:55:07.599001Z,2,NVIDIA L20Z,4,81559,0,34,71.04
2026-09-15T12:55:07.599001Z,3,NVIDIA L20Z,4,81559,1,34,104.58
2026-09-15T12:55:07.599001Z,4,NVIDIA L20Z,4,81559,0,30,71.42
2026-09-15T12:55:07.599001Z,5,NVIDIA L20Z,4,81559,0,34,70.14
2026-09-15T12:55:07.599001Z,6,NVIDIA L20Z,71656,81559,4,48,322.92
2026-09-15T12:55:07.599001Z,7,NVIDIA L20Z,71014,81559,22,55,328.10
2026-09-15T12:55:12.839439Z,0,NVIDIA L20Z,4,81559,0,32,70.04
2026-09-15T12:55:12.839439Z,1,NVIDIA L20Z,4,81559,0,30,69.95
2026-09-15T12:55:12.839439Z,2,NVIDIA L20Z,4,81559,0,34,71.01
2026-09-15T12:55:12.839439Z,3,NVIDIA L20Z,4,81559,0,32,73.46
2026-09-15T12:55:12.839439Z,4,NVIDIA L20Z,4,81559,0,31,71.53
2026-09-15T12:55:12.839439Z,5,NVIDIA L20Z,4,81559,0,34,70.04
2026-09-15T12:55:12.839439Z,6,NVIDIA L20Z,71656,81559,46,52,310.49
2026-09-15T12:55:12.839439Z,7,NVIDIA L20Z,71014,81559,57,55,298.05
2026-09-15T12:55:18.183161Z,0,NVIDIA L20Z,4,81559,0,32,70.04
2026-09-15T12:55:18.183161Z,1,NVIDIA L20Z,4,81559,0,30,69.92
2026-09-15T12:55:18.183161Z,2,NVIDIA L20Z,4,81559,0,34,71.01
2026-09-15T12:55:18.183161Z,3,NVIDIA L20Z,4,81559,0,32,73.46
2026-09-15T12:55:18.183161Z,4,NVIDIA L20Z,4,81559,0,31,71.42
2026-09-15T12:55:18.183161Z,5,NVIDIA L20Z,4,81559,0,34,70.14
2026-09-15T12:55:18.183161Z,6,NVIDIA L20Z,71656,81559,90,50,365.00
2026-09-15T12:55:18.183161Z,7,NVIDIA L20Z,71014,81559,64,58,344.09
2026-09-15T12:55:23.382975Z,0,NVIDIA L20Z,4,81559,0,32,70.05
2026-09-15T12:55:23.382975Z,1,NVIDIA L20Z,4,81559,0,30,69.94
2026-09-15T12:55:23.382975Z,2,NVIDIA L20Z,4,81559,0,34,70.98
2026-09-15T12:55:23.382975Z,3,NVIDIA L20Z,4,81559,0,32,73.45
2026-09-15T12:55:23.382975Z,4,NVIDIA L20Z,4,81559,0,30,71.42
2026-09-15T12:55:23.382975Z,5,NVIDIA L20Z,4,81559,0,34,70.14
2026-09-15T12:55:23.382975Z,6,NVIDIA L20Z,71656,81559,80,51,359.63
2026-09-15T12:55:23.382975Z,7,NVIDIA L20Z,71014,81559,17,57,355.77
2026-09-15T12:55:28.563375Z,0,NVIDIA L20Z,4,81559,0,32,69.98
2026-09-15T12:55:28.563375Z,1,NVIDIA L20Z,4,81559,0,30,69.93
2026-09-15T12:55:28.563375Z,2,NVIDIA L20Z,4,81559,0,34,70.95
2026-09-15T12:55:28.563375Z,3,NVIDIA L20Z,4,81559,0,32,73.42
2026-09-15T12:55:28.563375Z,4,NVIDIA L20Z,4,81559,0,30,71.40
2026-09-15T12:55:28.563375Z,5,NVIDIA L20Z,4,81559,0,34,70.14
2026-09-15T12:55:28.563375Z,6,NVIDIA L20Z,71656,81559,83,51,363.09
2026-09-15T12:55:28.563375Z,7,NVIDIA L20Z,71014,81559,44,58,344.70
2026-09-15T12:55:33.772176Z,0,NVIDIA L20Z,4,81559,0,32,69.96
2026-09-15T12:55:33.772176Z,1,NVIDIA L20Z,4,81559,0,30,69.95
2026-09-15T12:55:33.772176Z,2,NVIDIA L20Z,4,81559,0,34,70.92
2026-09-15T12:55:33.772176Z,3,NVIDIA L20Z,4,81559,0,32,73.44
2026-09-15T12:55:33.772176Z,4,NVIDIA L20Z,4,81559,0,30,71.33
2026-09-15T12:55:33.772176Z,5,NVIDIA L20Z,4,81559,0,34,70.15
2026-09-15T12:55:33.772176Z,6,NVIDIA L20Z,71656,81559,82,51,339.97
2026-09-15T12:55:33.772176Z,7,NVIDIA L20Z,71014,81559,36,56,283.83
2026-09-15T12:55:38.939187Z,0,NVIDIA L20Z,4,81559,0,32,70.03
2026-09-15T12:55:38.939187Z,1,NVIDIA L20Z,4,81559,0,30,69.95
2026-09-15T12:55:38.939187Z,2,NVIDIA L20Z,4,81559,0,34,70.95
2026-09-15T12:55:38.939187Z,3,NVIDIA L20Z,4,81559,0,32,73.36
2026-09-15T12:55:38.939187Z,4,NVIDIA L20Z,4,81559,0,30,71.41
2026-09-15T12:55:38.939187Z,5,NVIDIA L20Z,4,81559,0,34,70.08
2026-09-15T12:55:38.939187Z,6,NVIDIA L20Z,71656,81559,84,51,393.75
2026-09-15T12:55:38.939187Z,7,NVIDIA L20Z,71014,81559,31,56,341.80
2026-09-15T12:55:44.098285Z,0,NVIDIA L20Z,4,81559,0,32,70.03
2026-09-15T12:55:44.098285Z,1,NVIDIA L20Z,4,81559,0,30,69.93
2026-09-15T12:55:44.098285Z,2,NVIDIA L20Z,4,81559,0,34,70.92
2026-09-15T12:55:44.098285Z,3,NVIDIA L20Z,4,81559,0,32,73.41
2026-09-15T12:55:44.098285Z,4,NVIDIA L20Z,4,81559,0,30,71.36
2026-09-15T12:55:44.098285Z,5,NVIDIA L20Z,4,81559,0,34,70.12
2026-09-15T12:55:44.098285Z,6,NVIDIA L20Z,71656,81559,16,51,282.67
2026-09-15T12:55:44.098285Z,7,NVIDIA L20Z,71014,81559,37,58,263.48
2026-09-15T12:55:49.255438Z,0,NVIDIA L20Z,4,81559,0,32,70.02
2026-09-15T12:55:49.255438Z,1,NVIDIA L20Z,4,81559,0,30,69.85
2026-09-15T12:55:49.255438Z,2,NVIDIA L20Z,4,81559,0,33,70.92
2026-09-15T12:55:49.255438Z,3,NVIDIA L20Z,4,81559,0,32,73.36
2026-09-15T12:55:49.255438Z,4,NVIDIA L20Z,4,81559,0,30,71.44
2026-09-15T12:55:49.255438Z,5,NVIDIA L20Z,4,81559,0,34,70.15
2026-09-15T12:55:49.255438Z,6,NVIDIA L20Z,71656,81559,77,52,373.75
2026-09-15T12:55:49.255438Z,7,NVIDIA L20Z,71014,81559,36,55,293.73
2026-09-15T12:55:54.455644Z,0,NVIDIA L20Z,4,81559,0,32,70.00
2026-09-15T12:55:54.455644Z,1,NVIDIA L20Z,4,81559,0,30,69.89
2026-09-15T12:55:54.455644Z,2,NVIDIA L20Z,4,81559,0,33,70.94
2026-09-15T12:55:54.455644Z,3,NVIDIA L20Z,4,81559,0,32,73.39
2026-09-15T12:55:54.455644Z,4,NVIDIA L20Z,4,81559,0,30,71.34
2026-09-15T12:55:54.455644Z,5,NVIDIA L20Z,4,81559,0,33,70.07
2026-09-15T12:55:54.455644Z,6,NVIDIA L20Z,71656,81559,66,51,312.28
2026-09-15T12:55:54.455644Z,7,NVIDIA L20Z,71014,81559,39,55,250.51
2026-09-15T12:55:59.679496Z,0,NVIDIA L20Z,4,81559,0,32,69.98
2026-09-15T12:55:59.679496Z,1,NVIDIA L20Z,4,81559,0,30,69.91
2026-09-15T12:55:59.679496Z,2,NVIDIA L20Z,4,81559,0,33,70.92
2026-09-15T12:55:59.679496Z,3,NVIDIA L20Z,4,81559,0,32,73.41
2026-09-15T12:55:59.679496Z,4,NVIDIA L20Z,4,81559,0,30,71.29
2026-09-15T12:55:59.679496Z,5,NVIDIA L20Z,4,81559,0,33,70.13
2026-09-15T12:55:59.679496Z,6,NVIDIA L20Z,71656,81559,80,49,361.40
2026-09-15T12:55:59.679496Z,7,NVIDIA L20Z,71014,81559,33,56,340.75
2026-09-15T12:56:04.894702Z,0,NVIDIA L20Z,4,81559,0,32,70.04
2026-09-15T12:56:04.894702Z,1,NVIDIA L20Z,4,81559,0,31,120.67
2026-09-15T12:56:04.894702Z,2,NVIDIA L20Z,4,81559,0,33,70.95
2026-09-15T12:56:04.894702Z,3,NVIDIA L20Z,4,81559,0,32,73.38
2026-09-15T12:56:04.894702Z,4,NVIDIA L20Z,4,81559,0,30,71.35
2026-09-15T12:56:04.894702Z,5,NVIDIA L20Z,4,81559,0,33,70.16
2026-09-15T12:56:04.894702Z,6,NVIDIA L20Z,71658,81559,84,51,366.31
2026-09-15T12:56:04.894702Z,7,NVIDIA L20Z,71016,81559,84,57,323.02
2026-09-15T12:56:10.198479Z,0,NVIDIA L20Z,4,81559,0,32,70.02
2026-09-15T12:56:10.198479Z,1,NVIDIA L20Z,4,81559,0,30,69.94
2026-09-15T12:56:10.198479Z,2,NVIDIA L20Z,4,81559,0,34,70.97
2026-09-15T12:56:10.198479Z,3,NVIDIA L20Z,4,81559,0,32,73.52
2026-09-15T12:56:10.198479Z,4,NVIDIA L20Z,4,81559,0,31,115.84
2026-09-15T12:56:10.198479Z,5,NVIDIA L20Z,4,81559,0,35,91.31
2026-09-15T12:56:10.198479Z,6,NVIDIA L20Z,71658,81559,81,52,330.89
2026-09-15T12:56:10.198479Z,7,NVIDIA L20Z,71016,81559,44,55,255.67
2026-09-15T12:56:15.436377Z,0,NVIDIA L20Z,4,81559,0,32,70.00
2026-09-15T12:56:15.436377Z,1,NVIDIA L20Z,4,81559,0,30,69.94
2026-09-15T12:56:15.436377Z,2,NVIDIA L20Z,4,81559,0,34,70.96
2026-09-15T12:56:15.436377Z,3,NVIDIA L20Z,4,81559,0,32,73.45
2026-09-15T12:56:15.436377Z,4,NVIDIA L20Z,4,81559,0,30,71.43
2026-09-15T12:56:15.436377Z,5,NVIDIA L20Z,4,81559,0,33,70.10
2026-09-15T12:56:15.436377Z,6,NVIDIA L20Z,71658,81559,53,51,361.97
2026-09-15T12:56:15.436377Z,7,NVIDIA L20Z,71016,81559,33,55,329.95
2026-09-15T12:56:20.599120Z,0,NVIDIA L20Z,4,81559,0,32,70.00
2026-09-15T12:56:20.599120Z,1,NVIDIA L20Z,4,81559,0,30,69.95
2026-09-15T12:56:20.599120Z,2,NVIDIA L20Z,4,81559,0,34,70.98
2026-09-15T12:56:20.599120Z,3,NVIDIA L20Z,4,81559,0,32,73.39
2026-09-15T12:56:20.599120Z,4,NVIDIA L20Z,4,81559,0,30,71.30
2026-09-15T12:56:20.599120Z,5,NVIDIA L20Z,4,81559,0,33,70.06
2026-09-15T12:56:20.599120Z,6,NVIDIA L20Z,71658,81559,84,52,400.39
2026-09-15T12:56:20.599120Z,7,NVIDIA L20Z,71016,81559,85,57,325.14
2026-09-15T12:56:25.759532Z,0,NVIDIA L20Z,4,81559,0,32,69.97
2026-09-15T12:56:25.759532Z,1,NVIDIA L20Z,4,81559,0,30,69.91
2026-09-15T12:56:25.759532Z,2,NVIDIA L20Z,4,81559,0,34,70.98
2026-09-15T12:56:25.759532Z,3,NVIDIA L20Z,4,81559,0,32,73.38
2026-09-15T12:56:25.759532Z,4,NVIDIA L20Z,4,81559,0,30,71.41
2026-09-15T12:56:25.759532Z,5,NVIDIA L20Z,4,81559,0,33,70.05
2026-09-15T12:56:25.759532Z,6,NVIDIA L20Z,71658,81559,83,52,383.26
2026-09-15T12:56:25.759532Z,7,NVIDIA L20Z,71016,81559,31,55,280.11
2026-09-15T12:56:30.915867Z,0,NVIDIA L20Z,4,81559,0,32,69.99
2026-09-15T12:56:30.915867Z,1,NVIDIA L20Z,4,81559,0,30,69.91
2026-09-15T12:56:30.915867Z,2,NVIDIA L20Z,4,81559,0,33,70.90
2026-09-15T12:56:30.915867Z,3,NVIDIA L20Z,4,81559,0,32,73.43
2026-09-15T12:56:30.915867Z,4,NVIDIA L20Z,4,81559,0,30,71.36
2026-09-15T12:56:30.915867Z,5,NVIDIA L20Z,4,81559,0,33,70.09
2026-09-15T12:56:30.915867Z,6,NVIDIA L20Z,71658,81559,89,49,170.92
2026-09-15T12:56:30.915867Z,7,NVIDIA L20Z,71016,81559,52,53,157.15
2026-09-15T12:56:36.218142Z,0,NVIDIA L20Z,4,81559,0,32,69.98
2026-09-15T12:56:36.218142Z,1,NVIDIA L20Z,4,81559,0,30,69.88
2026-09-15T12:56:36.218142Z,2,NVIDIA L20Z,4,81559,0,33,70.91
2026-09-15T12:56:36.218142Z,3,NVIDIA L20Z,4,81559,0,32,73.39
2026-09-15T12:56:36.218142Z,4,NVIDIA L20Z,4,81559,0,30,71.33
2026-09-15T12:56:36.218142Z,5,NVIDIA L20Z,4,81559,0,33,70.10
2026-09-15T12:56:36.218142Z,6,NVIDIA L20Z,71658,81559,78,50,331.36
2026-09-15T12:56:36.218142Z,7,NVIDIA L20Z,71016,81559,81,55,279.76
2026-09-15T12:56:41.379475Z,0,NVIDIA L20Z,4,81559,0,32,69.93
2026-09-15T12:56:41.379475Z,1,NVIDIA L20Z,4,81559,0,30,69.85
2026-09-15T12:56:41.379475Z,2,NVIDIA L20Z,4,81559,0,33,71.07
2026-09-15T12:56:41.379475Z,3,NVIDIA L20Z,4,81559,0,32,73.38
2026-09-15T12:56:41.379475Z,4,NVIDIA L20Z,4,81559,0,30,71.24
2026-09-15T12:56:41.379475Z,5,NVIDIA L20Z,4,81559,0,33,70.04
2026-09-15T12:56:41.379475Z,6,NVIDIA L20Z,71658,81559,78,50,368.04
2026-09-15T12:56:41.379475Z,7,NVIDIA L20Z,71016,81559,44,55,326.86
2026-09-15T12:56:46.535647Z,0,NVIDIA L20Z,4,81559,0,32,69.95
2026-09-15T12:56:46.535647Z,1,NVIDIA L20Z,4,81559,0,30,69.89
2026-09-15T12:56:46.535647Z,2,NVIDIA L20Z,4,81559,0,33,71.10
2026-09-15T12:56:46.535647Z,3,NVIDIA L20Z,4,81559,0,32,73.37
2026-09-15T12:56:46.535647Z,4,NVIDIA L20Z,4,81559,0,30,71.33
2026-09-15T12:56:46.535647Z,5,NVIDIA L20Z,4,81559,0,33,70.04
2026-09-15T12:56:46.535647Z,6,NVIDIA L20Z,71658,81559,83,49,369.91
2026-09-15T12:56:46.535647Z,7,NVIDIA L20Z,71016,81559,83,55,344.32
2026-09-15T12:56:51.691914Z,0,NVIDIA L20Z,4,81559,0,32,69.95
2026-09-15T12:56:51.691914Z,1,NVIDIA L20Z,4,81559,0,30,69.91
2026-09-15T12:56:51.691914Z,2,NVIDIA L20Z,4,81559,0,33,71.10
2026-09-15T12:56:51.691914Z,3,NVIDIA L20Z,4,81559,0,32,73.38
2026-09-15T12:56:51.691914Z,4,NVIDIA L20Z,4,81559,0,30,71.27
2026-09-15T12:56:51.691914Z,5,NVIDIA L20Z,4,81559,0,33,69.97
2026-09-15T12:56:51.691914Z,6,NVIDIA L20Z,71658,81559,77,51,345.17
2026-09-15T12:56:51.691914Z,7,NVIDIA L20Z,71016,81559,76,56,292.27
2026-09-15T12:56:57.029300Z,0,NVIDIA L20Z,4,81559,0,32,69.96
2026-09-15T12:56:57.029300Z,1,NVIDIA L20Z,4,81559,0,30,69.96
2026-09-15T12:56:57.029300Z,2,NVIDIA L20Z,4,81559,0,33,71.07
2026-09-15T12:56:57.029300Z,3,NVIDIA L20Z,4,81559,0,32,73.34
2026-09-15T12:56:57.029300Z,4,NVIDIA L20Z,4,81559,0,30,71.40
2026-09-15T12:56:57.029300Z,5,NVIDIA L20Z,4,81559,0,33,70.04
2026-09-15T12:56:57.029300Z,6,NVIDIA L20Z,71658,81559,81,51,342.27
2026-09-15T12:56:57.029300Z,7,NVIDIA L20Z,71016,81559,82,56,313.64
2026-09-15T12:57:02.247667Z,0,NVIDIA L20Z,4,81559,0,32,69.97
2026-09-15T12:57:02.247667Z,1,NVIDIA L20Z,4,81559,0,30,69.84
2026-09-15T12:57:02.247667Z,2,NVIDIA L20Z,4,81559,0,33,71.10
2026-09-15T12:57:02.247667Z,3,NVIDIA L20Z,4,81559,0,32,73.31
2026-09-15T12:57:02.247667Z,4,NVIDIA L20Z,4,81559,0,30,71.32
2026-09-15T12:57:02.247667Z,5,NVIDIA L20Z,4,81559,0,33,70.03
2026-09-15T12:57:02.247667Z,6,NVIDIA L20Z,71658,81559,3,50,373.53
2026-09-15T12:57:02.247667Z,7,NVIDIA L20Z,71016,81559,9,57,336.74
2026-09-15T12:57:07.403520Z,0,NVIDIA L20Z,4,81559,0,32,69.96
2026-09-15T12:57:07.403520Z,1,NVIDIA L20Z,4,81559,0,30,69.85
2026-09-15T12:57:07.403520Z,2,NVIDIA L20Z,4,81559,0,33,70.90
2026-09-15T12:57:07.403520Z,3,NVIDIA L20Z,4,81559,0,32,73.33
2026-09-15T12:57:07.403520Z,4,NVIDIA L20Z,4,81559,0,30,71.25
2026-09-15T12:57:07.403520Z,5,NVIDIA L20Z,4,81559,0,33,70.09
2026-09-15T12:57:07.403520Z,6,NVIDIA L20Z,71658,81559,83,51,312.34
2026-09-15T12:57:07.403520Z,7,NVIDIA L20Z,71016,81559,84,56,315.53
2026-09-15T12:57:12.577152Z,0,NVIDIA L20Z,4,81559,0,32,69.98
2026-09-15T12:57:12.577152Z,1,NVIDIA L20Z,4,81559,0,30,69.83
2026-09-15T12:57:12.577152Z,2,NVIDIA L20Z,4,81559,0,33,70.89
2026-09-15T12:57:12.577152Z,3,NVIDIA L20Z,4,81559,0,32,73.34
2026-09-15T12:57:12.577152Z,4,NVIDIA L20Z,4,81559,0,30,71.34
2026-09-15T12:57:12.577152Z,5,NVIDIA L20Z,4,81559,0,33,70.04
2026-09-15T12:57:12.577152Z,6,NVIDIA L20Z,71658,81559,45,47,194.98
2026-09-15T12:57:12.577152Z,7,NVIDIA L20Z,71016,81559,19,52,183.68
2026-09-15T12:57:17.733968Z,0,NVIDIA L20Z,4,81559,0,32,70.11
2026-09-15T12:57:17.733968Z,1,NVIDIA L20Z,4,81559,0,31,120.14
2026-09-15T12:57:17.733968Z,2,NVIDIA L20Z,4,81559,0,33,70.85
2026-09-15T12:57:17.733968Z,3,NVIDIA L20Z,4,81559,0,32,73.37
2026-09-15T12:57:17.733968Z,4,NVIDIA L20Z,4,81559,0,30,71.28
2026-09-15T12:57:17.733968Z,5,NVIDIA L20Z,4,81559,0,33,69.98
2026-09-15T12:57:17.733968Z,6,NVIDIA L20Z,72042,81559,81,49,320.21
2026-09-15T12:57:17.733968Z,7,NVIDIA L20Z,71400,81559,81,55,334.95
2026-09-15T12:57:22.944057Z,0,NVIDIA L20Z,4,81559,0,32,69.96
2026-09-15T12:57:22.944057Z,1,NVIDIA L20Z,4,81559,0,30,69.88
2026-09-15T12:57:22.944057Z,2,NVIDIA L20Z,4,81559,0,33,71.37
2026-09-15T12:57:22.944057Z,3,NVIDIA L20Z,4,81559,0,32,73.46
2026-09-15T12:57:22.944057Z,4,NVIDIA L20Z,4,81559,0,32,122.33
2026-09-15T12:57:22.944057Z,5,NVIDIA L20Z,4,81559,0,33,69.93
2026-09-15T12:57:22.944057Z,6,NVIDIA L20Z,72042,81559,45,48,342.44
2026-09-15T12:57:22.944057Z,7,NVIDIA L20Z,71400,81559,74,55,350.99
2026-09-15T12:57:28.348978Z,0,NVIDIA L20Z,4,81559,0,32,69.97
2026-09-15T12:57:28.348978Z,1,NVIDIA L20Z,4,81559,0,30,69.92
2026-09-15T12:57:28.348978Z,2,NVIDIA L20Z,4,81559,0,33,71.09
2026-09-15T12:57:28.348978Z,3,NVIDIA L20Z,4,81559,0,32,73.39
2026-09-15T12:57:28.348978Z,4,NVIDIA L20Z,4,81559,0,30,71.25
2026-09-15T12:57:28.348978Z,5,NVIDIA L20Z,4,81559,0,33,70.00
2026-09-15T12:57:28.348978Z,6,NVIDIA L20Z,72042,81559,0,49,348.70
2026-09-15T12:57:28.348978Z,7,NVIDIA L20Z,71400,81559,32,55,350.05
2026-09-15T12:57:33.519882Z,0,NVIDIA L20Z,4,81559,0,32,69.96
2026-09-15T12:57:33.519882Z,1,NVIDIA L20Z,4,81559,0,30,69.89
2026-09-15T12:57:33.519882Z,2,NVIDIA L20Z,4,81559,0,33,70.89
2026-09-15T12:57:33.519882Z,3,NVIDIA L20Z,4,81559,0,32,73.35
2026-09-15T12:57:33.519882Z,4,NVIDIA L20Z,4,81559,0,30,71.25
2026-09-15T12:57:33.519882Z,5,NVIDIA L20Z,4,81559,0,33,70.02
2026-09-15T12:57:33.519882Z,6,NVIDIA L20Z,72042,81559,84,51,383.11
2026-09-15T12:57:33.519882Z,7,NVIDIA L20Z,71400,81559,84,56,342.27
2026-09-15T12:57:38.689176Z,0,NVIDIA L20Z,4,81559,0,32,69.99
2026-09-15T12:57:38.689176Z,1,NVIDIA L20Z,4,81559,0,30,69.87
2026-09-15T12:57:38.689176Z,2,NVIDIA L20Z,4,81559,0,33,70.90
2026-09-15T12:57:38.689176Z,3,NVIDIA L20Z,4,81559,0,32,73.31
2026-09-15T12:57:38.689176Z,4,NVIDIA L20Z,4,81559,0,30,71.27
2026-09-15T12:57:38.689176Z,5,NVIDIA L20Z,4,81559,0,33,70.05
2026-09-15T12:57:38.689176Z,6,NVIDIA L20Z,72042,81559,82,51,319.34
2026-09-15T12:57:38.689176Z,7,NVIDIA L20Z,71400,81559,83,56,305.12
2026-09-15T12:57:43.856045Z,0,NVIDIA L20Z,4,81559,0,32,69.97
2026-09-15T12:57:43.856045Z,1,NVIDIA L20Z,4,81559,0,30,69.87
2026-09-15T12:57:43.856045Z,2,NVIDIA L20Z,4,81559,0,33,70.91
2026-09-15T12:57:43.856045Z,3,NVIDIA L20Z,4,81559,0,32,73.29
2026-09-15T12:57:43.856045Z,4,NVIDIA L20Z,4,81559,0,30,71.28
2026-09-15T12:57:43.856045Z,5,NVIDIA L20Z,4,81559,0,33,69.99
2026-09-15T12:57:43.856045Z,6,NVIDIA L20Z,72042,81559,72,50,328.63
2026-09-15T12:57:43.856045Z,7,NVIDIA L20Z,71400,81559,84,57,365.85
2026-09-15T12:57:49.013633Z,0,NVIDIA L20Z,4,81559,0,32,69.96
2026-09-15T12:57:49.013633Z,1,NVIDIA L20Z,4,81559,0,30,69.89
2026-09-15T12:57:49.013633Z,2,NVIDIA L20Z,4,81559,0,33,71.08
2026-09-15T12:57:49.013633Z,3,NVIDIA L20Z,4,81559,0,32,73.29
2026-09-15T12:57:49.013633Z,4,NVIDIA L20Z,4,81559,0,30,71.27
2026-09-15T12:57:49.013633Z,5,NVIDIA L20Z,4,81559,0,33,70.01
2026-09-15T12:57:49.013633Z,6,NVIDIA L20Z,72042,81559,35,49,349.31
2026-09-15T12:57:49.013633Z,7,NVIDIA L20Z,71400,81559,85,57,338.58
2026-09-15T12:57:54.234066Z,0,NVIDIA L20Z,4,81559,0,32,69.96
2026-09-15T12:57:54.234066Z,1,NVIDIA L20Z,4,81559,0,30,69.83
2026-09-15T12:57:54.234066Z,2,NVIDIA L20Z,4,81559,0,33,71.07
2026-09-15T12:57:54.234066Z,3,NVIDIA L20Z,4,81559,0,32,73.33
2026-09-15T12:57:54.234066Z,4,NVIDIA L20Z,4,81559,0,30,71.30
2026-09-15T12:57:54.234066Z,5,NVIDIA L20Z,4,81559,0,33,70.02
2026-09-15T12:57:54.234066Z,6,NVIDIA L20Z,72042,81559,82,51,348.65
2026-09-15T12:57:54.234066Z,7,NVIDIA L20Z,71400,81559,40,56,328.98
2026-09-15T12:57:59.431999Z,0,NVIDIA L20Z,4,81559,0,32,69.89
2026-09-15T12:57:59.431999Z,1,NVIDIA L20Z,4,81559,0,30,69.82
2026-09-15T12:57:59.431999Z,2,NVIDIA L20Z,4,81559,0,33,71.25
2026-09-15T12:57:59.431999Z,3,NVIDIA L20Z,4,81559,0,32,73.31
2026-09-15T12:57:59.431999Z,4,NVIDIA L20Z,4,81559,0,30,71.32
2026-09-15T12:57:59.431999Z,5,NVIDIA L20Z,4,81559,0,33,69.95
2026-09-15T12:57:59.431999Z,6,NVIDIA L20Z,72042,81559,45,49,337.54
2026-09-15T12:57:59.431999Z,7,NVIDIA L20Z,71400,81559,34,55,302.26
2026-09-15T12:58:04.655230Z,0,NVIDIA L20Z,4,81559,0,32,69.95
2026-09-15T12:58:04.655230Z,1,NVIDIA L20Z,4,81559,0,30,69.85
2026-09-15T12:58:04.655230Z,2,NVIDIA L20Z,4,81559,0,33,71.27
2026-09-15T12:58:04.655230Z,3,NVIDIA L20Z,4,81559,0,32,73.36
2026-09-15T12:58:04.655230Z,4,NVIDIA L20Z,4,81559,0,30,71.25
2026-09-15T12:58:04.655230Z,5,NVIDIA L20Z,4,81559,0,33,70.00
2026-09-15T12:58:04.655230Z,6,NVIDIA L20Z,72042,81559,76,50,319.48
2026-09-15T12:58:04.655230Z,7,NVIDIA L20Z,71400,81559,26,55,279.24
2026-09-15T12:58:09.864658Z,0,NVIDIA L20Z,4,81559,0,32,69.96
2026-09-15T12:58:09.864658Z,1,NVIDIA L20Z,4,81559,0,30,69.89
2026-09-15T12:58:09.864658Z,2,NVIDIA L20Z,4,81559,0,33,71.28
2026-09-15T12:58:09.864658Z,3,NVIDIA L20Z,4,81559,0,32,73.32
2026-09-15T12:58:09.864658Z,4,NVIDIA L20Z,4,81559,0,30,71.33
2026-09-15T12:58:09.864658Z,5,NVIDIA L20Z,4,81559,0,33,69.99
2026-09-15T12:58:09.864658Z,6,NVIDIA L20Z,72042,81559,59,50,378.63
2026-09-15T12:58:09.864658Z,7,NVIDIA L20Z,71400,81559,35,55,358.00
2026-09-15T12:58:15.019330Z,0,NVIDIA L20Z,4,81559,0,32,69.93
2026-09-15T12:58:15.019330Z,1,NVIDIA L20Z,4,81559,0,30,69.86
2026-09-15T12:58:15.019330Z,2,NVIDIA L20Z,4,81559,0,33,71.17
2026-09-15T12:58:15.019330Z,3,NVIDIA L20Z,4,81559,0,32,73.35
2026-09-15T12:58:15.019330Z,4,NVIDIA L20Z,4,81559,0,30,71.35
2026-09-15T12:58:15.019330Z,5,NVIDIA L20Z,4,81559,0,33,70.04
2026-09-15T12:58:15.019330Z,6,NVIDIA L20Z,72042,81559,84,51,354.75
2026-09-15T12:58:15.019330Z,7,NVIDIA L20Z,71400,81559,84,56,292.10
2026-09-15T12:58:20.182217Z,0,NVIDIA L20Z,4,81559,0,32,69.96
2026-09-15T12:58:20.182217Z,1,NVIDIA L20Z,4,81559,0,30,69.88
2026-09-15T12:58:20.182217Z,2,NVIDIA L20Z,4,81559,0,33,71.31
2026-09-15T12:58:20.182217Z,3,NVIDIA L20Z,4,81559,0,32,73.32
2026-09-15T12:58:20.182217Z,4,NVIDIA L20Z,4,81559,0,30,71.34
2026-09-15T12:58:20.182217Z,5,NVIDIA L20Z,4,81559,0,33,70.04
2026-09-15T12:58:20.182217Z,6,NVIDIA L20Z,72042,81559,90,51,395.08
2026-09-15T12:58:20.182217Z,7,NVIDIA L20Z,71400,81559,31,55,323.01
2026-09-15T12:58:25.436516Z,0,NVIDIA L20Z,4,81559,0,32,69.93
2026-09-15T12:58:25.436516Z,1,NVIDIA L20Z,4,81559,0,30,69.88
2026-09-15T12:58:25.436516Z,2,NVIDIA L20Z,4,81559,0,33,71.28
2026-09-15T12:58:25.436516Z,3,NVIDIA L20Z,4,81559,0,32,73.25
2026-09-15T12:58:25.436516Z,4,NVIDIA L20Z,4,81559,0,30,71.21
2026-09-15T12:58:25.436516Z,5,NVIDIA L20Z,4,81559,0,33,69.95
2026-09-15T12:58:25.436516Z,6,NVIDIA L20Z,72042,81559,84,51,389.58
2026-09-15T12:58:25.436516Z,7,NVIDIA L20Z,71400,81559,82,57,363.24
2026-09-15T12:58:30.631173Z,0,NVIDIA L20Z,4,81559,0,33,116.67
2026-09-15T12:58:30.631173Z,1,NVIDIA L20Z,4,81559,1,31,99.84
2026-09-15T12:58:30.631173Z,2,NVIDIA L20Z,4,81559,0,33,71.12
2026-09-15T12:58:30.631173Z,3,NVIDIA L20Z,4,81559,0,32,73.30
2026-09-15T12:58:30.631173Z,4,NVIDIA L20Z,4,81559,0,30,71.37
2026-09-15T12:58:30.631173Z,5,NVIDIA L20Z,4,81559,0,33,69.96
2026-09-15T12:58:30.631173Z,6,NVIDIA L20Z,72042,81559,18,51,369.74
2026-09-15T12:58:30.631173Z,7,NVIDIA L20Z,71400,81559,23,54,327.10
2026-09-15T12:58:35.823302Z,0,NVIDIA L20Z,4,81559,0,32,69.96
2026-09-15T12:58:35.823302Z,1,NVIDIA L20Z,4,81559,0,30,69.91
2026-09-15T12:58:35.823302Z,2,NVIDIA L20Z,4,81559,0,33,71.17
2026-09-15T12:58:35.823302Z,3,NVIDIA L20Z,4,81559,0,33,117.10
2026-09-15T12:58:35.823302Z,4,NVIDIA L20Z,531,81559,3,31,83.72
2026-09-15T12:58:35.823302Z,5,NVIDIA L20Z,4,81559,0,33,70.03
2026-09-15T12:58:35.823302Z,6,NVIDIA L20Z,72042,81559,82,52,387.94
2026-09-15T12:58:35.823302Z,7,NVIDIA L20Z,71400,81559,83,57,354.70
2026-09-15T12:58:41.051033Z,0,NVIDIA L20Z,4,81559,0,32,69.97
2026-09-15T12:58:41.051033Z,1,NVIDIA L20Z,4,81559,0,30,69.88
2026-09-15T12:58:41.051033Z,2,NVIDIA L20Z,4,81559,0,33,71.12
2026-09-15T12:58:41.051033Z,3,NVIDIA L20Z,4,81559,0,32,73.40
2026-09-15T12:58:41.051033Z,4,NVIDIA L20Z,4,81559,0,30,71.43
2026-09-15T12:58:41.051033Z,5,NVIDIA L20Z,4,81559,0,33,70.02
2026-09-15T12:58:41.051033Z,6,NVIDIA L20Z,72042,81559,87,52,383.48
2026-09-15T12:58:41.051033Z,7,NVIDIA L20Z,71400,81559,29,55,327.34
2026-09-15T12:58:46.251894Z,0,NVIDIA L20Z,4,81559,0,32,69.96
2026-09-15T12:58:46.251894Z,1,NVIDIA L20Z,4,81559,0,30,69.91
2026-09-15T12:58:46.251894Z,2,NVIDIA L20Z,4,81559,0,33,71.16
2026-09-15T12:58:46.251894Z,3,NVIDIA L20Z,4,81559,0,32,73.43
2026-09-15T12:58:46.251894Z,4,NVIDIA L20Z,4,81559,0,30,71.39
2026-09-15T12:58:46.251894Z,5,NVIDIA L20Z,4,81559,0,33,69.99
2026-09-15T12:58:46.251894Z,6,NVIDIA L20Z,72042,81559,90,51,348.82
2026-09-15T12:58:46.251894Z,7,NVIDIA L20Z,71400,81559,81,57,324.23
2026-09-15T12:58:51.416456Z,0,NVIDIA L20Z,4,81559,0,32,69.97
2026-09-15T12:58:51.416456Z,1,NVIDIA L20Z,4,81559,0,30,69.90
2026-09-15T12:58:51.416456Z,2,NVIDIA L20Z,4,81559,0,33,71.17
2026-09-15T12:58:51.416456Z,3,NVIDIA L20Z,4,81559,0,32,73.36
2026-09-15T12:58:51.416456Z,4,NVIDIA L20Z,4,81559,0,30,71.29
2026-09-15T12:58:51.416456Z,5,NVIDIA L20Z,4,81559,0,33,70.02
2026-09-15T12:58:51.416456Z,6,NVIDIA L20Z,72042,81559,83,51,372.10
2026-09-15T12:58:51.416456Z,7,NVIDIA L20Z,71400,81559,30,56,319.17
2026-09-15T12:58:56.658332Z,0,NVIDIA L20Z,4,81559,0,32,69.97
2026-09-15T12:58:56.658332Z,1,NVIDIA L20Z,4,81559,0,30,69.90
2026-09-15T12:58:56.658332Z,2,NVIDIA L20Z,4,81559,0,33,71.01
2026-09-15T12:58:56.658332Z,3,NVIDIA L20Z,4,81559,0,32,73.36
2026-09-15T12:58:56.658332Z,4,NVIDIA L20Z,4,81559,0,30,71.36
2026-09-15T12:58:56.658332Z,5,NVIDIA L20Z,4,81559,0,33,70.13
2026-09-15T12:58:56.658332Z,6,NVIDIA L20Z,72042,81559,74,52,387.79
2026-09-15T12:58:56.658332Z,7,NVIDIA L20Z,71400,81559,54,57,367.16
2026-09-15T12:59:01.818718Z,0,NVIDIA L20Z,4,81559,0,32,69.99
2026-09-15T12:59:01.818718Z,1,NVIDIA L20Z,4,81559,0,30,69.89
2026-09-15T12:59:01.818718Z,2,NVIDIA L20Z,4,81559,0,33,70.86
2026-09-15T12:59:01.818718Z,3,NVIDIA L20Z,4,81559,0,32,73.33
2026-09-15T12:59:01.818718Z,4,NVIDIA L20Z,4,81559,0,30,71.33
2026-09-15T12:59:01.818718Z,5,NVIDIA L20Z,4,81559,0,33,70.10
2026-09-15T12:59:01.818718Z,6,NVIDIA L20Z,72042,81559,8,50,362.18
2026-09-15T12:59:01.818718Z,7,NVIDIA L20Z,71400,81559,51,56,334.93
2026-09-15T12:59:06.999365Z,0,NVIDIA L20Z,4,81559,0,32,69.96
2026-09-15T12:59:06.999365Z,1,NVIDIA L20Z,4,81559,0,30,69.90
2026-09-15T12:59:06.999365Z,2,NVIDIA L20Z,4,81559,0,33,70.89
2026-09-15T12:59:06.999365Z,3,NVIDIA L20Z,4,81559,0,32,73.34
2026-09-15T12:59:06.999365Z,4,NVIDIA L20Z,4,81559,0,30,71.41
2026-09-15T12:59:06.999365Z,5,NVIDIA L20Z,4,81559,0,33,69.96
2026-09-15T12:59:06.999365Z,6,NVIDIA L20Z,72042,81559,54,52,388.69
2026-09-15T12:59:06.999365Z,7,NVIDIA L20Z,71400,81559,63,59,386.80
2026-09-15T12:59:12.159298Z,0,NVIDIA L20Z,4,81559,0,32,69.93
2026-09-15T12:59:12.159298Z,1,NVIDIA L20Z,4,81559,0,30,69.87
2026-09-15T12:59:12.159298Z,2,NVIDIA L20Z,4,81559,0,33,70.90
2026-09-15T12:59:12.159298Z,3,NVIDIA L20Z,4,81559,0,32,73.36
2026-09-15T12:59:12.159298Z,4,NVIDIA L20Z,4,81559,0,30,71.40
2026-09-15T12:59:12.159298Z,5,NVIDIA L20Z,4,81559,0,33,70.03
2026-09-15T12:59:12.159298Z,6,NVIDIA L20Z,72042,81559,85,52,329.07
2026-09-15T12:59:12.159298Z,7,NVIDIA L20Z,71400,81559,31,55,274.80
2026-09-15T12:59:17.336404Z,0,NVIDIA L20Z,4,81559,0,32,69.93
2026-09-15T12:59:17.336404Z,1,NVIDIA L20Z,4,81559,0,30,69.88
2026-09-15T12:59:17.336404Z,2,NVIDIA L20Z,4,81559,0,33,70.84
2026-09-15T12:59:17.336404Z,3,NVIDIA L20Z,4,81559,0,32,73.37
2026-09-15T12:59:17.336404Z,4,NVIDIA L20Z,4,81559,0,30,71.37
2026-09-15T12:59:17.336404Z,5,NVIDIA L20Z,4,81559,0,33,69.93
2026-09-15T12:59:17.336404Z,6,NVIDIA L20Z,72042,81559,84,52,330.70
2026-09-15T12:59:17.336404Z,7,NVIDIA L20Z,71400,81559,81,58,333.08
2026-09-15T12:59:22.506894Z,0,NVIDIA L20Z,4,81559,0,32,69.97
2026-09-15T12:59:22.506894Z,1,NVIDIA L20Z,4,81559,0,30,69.88
2026-09-15T12:59:22.506894Z,2,NVIDIA L20Z,4,81559,0,33,70.89
2026-09-15T12:59:22.506894Z,3,NVIDIA L20Z,4,81559,0,32,73.33
2026-09-15T12:59:22.506894Z,4,NVIDIA L20Z,4,81559,0,30,71.39
2026-09-15T12:59:22.506894Z,5,NVIDIA L20Z,4,81559,0,33,70.04
2026-09-15T12:59:22.506894Z,6,NVIDIA L20Z,72042,81559,85,52,399.16
2026-09-15T12:59:22.506894Z,7,NVIDIA L20Z,71400,81559,37,57,336.21
2026-09-15T12:59:27.684713Z,0,NVIDIA L20Z,4,81559,0,32,69.96
2026-09-15T12:59:27.684713Z,1,NVIDIA L20Z,4,81559,0,30,69.86
2026-09-15T12:59:27.684713Z,2,NVIDIA L20Z,4,81559,0,33,70.88
2026-09-15T12:59:27.684713Z,3,NVIDIA L20Z,4,81559,0,32,73.35
2026-09-15T12:59:27.684713Z,4,NVIDIA L20Z,4,81559,0,30,71.31
2026-09-15T12:59:27.684713Z,5,NVIDIA L20Z,4,81559,0,33,69.99
2026-09-15T12:59:27.684713Z,6,NVIDIA L20Z,72042,81559,82,52,376.14
2026-09-15T12:59:27.684713Z,7,NVIDIA L20Z,71400,81559,82,58,375.91
2026-09-15T12:59:32.880232Z,0,NVIDIA L20Z,4,81559,0,32,69.96
2026-09-15T12:59:32.880232Z,1,NVIDIA L20Z,4,81559,0,30,69.86
2026-09-15T12:59:32.880232Z,2,NVIDIA L20Z,4,81559,0,33,70.90
2026-09-15T12:59:32.880232Z,3,NVIDIA L20Z,4,81559,0,32,73.37
2026-09-15T12:59:32.880232Z,4,NVIDIA L20Z,4,81559,0,30,71.25
2026-09-15T12:59:32.880232Z,5,NVIDIA L20Z,4,81559,0,33,70.02
2026-09-15T12:59:32.880232Z,6,NVIDIA L20Z,72042,81559,79,52,362.07
2026-09-15T12:59:32.880232Z,7,NVIDIA L20Z,71400,81559,82,56,329.38
2026-09-15T12:59:38.147573Z,0,NVIDIA L20Z,4,81559,0,32,69.99
2026-09-15T12:59:38.147573Z,1,NVIDIA L20Z,4,81559,0,31,120.75
2026-09-15T12:59:38.147573Z,2,NVIDIA L20Z,4,81559,0,35,100.95
2026-09-15T12:59:38.147573Z,3,NVIDIA L20Z,4,81559,0,32,73.38
2026-09-15T12:59:38.147573Z,4,NVIDIA L20Z,4,81559,0,30,71.33
2026-09-15T12:59:38.147573Z,5,NVIDIA L20Z,4,81559,0,33,70.02
2026-09-15T12:59:38.147573Z,6,NVIDIA L20Z,72042,81559,0,46,130.97
2026-09-15T12:59:38.147573Z,7,NVIDIA L20Z,71402,81559,0,52,125.80
2026-09-15T12:59:43.418582Z,0,NVIDIA L20Z,4,81559,0,33,119.96
2026-09-15T12:59:43.418582Z,1,NVIDIA L20Z,4,81559,0,30,69.97
2026-09-15T12:59:43.418582Z,2,NVIDIA L20Z,4,81559,0,33,70.96
2026-09-15T12:59:43.418582Z,3,NVIDIA L20Z,4,81559,0,32,73.42
2026-09-15T12:59:43.418582Z,4,NVIDIA L20Z,4,81559,0,30,71.40
2026-09-15T12:59:43.418582Z,5,NVIDIA L20Z,4,81559,0,33,70.48
2026-09-15T12:59:43.418582Z,6,NVIDIA L20Z,72042,81559,91,51,344.14
2026-09-15T12:59:43.418582Z,7,NVIDIA L20Z,71402,81559,53,56,342.60
2026-09-15T12:59:48.829530Z,0,NVIDIA L20Z,4,81559,0,32,70.01
2026-09-15T12:59:48.829530Z,1,NVIDIA L20Z,4,81559,0,30,70.03
2026-09-15T12:59:48.829530Z,2,NVIDIA L20Z,4,81559,0,34,103.46
2026-09-15T12:59:48.829530Z,3,NVIDIA L20Z,4,81559,0,33,97.71
2026-09-15T12:59:48.829530Z,4,NVIDIA L20Z,4,81559,0,30,71.39
2026-09-15T12:59:48.829530Z,5,NVIDIA L20Z,4,81559,0,33,70.07
2026-09-15T12:59:48.829530Z,6,NVIDIA L20Z,72042,81559,39,50,310.32
2026-09-15T12:59:48.829530Z,7,NVIDIA L20Z,71402,81559,9,54,263.29
2026-09-15T12:59:53.985582Z,0,NVIDIA L20Z,4,81559,0,32,69.98
2026-09-15T12:59:53.985582Z,1,NVIDIA L20Z,4,81559,0,30,69.96
2026-09-15T12:59:53.985582Z,2,NVIDIA L20Z,4,81559,0,34,71.14
2026-09-15T12:59:53.985582Z,3,NVIDIA L20Z,4,81559,0,32,73.49
2026-09-15T12:59:53.985582Z,4,NVIDIA L20Z,4,81559,0,30,71.45
2026-09-15T12:59:53.985582Z,5,NVIDIA L20Z,4,81559,0,34,107.35
2026-09-15T12:59:53.985582Z,6,NVIDIA L20Z,72569,81559,0,45,129.67
2026-09-15T12:59:53.985582Z,7,NVIDIA L20Z,71402,81559,0,51,125.24
2026-09-15T12:59:59.210181Z,0,NVIDIA L20Z,4,81559,0,32,70.00
2026-09-15T12:59:59.210181Z,1,NVIDIA L20Z,4,81559,0,30,69.93
2026-09-15T12:59:59.210181Z,2,NVIDIA L20Z,4,81559,0,34,70.88
2026-09-15T12:59:59.210181Z,3,NVIDIA L20Z,4,81559,0,32,73.45
2026-09-15T12:59:59.210181Z,4,NVIDIA L20Z,4,81559,0,30,71.40
2026-09-15T12:59:59.210181Z,5,NVIDIA L20Z,4,81559,0,33,70.06
2026-09-15T12:59:59.210181Z,6,NVIDIA L20Z,72042,81559,55,46,188.77
2026-09-15T12:59:59.210181Z,7,NVIDIA L20Z,71402,81559,82,52,174.12
2026-09-15T13:00:04.410706Z,0,NVIDIA L20Z,4,81559,0,32,69.98
2026-09-15T13:00:04.410706Z,1,NVIDIA L20Z,4,81559,0,30,69.89
2026-09-15T13:00:04.410706Z,2,NVIDIA L20Z,4,81559,0,33,70.96
2026-09-15T13:00:04.410706Z,3,NVIDIA L20Z,4,81559,0,32,73.42
2026-09-15T13:00:04.410706Z,4,NVIDIA L20Z,4,81559,0,30,71.34
2026-09-15T13:00:04.410706Z,5,NVIDIA L20Z,4,81559,0,33,70.00
2026-09-15T13:00:04.410706Z,6,NVIDIA L20Z,72044,81559,60,50,379.54
2026-09-15T13:00:04.410706Z,7,NVIDIA L20Z,71402,81559,40,54,326.53
2026-09-15T13:00:09.570716Z,0,NVIDIA L20Z,4,81559,0,32,69.97
2026-09-15T13:00:09.570716Z,1,NVIDIA L20Z,4,81559,0,30,69.94
2026-09-15T13:00:09.570716Z,2,NVIDIA L20Z,4,81559,0,33,70.93
2026-09-15T13:00:09.570716Z,3,NVIDIA L20Z,4,81559,0,32,73.44
2026-09-15T13:00:09.570716Z,4,NVIDIA L20Z,4,81559,0,30,71.29
2026-09-15T13:00:09.570716Z,5,NVIDIA L20Z,4,81559,0,33,69.94
2026-09-15T13:00:09.570716Z,6,NVIDIA L20Z,72044,81559,21,50,324.23
2026-09-15T13:00:09.570716Z,7,NVIDIA L20Z,71404,81559,25,54,257.36
2026-09-15T13:00:14.729763Z,0,NVIDIA L20Z,4,81559,0,32,69.99
2026-09-15T13:00:14.729763Z,1,NVIDIA L20Z,4,81559,0,30,69.93
2026-09-15T13:00:14.729763Z,2,NVIDIA L20Z,4,81559,0,33,70.93
2026-09-15T13:00:14.729763Z,3,NVIDIA L20Z,4,81559,0,32,73.38
2026-09-15T13:00:14.729763Z,4,NVIDIA L20Z,4,81559,0,30,71.19
2026-09-15T13:00:14.729763Z,5,NVIDIA L20Z,4,81559,0,33,69.98
2026-09-15T13:00:14.729763Z,6,NVIDIA L20Z,72044,81559,83,51,391.80
2026-09-15T13:00:14.729763Z,7,NVIDIA L20Z,71404,81559,33,55,335.38
2026-09-15T13:00:19.916822Z,0,NVIDIA L20Z,4,81559,0,32,69.94
2026-09-15T13:00:19.916822Z,1,NVIDIA L20Z,4,81559,0,30,69.91
2026-09-15T13:00:19.916822Z,2,NVIDIA L20Z,4,81559,0,33,70.91
2026-09-15T13:00:19.916822Z,3,NVIDIA L20Z,4,81559,0,32,73.40
2026-09-15T13:00:19.916822Z,4,NVIDIA L20Z,4,81559,0,30,71.38
2026-09-15T13:00:19.916822Z,5,NVIDIA L20Z,4,81559,0,33,70.04
2026-09-15T13:00:19.916822Z,6,NVIDIA L20Z,72044,81559,38,49,303.71
2026-09-15T13:00:19.916822Z,7,NVIDIA L20Z,71404,81559,33,54,255.36
2026-09-15T13:00:25.077582Z,0,NVIDIA L20Z,4,81559,0,32,69.96
2026-09-15T13:00:25.077582Z,1,NVIDIA L20Z,4,81559,0,30,69.93
2026-09-15T13:00:25.077582Z,2,NVIDIA L20Z,4,81559,0,33,70.90
2026-09-15T13:00:25.077582Z,3,NVIDIA L20Z,4,81559,0,32,73.40
2026-09-15T13:00:25.077582Z,4,NVIDIA L20Z,4,81559,0,30,71.38
2026-09-15T13:00:25.077582Z,5,NVIDIA L20Z,4,81559,0,33,69.98
2026-09-15T13:00:25.077582Z,6,NVIDIA L20Z,72044,81559,81,50,371.39
2026-09-15T13:00:25.077582Z,7,NVIDIA L20Z,71404,81559,83,55,348.45
2026-09-15T13:00:30.235906Z,0,NVIDIA L20Z,4,81559,0,32,69.93
2026-09-15T13:00:30.235906Z,1,NVIDIA L20Z,4,81559,0,30,69.88
2026-09-15T13:00:30.235906Z,2,NVIDIA L20Z,4,81559,0,33,70.89
2026-09-15T13:00:30.235906Z,3,NVIDIA L20Z,4,81559,0,32,73.34
2026-09-15T13:00:30.235906Z,4,NVIDIA L20Z,4,81559,0,30,71.40
2026-09-15T13:00:30.235906Z,5,NVIDIA L20Z,4,81559,0,33,69.98
2026-09-15T13:00:30.235906Z,6,NVIDIA L20Z,72044,81559,44,50,325.48
2026-09-15T13:00:30.235906Z,7,NVIDIA L20Z,71404,81559,42,56,290.66
2026-09-15T13:00:35.406759Z,0,NVIDIA L20Z,4,81559,0,32,69.95
2026-09-15T13:00:35.406759Z,1,NVIDIA L20Z,4,81559,0,30,69.88
2026-09-15T13:00:35.406759Z,2,NVIDIA L20Z,4,81559,0,33,70.88
2026-09-15T13:00:35.406759Z,3,NVIDIA L20Z,4,81559,0,32,73.39
2026-09-15T13:00:35.406759Z,4,NVIDIA L20Z,4,81559,0,30,71.35
2026-09-15T13:00:35.406759Z,5,NVIDIA L20Z,4,81559,0,33,70.04
2026-09-15T13:00:35.406759Z,6,NVIDIA L20Z,72044,81559,40,49,302.57
2026-09-15T13:00:35.406759Z,7,NVIDIA L20Z,71406,81559,27,53,268.65
2026-09-15T13:00:40.600149Z,0,NVIDIA L20Z,4,81559,0,33,108.64
2026-09-15T13:00:40.600149Z,1,NVIDIA L20Z,23,81559,0,31,81.34
2026-09-15T13:00:40.600149Z,2,NVIDIA L20Z,4,81559,0,33,70.89
2026-09-15T13:00:40.600149Z,3,NVIDIA L20Z,4,81559,0,32,73.37
2026-09-15T13:00:40.600149Z,4,NVIDIA L20Z,4,81559,0,30,71.36
2026-09-15T13:00:40.600149Z,5,NVIDIA L20Z,4,81559,0,33,69.93
2026-09-15T13:00:40.600149Z,6,NVIDIA L20Z,72046,81559,75,51,322.15
2026-09-15T13:00:40.600149Z,7,NVIDIA L20Z,71406,81559,83,57,345.00
2026-09-15T13:00:45.988259Z,0,NVIDIA L20Z,4,81559,0,32,70.04
2026-09-15T13:00:45.988259Z,1,NVIDIA L20Z,4,81559,0,30,69.97
2026-09-15T13:00:45.988259Z,2,NVIDIA L20Z,4,81559,0,34,91.26
2026-09-15T13:00:45.988259Z,3,NVIDIA L20Z,4,81559,0,34,121.86
2026-09-15T13:00:45.988259Z,4,NVIDIA L20Z,23,81559,0,31,81.81
2026-09-15T13:00:45.988259Z,5,NVIDIA L20Z,4,81559,0,33,70.07
2026-09-15T13:00:45.988259Z,6,NVIDIA L20Z,72046,81559,83,50,353.46
2026-09-15T13:00:45.988259Z,7,NVIDIA L20Z,71406,81559,37,55,320.37
2026-09-15T13:00:51.305052Z,0,NVIDIA L20Z,4,81559,0,32,70.01
2026-09-15T13:00:51.305052Z,1,NVIDIA L20Z,4,81559,0,30,69.94
2026-09-15T13:00:51.305052Z,2,NVIDIA L20Z,4,81559,0,34,71.16
2026-09-15T13:00:51.305052Z,3,NVIDIA L20Z,4,81559,0,32,73.41
2026-09-15T13:00:51.305052Z,4,NVIDIA L20Z,4,81559,0,30,71.44
2026-09-15T13:00:51.305052Z,5,NVIDIA L20Z,4,81559,0,33,70.02
2026-09-15T13:00:51.305052Z,6,NVIDIA L20Z,72046,81559,57,52,361.59
2026-09-15T13:00:51.305052Z,7,NVIDIA L20Z,71406,81559,37,55,276.48
2026-09-15T13:00:57.212663Z,0,NVIDIA L20Z,4,81559,0,33,89.60
2026-09-15T13:00:57.212663Z,1,NVIDIA L20Z,4,81559,0,30,69.92
2026-09-15T13:00:57.212663Z,2,NVIDIA L20Z,4,81559,0,33,71.18
2026-09-15T13:00:57.212663Z,3,NVIDIA L20Z,4,81559,0,32,73.48
2026-09-15T13:00:57.212663Z,4,NVIDIA L20Z,4,81559,0,30,71.36
2026-09-15T13:00:57.212663Z,5,NVIDIA L20Z,4,81559,0,33,69.98
2026-09-15T13:00:57.212663Z,6,NVIDIA L20Z,72046,81559,84,48,180.76
2026-09-15T13:00:57.212663Z,7,NVIDIA L20Z,71406,81559,41,55,322.20
2026-09-15T13:01:02.404089Z,0,NVIDIA L20Z,4,81559,0,32,70.03
2026-09-15T13:01:02.404089Z,1,NVIDIA L20Z,4,81559,0,30,70.01
2026-09-15T13:01:02.404089Z,2,NVIDIA L20Z,4,81559,0,35,125.56
2026-09-15T13:01:02.404089Z,3,NVIDIA L20Z,4,81559,2,33,93.91
2026-09-15T13:01:02.404089Z,4,NVIDIA L20Z,4,81559,0,30,71.25
2026-09-15T13:01:02.404089Z,5,NVIDIA L20Z,4,81559,0,33,70.08
2026-09-15T13:01:02.404089Z,6,NVIDIA L20Z,72046,81559,48,50,308.47
2026-09-15T13:01:02.404089Z,7,NVIDIA L20Z,71406,81559,87,55,281.38
2026-09-15T13:01:07.560621Z,0,NVIDIA L20Z,4,81559,0,32,70.00
2026-09-15T13:01:07.560621Z,1,NVIDIA L20Z,4,81559,0,30,69.98
2026-09-15T13:01:07.560621Z,2,NVIDIA L20Z,4,81559,0,34,70.95
2026-09-15T13:01:07.560621Z,3,NVIDIA L20Z,4,81559,0,32,73.46
2026-09-15T13:01:07.560621Z,4,NVIDIA L20Z,4,81559,0,30,71.40
2026-09-15T13:01:07.560621Z,5,NVIDIA L20Z,4,81559,0,35,124.90
2026-09-15T13:01:07.560621Z,6,NVIDIA L20Z,72046,81559,36,50,336.68
2026-09-15T13:01:07.560621Z,7,NVIDIA L20Z,71406,81559,51,55,304.53
2026-09-15T13:01:12.717498Z,0,NVIDIA L20Z,4,81559,0,32,69.97
2026-09-15T13:01:12.717498Z,1,NVIDIA L20Z,4,81559,0,30,69.96
2026-09-15T13:01:12.717498Z,2,NVIDIA L20Z,4,81559,0,34,70.92
2026-09-15T13:01:12.717498Z,3,NVIDIA L20Z,4,81559,0,32,73.41
2026-09-15T13:01:12.717498Z,4,NVIDIA L20Z,4,81559,0,30,71.37
2026-09-15T13:01:12.717498Z,5,NVIDIA L20Z,4,81559,0,33,70.05
2026-09-15T13:01:12.717498Z,6,NVIDIA L20Z,72046,81559,72,51,360.35
2026-09-15T13:01:12.717498Z,7,NVIDIA L20Z,71406,81559,50,55,304.94
2026-09-15T13:01:17.892830Z,0,NVIDIA L20Z,4,81559,0,32,69.94
2026-09-15T13:01:17.892830Z,1,NVIDIA L20Z,4,81559,0,30,69.92
2026-09-15T13:01:17.892830Z,2,NVIDIA L20Z,4,81559,0,34,70.94
2026-09-15T13:01:17.892830Z,3,NVIDIA L20Z,4,81559,0,32,73.43
2026-09-15T13:01:17.892830Z,4,NVIDIA L20Z,4,81559,0,30,71.27
2026-09-15T13:01:17.892830Z,5,NVIDIA L20Z,4,81559,0,33,70.00
2026-09-15T13:01:17.892830Z,6,NVIDIA L20Z,72046,81559,11,50,351.80
2026-09-15T13:01:17.892830Z,7,NVIDIA L20Z,71406,81559,53,57,339.79
2026-09-15T13:01:23.050171Z,0,NVIDIA L20Z,4,81559,0,32,69.95
2026-09-15T13:01:23.050171Z,1,NVIDIA L20Z,4,81559,0,30,69.90
2026-09-15T13:01:23.050171Z,2,NVIDIA L20Z,4,81559,0,34,70.96
2026-09-15T13:01:23.050171Z,3,NVIDIA L20Z,4,81559,0,32,73.42
2026-09-15T13:01:23.050171Z,4,NVIDIA L20Z,4,81559,0,30,71.36
2026-09-15T13:01:23.050171Z,5,NVIDIA L20Z,4,81559,0,33,70.06
2026-09-15T13:01:23.050171Z,6,NVIDIA L20Z,72046,81559,73,50,294.62
2026-09-15T13:01:23.050171Z,7,NVIDIA L20Z,71406,81559,36,55,267.65
2026-09-15T13:01:28.248436Z,0,NVIDIA L20Z,4,81559,0,32,69.98
2026-09-15T13:01:28.248436Z,1,NVIDIA L20Z,4,81559,0,30,69.92
2026-09-15T13:01:28.248436Z,2,NVIDIA L20Z,4,81559,0,34,70.97
2026-09-15T13:01:28.248436Z,3,NVIDIA L20Z,4,81559,0,32,73.36
2026-09-15T13:01:28.248436Z,4,NVIDIA L20Z,4,81559,0,30,71.40
2026-09-15T13:01:28.248436Z,5,NVIDIA L20Z,4,81559,0,33,70.06
2026-09-15T13:01:28.248436Z,6,NVIDIA L20Z,72046,81559,87,51,387.17
2026-09-15T13:01:28.248436Z,7,NVIDIA L20Z,71406,81559,85,57,332.81
2026-09-15T13:01:33.428122Z,0,NVIDIA L20Z,4,81559,0,32,70.00
2026-09-15T13:01:33.428122Z,1,NVIDIA L20Z,4,81559,0,30,69.87
2026-09-15T13:01:33.428122Z,2,NVIDIA L20Z,4,81559,0,33,70.97
2026-09-15T13:01:33.428122Z,3,NVIDIA L20Z,4,81559,0,32,73.41
2026-09-15T13:01:33.428122Z,4,NVIDIA L20Z,4,81559,0,30,71.43
2026-09-15T13:01:33.428122Z,5,NVIDIA L20Z,4,81559,0,33,69.99
2026-09-15T13:01:33.428122Z,6,NVIDIA L20Z,72046,81559,67,50,313.64
2026-09-15T13:01:33.428122Z,7,NVIDIA L20Z,71406,81559,31,55,306.70
2026-09-15T13:01:38.659849Z,0,NVIDIA L20Z,4,81559,0,32,69.95
2026-09-15T13:01:38.659849Z,1,NVIDIA L20Z,4,81559,0,30,69.89
2026-09-15T13:01:38.659849Z,2,NVIDIA L20Z,4,81559,0,33,70.96
2026-09-15T13:01:38.659849Z,3,NVIDIA L20Z,4,81559,0,32,73.35
2026-09-15T13:01:38.659849Z,4,NVIDIA L20Z,4,81559,0,30,71.37
2026-09-15T13:01:38.659849Z,5,NVIDIA L20Z,4,81559,0,33,70.03
2026-09-15T13:01:38.659849Z,6,NVIDIA L20Z,72046,81559,85,51,387.94
2026-09-15T13:01:38.659849Z,7,NVIDIA L20Z,71406,81559,39,56,311.60
2026-09-15T13:01:43.818289Z,0,NVIDIA L20Z,4,81559,0,32,69.97
2026-09-15T13:01:43.818289Z,1,NVIDIA L20Z,4,81559,0,30,69.88
2026-09-15T13:01:43.818289Z,2,NVIDIA L20Z,4,81559,0,33,70.90
2026-09-15T13:01:43.818289Z,3,NVIDIA L20Z,4,81559,0,32,73.38
2026-09-15T13:01:43.818289Z,4,NVIDIA L20Z,4,81559,0,30,71.29
2026-09-15T13:01:43.818289Z,5,NVIDIA L20Z,4,81559,0,33,70.11
2026-09-15T13:01:43.818289Z,6,NVIDIA L20Z,72046,81559,54,50,298.35
2026-09-15T13:01:43.818289Z,7,NVIDIA L20Z,71406,81559,62,57,331.35
2026-09-15T13:01:48.982519Z,0,NVIDIA L20Z,4,81559,0,32,69.95
2026-09-15T13:01:48.982519Z,1,NVIDIA L20Z,4,81559,0,30,69.93
2026-09-15T13:01:48.982519Z,2,NVIDIA L20Z,4,81559,0,33,70.90
2026-09-15T13:01:48.982519Z,3,NVIDIA L20Z,4,81559,0,32,73.38
2026-09-15T13:01:48.982519Z,4,NVIDIA L20Z,4,81559,0,30,71.31
2026-09-15T13:01:48.982519Z,5,NVIDIA L20Z,4,81559,0,33,69.92
2026-09-15T13:01:48.982519Z,6,NVIDIA L20Z,72046,81559,78,50,350.62
2026-09-15T13:01:48.982519Z,7,NVIDIA L20Z,71406,81559,73,56,355.04
2026-09-15T13:01:54.152428Z,0,NVIDIA L20Z,4,81559,0,32,69.95
2026-09-15T13:01:54.152428Z,1,NVIDIA L20Z,4,81559,0,30,69.90
2026-09-15T13:01:54.152428Z,2,NVIDIA L20Z,4,81559,0,33,70.89
2026-09-15T13:01:54.152428Z,3,NVIDIA L20Z,4,81559,0,32,73.39
2026-09-15T13:01:54.152428Z,4,NVIDIA L20Z,4,81559,0,30,71.26
2026-09-15T13:01:54.152428Z,5,NVIDIA L20Z,4,81559,0,33,70.02
2026-09-15T13:01:54.152428Z,6,NVIDIA L20Z,72046,81559,85,51,331.17
2026-09-15T13:01:54.152428Z,7,NVIDIA L20Z,71406,81559,44,57,315.62
2026-09-15T13:01:59.322147Z,0,NVIDIA L20Z,4,81559,0,32,69.94
2026-09-15T13:01:59.322147Z,1,NVIDIA L20Z,4,81559,0,30,69.89
2026-09-15T13:01:59.322147Z,2,NVIDIA L20Z,4,81559,0,33,70.90
2026-09-15T13:01:59.322147Z,3,NVIDIA L20Z,4,81559,0,32,73.39
2026-09-15T13:01:59.322147Z,4,NVIDIA L20Z,4,81559,0,30,71.22
2026-09-15T13:01:59.322147Z,5,NVIDIA L20Z,4,81559,0,33,69.99
2026-09-15T13:01:59.322147Z,6,NVIDIA L20Z,72046,81559,84,50,346.57
2026-09-15T13:01:59.322147Z,7,NVIDIA L20Z,71406,81559,23,55,320.69
2026-09-15T13:02:04.514406Z,0,NVIDIA L20Z,4,81559,0,32,69.98
2026-09-15T13:02:04.514406Z,1,NVIDIA L20Z,4,81559,0,30,69.84
2026-09-15T13:02:04.514406Z,2,NVIDIA L20Z,4,81559,0,33,71.12
2026-09-15T13:02:04.514406Z,3,NVIDIA L20Z,4,81559,0,32,73.42
2026-09-15T13:02:04.514406Z,4,NVIDIA L20Z,4,81559,0,30,71.35
2026-09-15T13:02:04.514406Z,5,NVIDIA L20Z,4,81559,0,33,69.91
2026-09-15T13:02:04.514406Z,6,NVIDIA L20Z,72046,81559,80,51,308.09
2026-09-15T13:02:04.514406Z,7,NVIDIA L20Z,71406,81559,30,55,307.24
2026-09-15T13:02:09.713574Z,0,NVIDIA L20Z,4,81559,0,32,69.97
2026-09-15T13:02:09.713574Z,1,NVIDIA L20Z,4,81559,0,30,69.86
2026-09-15T13:02:09.713574Z,2,NVIDIA L20Z,4,81559,0,33,71.11
2026-09-15T13:02:09.713574Z,3,NVIDIA L20Z,4,81559,0,32,73.33
2026-09-15T13:02:09.713574Z,4,NVIDIA L20Z,4,81559,0,30,71.26
2026-09-15T13:02:09.713574Z,5,NVIDIA L20Z,4,81559,0,33,69.89
2026-09-15T13:02:09.713574Z,6,NVIDIA L20Z,72046,81559,84,52,376.85
2026-09-15T13:02:09.713574Z,7,NVIDIA L20Z,71406,81559,42,55,280.02
2026-09-15T13:02:15.033453Z,0,NVIDIA L20Z,4,81559,0,32,69.99
2026-09-15T13:02:15.033453Z,1,NVIDIA L20Z,4,81559,0,30,83.85
2026-09-15T13:02:15.033453Z,2,NVIDIA L20Z,4,81559,0,35,124.89
2026-09-15T13:02:15.033453Z,3,NVIDIA L20Z,4,81559,0,32,73.39
2026-09-15T13:02:15.033453Z,4,NVIDIA L20Z,4,81559,0,30,71.32
2026-09-15T13:02:15.033453Z,5,NVIDIA L20Z,4,81559,0,33,69.95
2026-09-15T13:02:15.033453Z,6,NVIDIA L20Z,72046,81559,86,51,331.81
2026-09-15T13:02:15.033453Z,7,NVIDIA L20Z,71406,81559,35,56,302.94
2026-09-15T13:02:20.343446Z,0,NVIDIA L20Z,4,81559,0,32,70.00
2026-09-15T13:02:20.343446Z,1,NVIDIA L20Z,4,81559,0,30,69.92
2026-09-15T13:02:20.343446Z,2,NVIDIA L20Z,4,81559,0,33,70.88
2026-09-15T13:02:20.343446Z,3,NVIDIA L20Z,4,81559,0,32,73.49
2026-09-15T13:02:20.343446Z,4,NVIDIA L20Z,4,81559,0,30,71.26
2026-09-15T13:02:20.343446Z,5,NVIDIA L20Z,4,81559,0,35,124.74
2026-09-15T13:02:20.343446Z,6,NVIDIA L20Z,72573,81559,0,45,129.88
2026-09-15T13:02:20.343446Z,7,NVIDIA L20Z,71406,81559,0,50,124.59
2026-09-15T13:02:25.552800Z,0,NVIDIA L20Z,4,81559,0,32,69.96
2026-09-15T13:02:25.552800Z,1,NVIDIA L20Z,4,81559,0,30,69.96
2026-09-15T13:02:25.552800Z,2,NVIDIA L20Z,4,81559,0,33,70.89
2026-09-15T13:02:25.552800Z,3,NVIDIA L20Z,4,81559,0,32,73.40
2026-09-15T13:02:25.552800Z,4,NVIDIA L20Z,4,81559,0,30,71.21
2026-09-15T13:02:25.552800Z,5,NVIDIA L20Z,4,81559,0,33,70.07
2026-09-15T13:02:25.552800Z,6,NVIDIA L20Z,72046,81559,53,47,321.32
2026-09-15T13:02:25.552800Z,7,NVIDIA L20Z,71406,81559,46,57,341.12
2026-09-15T13:02:30.709515Z,0,NVIDIA L20Z,4,81559,0,32,69.94
2026-09-15T13:02:30.709515Z,1,NVIDIA L20Z,4,81559,0,30,69.90
2026-09-15T13:02:30.709515Z,2,NVIDIA L20Z,4,81559,0,33,70.89
2026-09-15T13:02:30.709515Z,3,NVIDIA L20Z,4,81559,0,32,73.38
2026-09-15T13:02:30.709515Z,4,NVIDIA L20Z,4,81559,0,30,71.19
2026-09-15T13:02:30.709515Z,5,NVIDIA L20Z,4,81559,0,33,70.01
2026-09-15T13:02:30.709515Z,6,NVIDIA L20Z,72046,81559,86,50,366.87
2026-09-15T13:02:30.709515Z,7,NVIDIA L20Z,71406,81559,39,55,314.85
2026-09-15T13:02:35.916160Z,0,NVIDIA L20Z,4,81559,0,32,70.00
2026-09-15T13:02:35.916160Z,1,NVIDIA L20Z,4,81559,0,30,69.92
2026-09-15T13:02:35.916160Z,2,NVIDIA L20Z,4,81559,0,33,70.89
2026-09-15T13:02:35.916160Z,3,NVIDIA L20Z,4,81559,0,32,73.39
2026-09-15T13:02:35.916160Z,4,NVIDIA L20Z,4,81559,0,30,71.12
2026-09-15T13:02:35.916160Z,5,NVIDIA L20Z,4,81559,0,33,70.08
2026-09-15T13:02:35.916160Z,6,NVIDIA L20Z,72046,81559,83,50,375.52
2026-09-15T13:02:35.916160Z,7,NVIDIA L20Z,71406,81559,83,56,359.28
2026-09-15T13:02:41.073807Z,0,NVIDIA L20Z,4,81559,0,32,69.99
2026-09-15T13:02:41.073807Z,1,NVIDIA L20Z,4,81559,0,30,69.92
2026-09-15T13:02:41.073807Z,2,NVIDIA L20Z,4,81559,0,33,70.92
2026-09-15T13:02:41.073807Z,3,NVIDIA L20Z,4,81559,0,32,73.38
2026-09-15T13:02:41.073807Z,4,NVIDIA L20Z,4,81559,0,30,71.30
2026-09-15T13:02:41.073807Z,5,NVIDIA L20Z,4,81559,0,33,70.03
2026-09-15T13:02:41.073807Z,6,NVIDIA L20Z,72046,81559,48,51,383.70
2026-09-15T13:02:41.073807Z,7,NVIDIA L20Z,71406,81559,45,55,331.77
2026-09-15T13:02:46.230205Z,0,NVIDIA L20Z,4,81559,0,32,69.95
2026-09-15T13:02:46.230205Z,1,NVIDIA L20Z,4,81559,0,30,69.86
2026-09-15T13:02:46.230205Z,2,NVIDIA L20Z,4,81559,0,33,70.90
2026-09-15T13:02:46.230205Z,3,NVIDIA L20Z,4,81559,0,32,73.38
2026-09-15T13:02:46.230205Z,4,NVIDIA L20Z,4,81559,0,30,71.34
2026-09-15T13:02:46.230205Z,5,NVIDIA L20Z,4,81559,0,33,70.01
2026-09-15T13:02:46.230205Z,6,NVIDIA L20Z,72046,81559,85,50,328.42
2026-09-15T13:02:46.230205Z,7,NVIDIA L20Z,71406,81559,81,56,310.32
2026-09-15T13:02:51.406624Z,0,NVIDIA L20Z,4,81559,0,32,69.97
2026-09-15T13:02:51.406624Z,1,NVIDIA L20Z,4,81559,0,30,69.86
2026-09-15T13:02:51.406624Z,2,NVIDIA L20Z,4,81559,0,33,70.91
2026-09-15T13:02:51.406624Z,3,NVIDIA L20Z,4,81559,0,32,73.37
2026-09-15T13:02:51.406624Z,4,NVIDIA L20Z,4,81559,0,30,71.29
2026-09-15T13:02:51.406624Z,5,NVIDIA L20Z,4,81559,0,33,69.97
2026-09-15T13:02:51.406624Z,6,NVIDIA L20Z,72046,81559,85,51,381.57
2026-09-15T13:02:51.406624Z,7,NVIDIA L20Z,71406,81559,49,55,358.55
2026-09-15T13:02:56.774535Z,0,NVIDIA L20Z,4,81559,0,32,69.96
2026-09-15T13:02:56.774535Z,1,NVIDIA L20Z,4,81559,0,30,69.81
2026-09-15T13:02:56.774535Z,2,NVIDIA L20Z,4,81559,0,33,70.91
2026-09-15T13:02:56.774535Z,3,NVIDIA L20Z,4,81559,0,32,73.31
2026-09-15T13:02:56.774535Z,4,NVIDIA L20Z,4,81559,0,30,71.27
2026-09-15T13:02:56.774535Z,5,NVIDIA L20Z,4,81559,0,33,70.03
2026-09-15T13:02:56.774535Z,6,NVIDIA L20Z,72046,81559,85,51,360.76
2026-09-15T13:02:56.774535Z,7,NVIDIA L20Z,71406,81559,85,56,307.99
2026-09-15T13:03:01.939700Z,0,NVIDIA L20Z,4,81559,0,32,69.95
2026-09-15T13:03:01.939700Z,1,NVIDIA L20Z,4,81559,0,30,69.88
2026-09-15T13:03:01.939700Z,2,NVIDIA L20Z,4,81559,0,33,70.87
2026-09-15T13:03:01.939700Z,3,NVIDIA L20Z,4,81559,0,32,73.32
2026-09-15T13:03:01.939700Z,4,NVIDIA L20Z,4,81559,0,30,71.30
2026-09-15T13:03:01.939700Z,5,NVIDIA L20Z,4,81559,0,33,69.98
2026-09-15T13:03:01.939700Z,6,NVIDIA L20Z,72046,81559,88,52,361.11
2026-09-15T13:03:01.939700Z,7,NVIDIA L20Z,71406,81559,13,56,337.62
2026-09-15T13:03:07.094201Z,0,NVIDIA L20Z,4,81559,0,32,69.92
2026-09-15T13:03:07.094201Z,1,NVIDIA L20Z,4,81559,0,30,69.89
2026-09-15T13:03:07.094201Z,2,NVIDIA L20Z,4,81559,0,33,70.86
2026-09-15T13:03:07.094201Z,3,NVIDIA L20Z,4,81559,0,32,73.33
2026-09-15T13:03:07.094201Z,4,NVIDIA L20Z,4,81559,0,30,71.25
2026-09-15T13:03:07.094201Z,5,NVIDIA L20Z,4,81559,0,33,69.96
2026-09-15T13:03:07.094201Z,6,NVIDIA L20Z,72046,81559,86,51,383.72
2026-09-15T13:03:07.094201Z,7,NVIDIA L20Z,71406,81559,35,55,327.50
2026-09-15T13:03:12.249164Z,0,NVIDIA L20Z,4,81559,0,32,69.95
2026-09-15T13:03:12.249164Z,1,NVIDIA L20Z,4,81559,0,30,69.88
2026-09-15T13:03:12.249164Z,2,NVIDIA L20Z,4,81559,0,33,70.90
2026-09-15T13:03:12.249164Z,3,NVIDIA L20Z,4,81559,0,32,73.33
2026-09-15T13:03:12.249164Z,4,NVIDIA L20Z,4,81559,0,30,71.30
2026-09-15T13:03:12.249164Z,5,NVIDIA L20Z,4,81559,0,33,70.09
2026-09-15T13:03:12.249164Z,6,NVIDIA L20Z,72046,81559,66,49,300.48
2026-09-15T13:03:12.249164Z,7,NVIDIA L20Z,71406,81559,75,56,325.01
2026-09-15T13:03:17.429424Z,0,NVIDIA L20Z,4,81559,0,32,70.00
2026-09-15T13:03:17.429424Z,1,NVIDIA L20Z,4,81559,0,30,69.93
2026-09-15T13:03:17.429424Z,2,NVIDIA L20Z,4,81559,0,33,70.93
2026-09-15T13:03:17.429424Z,3,NVIDIA L20Z,4,81559,0,32,73.39
2026-09-15T13:03:17.429424Z,4,NVIDIA L20Z,4,81559,0,30,71.25
2026-09-15T13:03:17.429424Z,5,NVIDIA L20Z,4,81559,0,33,69.97
2026-09-15T13:03:17.429424Z,6,NVIDIA L20Z,72046,81559,33,49,311.60
2026-09-15T13:03:17.429424Z,7,NVIDIA L20Z,71406,81559,56,56,335.85
2026-09-15T13:03:22.626486Z,0,NVIDIA L20Z,4,81559,0,32,69.96
2026-09-15T13:03:22.626486Z,1,NVIDIA L20Z,4,81559,0,30,69.82
2026-09-15T13:03:22.626486Z,2,NVIDIA L20Z,4,81559,0,33,70.90
2026-09-15T13:03:22.626486Z,3,NVIDIA L20Z,4,81559,0,32,73.37
2026-09-15T13:03:22.626486Z,4,NVIDIA L20Z,4,81559,0,30,71.29
2026-09-15T13:03:22.626486Z,5,NVIDIA L20Z,4,81559,0,33,70.01
2026-09-15T13:03:22.626486Z,6,NVIDIA L20Z,72046,81559,83,51,335.23
2026-09-15T13:03:22.626486Z,7,NVIDIA L20Z,71406,81559,77,57,360.72
2026-09-15T13:03:27.788386Z,0,NVIDIA L20Z,4,81559,0,32,70.01
2026-09-15T13:03:27.788386Z,1,NVIDIA L20Z,4,81559,0,30,98.01
2026-09-15T13:03:27.788386Z,2,NVIDIA L20Z,4,81559,0,35,125.04
2026-09-15T13:03:27.788386Z,3,NVIDIA L20Z,4,81559,0,32,73.35
2026-09-15T13:03:27.788386Z,4,NVIDIA L20Z,4,81559,0,30,71.38
2026-09-15T13:03:27.788386Z,5,NVIDIA L20Z,4,81559,0,33,69.89
2026-09-15T13:03:27.788386Z,6,NVIDIA L20Z,72046,81559,78,51,306.65
2026-09-15T13:03:27.788386Z,7,NVIDIA L20Z,71406,81559,81,57,306.93
2026-09-15T13:03:32.996679Z,0,NVIDIA L20Z,4,81559,0,32,69.99
2026-09-15T13:03:32.996679Z,1,NVIDIA L20Z,4,81559,0,30,69.93
2026-09-15T13:03:32.996679Z,2,NVIDIA L20Z,4,81559,0,33,70.91
2026-09-15T13:03:32.996679Z,3,NVIDIA L20Z,4,81559,0,32,73.40
2026-09-15T13:03:32.996679Z,4,NVIDIA L20Z,4,81559,0,30,79.18
2026-09-15T13:03:32.996679Z,5,NVIDIA L20Z,4,81559,0,35,118.21
2026-09-15T13:03:32.996679Z,6,NVIDIA L20Z,72046,81559,78,50,366.94
2026-09-15T13:03:32.996679Z,7,NVIDIA L20Z,71406,81559,78,57,347.80
2026-09-15T13:03:38.167767Z,0,NVIDIA L20Z,4,81559,0,32,69.95
2026-09-15T13:03:38.167767Z,1,NVIDIA L20Z,4,81559,0,30,69.92
2026-09-15T13:03:38.167767Z,2,NVIDIA L20Z,4,81559,0,33,70.93
2026-09-15T13:03:38.167767Z,3,NVIDIA L20Z,4,81559,0,32,73.38
2026-09-15T13:03:38.167767Z,4,NVIDIA L20Z,4,81559,0,30,71.38
2026-09-15T13:03:38.167767Z,5,NVIDIA L20Z,4,81559,0,33,70.07
2026-09-15T13:03:38.167767Z,6,NVIDIA L20Z,72046,81559,56,50,311.39
2026-09-15T13:03:38.167767Z,7,NVIDIA L20Z,71406,81559,82,57,359.72
2026-09-15T13:03:43.336805Z,0,NVIDIA L20Z,4,81559,0,32,69.94
2026-09-15T13:03:43.336805Z,1,NVIDIA L20Z,4,81559,0,30,69.93
2026-09-15T13:03:43.336805Z,2,NVIDIA L20Z,4,81559,0,33,70.87
2026-09-15T13:03:43.336805Z,3,NVIDIA L20Z,4,81559,0,32,73.34
2026-09-15T13:03:43.336805Z,4,NVIDIA L20Z,4,81559,0,30,71.34
2026-09-15T13:03:43.336805Z,5,NVIDIA L20Z,4,81559,0,33,70.11
2026-09-15T13:03:43.336805Z,6,NVIDIA L20Z,72046,81559,60,50,342.74
2026-09-15T13:03:43.336805Z,7,NVIDIA L20Z,71406,81559,67,58,350.00
2026-09-15T13:03:48.507925Z,0,NVIDIA L20Z,4,81559,0,32,69.92
2026-09-15T13:03:48.507925Z,1,NVIDIA L20Z,4,81559,0,30,69.90
2026-09-15T13:03:48.507925Z,2,NVIDIA L20Z,4,81559,0,33,70.93
2026-09-15T13:03:48.507925Z,3,NVIDIA L20Z,4,81559,0,32,73.35
2026-09-15T13:03:48.507925Z,4,NVIDIA L20Z,4,81559,0,30,71.28
2026-09-15T13:03:48.507925Z,5,NVIDIA L20Z,4,81559,0,33,69.98
2026-09-15T13:03:48.507925Z,6,NVIDIA L20Z,72046,81559,64,50,295.62
2026-09-15T13:03:48.507925Z,7,NVIDIA L20Z,71406,81559,46,56,286.91
2026-09-15T13:03:53.737978Z,0,NVIDIA L20Z,4,81559,0,32,69.97
2026-09-15T13:03:53.737978Z,1,NVIDIA L20Z,4,81559,0,30,69.89
2026-09-15T13:03:53.737978Z,2,NVIDIA L20Z,4,81559,0,33,70.92
2026-09-15T13:03:53.737978Z,3,NVIDIA L20Z,4,81559,0,32,73.37
2026-09-15T13:03:53.737978Z,4,NVIDIA L20Z,4,81559,0,30,71.06
2026-09-15T13:03:53.737978Z,5,NVIDIA L20Z,4,81559,0,33,70.00
2026-09-15T13:03:53.737978Z,6,NVIDIA L20Z,72046,81559,84,50,349.87
2026-09-15T13:03:53.737978Z,7,NVIDIA L20Z,71406,81559,85,58,399.50
2026-09-15T13:03:58.907604Z,0,NVIDIA L20Z,4,81559,0,32,69.95
2026-09-15T13:03:58.907604Z,1,NVIDIA L20Z,4,81559,0,30,69.87
2026-09-15T13:03:58.907604Z,2,NVIDIA L20Z,4,81559,0,33,70.91
2026-09-15T13:03:58.907604Z,3,NVIDIA L20Z,4,81559,0,32,73.40
2026-09-15T13:03:58.907604Z,4,NVIDIA L20Z,4,81559,0,30,71.30
2026-09-15T13:03:58.907604Z,5,NVIDIA L20Z,4,81559,0,33,69.96
2026-09-15T13:03:58.907604Z,6,NVIDIA L20Z,72046,81559,32,47,254.74
2026-09-15T13:03:58.907604Z,7,NVIDIA L20Z,71406,81559,72,58,323.00
2026-09-15T13:04:04.121961Z,0,NVIDIA L20Z,4,81559,0,32,69.94
2026-09-15T13:04:04.121961Z,1,NVIDIA L20Z,4,81559,0,30,69.87
2026-09-15T13:04:04.121961Z,2,NVIDIA L20Z,4,81559,0,33,70.88
2026-09-15T13:04:04.121961Z,3,NVIDIA L20Z,4,81559,0,32,73.37
2026-09-15T13:04:04.121961Z,4,NVIDIA L20Z,4,81559,0,30,71.30
2026-09-15T13:04:04.121961Z,5,NVIDIA L20Z,4,81559,0,33,70.01
2026-09-15T13:04:04.121961Z,6,NVIDIA L20Z,72046,81559,39,49,327.48
2026-09-15T13:04:04.121961Z,7,NVIDIA L20Z,71406,81559,87,57,354.61
2026-09-15T13:04:09.334802Z,0,NVIDIA L20Z,4,81559,0,32,69.90
2026-09-15T13:04:09.334802Z,1,NVIDIA L20Z,4,81559,0,30,69.85
2026-09-15T13:04:09.334802Z,2,NVIDIA L20Z,4,81559,0,33,70.91
2026-09-15T13:04:09.334802Z,3,NVIDIA L20Z,4,81559,0,32,73.37
2026-09-15T13:04:09.334802Z,4,NVIDIA L20Z,4,81559,0,30,71.30
2026-09-15T13:04:09.334802Z,5,NVIDIA L20Z,4,81559,0,33,70.01
2026-09-15T13:04:09.334802Z,6,NVIDIA L20Z,72046,81559,42,50,333.54
2026-09-15T13:04:09.334802Z,7,NVIDIA L20Z,71406,81559,62,58,366.36
2026-09-15T13:04:14.626578Z,0,NVIDIA L20Z,4,81559,0,32,69.94
2026-09-15T13:04:14.626578Z,1,NVIDIA L20Z,4,81559,0,30,69.81
2026-09-15T13:04:14.626578Z,2,NVIDIA L20Z,4,81559,0,33,70.86
2026-09-15T13:04:14.626578Z,3,NVIDIA L20Z,4,81559,0,32,73.32
2026-09-15T13:04:14.626578Z,4,NVIDIA L20Z,4,81559,0,30,71.28
2026-09-15T13:04:14.626578Z,5,NVIDIA L20Z,4,81559,0,33,69.99
2026-09-15T13:04:14.626578Z,6,NVIDIA L20Z,72046,81559,81,49,332.03
2026-09-15T13:04:14.626578Z,7,NVIDIA L20Z,71406,81559,81,56,319.04
2026-09-15T13:04:19.836626Z,0,NVIDIA L20Z,4,81559,0,32,69.91
2026-09-15T13:04:19.836626Z,1,NVIDIA L20Z,4,81559,0,30,69.87
2026-09-15T13:04:19.836626Z,2,NVIDIA L20Z,4,81559,0,33,70.87
2026-09-15T13:04:19.836626Z,3,NVIDIA L20Z,4,81559,0,32,73.33
2026-09-15T13:04:19.836626Z,4,NVIDIA L20Z,4,81559,0,30,71.28
2026-09-15T13:04:19.836626Z,5,NVIDIA L20Z,4,81559,0,33,69.96
2026-09-15T13:04:19.836626Z,6,NVIDIA L20Z,72046,81559,87,50,382.59
2026-09-15T13:04:19.836626Z,7,NVIDIA L20Z,71406,81559,49,56,336.63
2026-09-15T13:04:25.054663Z,0,NVIDIA L20Z,4,81559,0,32,69.92
2026-09-15T13:04:25.054663Z,1,NVIDIA L20Z,4,81559,0,30,69.89
2026-09-15T13:04:25.054663Z,2,NVIDIA L20Z,4,81559,0,33,70.89
2026-09-15T13:04:25.054663Z,3,NVIDIA L20Z,4,81559,0,32,73.34
2026-09-15T13:04:25.054663Z,4,NVIDIA L20Z,4,81559,0,30,71.29
2026-09-15T13:04:25.054663Z,5,NVIDIA L20Z,4,81559,0,33,70.00
2026-09-15T13:04:25.054663Z,6,NVIDIA L20Z,72046,81559,70,50,381.06
2026-09-15T13:04:25.054663Z,7,NVIDIA L20Z,71406,81559,32,54,326.79
2026-09-15T13:04:30.262174Z,0,NVIDIA L20Z,4,81559,0,32,69.95
2026-09-15T13:04:30.262174Z,1,NVIDIA L20Z,4,81559,0,30,69.88
2026-09-15T13:04:30.262174Z,2,NVIDIA L20Z,4,81559,0,33,70.87
2026-09-15T13:04:30.262174Z,3,NVIDIA L20Z,4,81559,0,32,73.38
2026-09-15T13:04:30.262174Z,4,NVIDIA L20Z,4,81559,0,30,71.26
2026-09-15T13:04:30.262174Z,5,NVIDIA L20Z,4,81559,0,33,69.94
2026-09-15T13:04:30.262174Z,6,NVIDIA L20Z,72046,81559,0,48,346.97
2026-09-15T13:04:30.262174Z,7,NVIDIA L20Z,71406,81559,14,56,341.07
2026-09-15T13:04:35.420357Z,0,NVIDIA L20Z,4,81559,1,33,100.77
2026-09-15T13:04:35.420357Z,1,NVIDIA L20Z,4,81559,0,30,69.90
2026-09-15T13:04:35.420357Z,2,NVIDIA L20Z,4,81559,0,33,70.90
2026-09-15T13:04:35.420357Z,3,NVIDIA L20Z,4,81559,0,32,73.40
2026-09-15T13:04:35.420357Z,4,NVIDIA L20Z,4,81559,0,30,71.29
2026-09-15T13:04:35.420357Z,5,NVIDIA L20Z,4,81559,0,33,70.02
2026-09-15T13:04:35.420357Z,6,NVIDIA L20Z,72046,81559,44,47,312.45
2026-09-15T13:04:35.420357Z,7,NVIDIA L20Z,71406,81559,11,52,255.59
2026-09-15T13:04:40.833591Z,0,NVIDIA L20Z,4,81559,0,32,70.09
2026-09-15T13:04:40.833591Z,1,NVIDIA L20Z,4,81559,0,31,120.02
2026-09-15T13:04:40.833591Z,2,NVIDIA L20Z,4,81559,0,34,94.16
2026-09-15T13:04:40.833591Z,3,NVIDIA L20Z,4,81559,0,34,125.62
2026-09-15T13:04:40.833591Z,4,NVIDIA L20Z,4,81559,0,30,71.25
2026-09-15T13:04:40.833591Z,5,NVIDIA L20Z,4,81559,0,33,69.99
2026-09-15T13:04:40.833591Z,6,NVIDIA L20Z,72046,81559,89,51,360.11
2026-09-15T13:04:40.833591Z,7,NVIDIA L20Z,71408,81559,62,54,275.16
2026-09-15T13:04:46.307290Z,0,NVIDIA L20Z,4,81559,0,32,70.00
2026-09-15T13:04:46.307290Z,1,NVIDIA L20Z,4,81559,0,30,69.97
2026-09-15T13:04:46.307290Z,2,NVIDIA L20Z,4,81559,0,34,71.22
2026-09-15T13:04:46.307290Z,3,NVIDIA L20Z,4,81559,0,33,75.50
2026-09-15T13:04:46.307290Z,4,NVIDIA L20Z,4,81559,0,32,104.98
2026-09-15T13:04:46.307290Z,5,NVIDIA L20Z,4,81559,0,33,70.25
2026-09-15T13:04:46.307290Z,6,NVIDIA L20Z,72048,81559,72,51,381.88
2026-09-15T13:04:46.307290Z,7,NVIDIA L20Z,71936,81559,78,56,342.16
2026-09-15T13:04:51.880514Z,0,NVIDIA L20Z,4,81559,0,32,69.99
2026-09-15T13:04:51.880514Z,1,NVIDIA L20Z,4,81559,0,30,69.90
2026-09-15T13:04:51.880514Z,2,NVIDIA L20Z,4,81559,0,34,71.19
2026-09-15T13:04:51.880514Z,3,NVIDIA L20Z,4,81559,0,32,73.45
2026-09-15T13:04:51.880514Z,4,NVIDIA L20Z,4,81559,0,30,71.42
2026-09-15T13:04:51.880514Z,5,NVIDIA L20Z,4,81559,0,33,70.09
2026-09-15T13:04:51.880514Z,6,NVIDIA L20Z,72048,81559,47,51,369.21
2026-09-15T13:04:51.880514Z,7,NVIDIA L20Z,71936,81559,51,55,320.72
2026-09-15T13:04:57.419280Z,0,NVIDIA L20Z,4,81559,0,32,69.98
2026-09-15T13:04:57.419280Z,1,NVIDIA L20Z,4,81559,0,30,69.89
2026-09-15T13:04:57.419280Z,2,NVIDIA L20Z,4,81559,0,34,70.88
2026-09-15T13:04:57.419280Z,3,NVIDIA L20Z,4,81559,0,32,73.42
2026-09-15T13:04:57.419280Z,4,NVIDIA L20Z,4,81559,0,30,71.39
2026-09-15T13:04:57.419280Z,5,NVIDIA L20Z,4,81559,0,33,69.99
2026-09-15T13:04:57.419280Z,6,NVIDIA L20Z,72048,81559,86,51,334.73
2026-09-15T13:04:57.419280Z,7,NVIDIA L20Z,71408,81559,50,55,284.50
2026-09-15T13:05:02.585354Z,0,NVIDIA L20Z,4,81559,0,32,69.99
2026-09-15T13:05:02.585354Z,1,NVIDIA L20Z,4,81559,0,30,69.89
2026-09-15T13:05:02.585354Z,2,NVIDIA L20Z,4,81559,0,34,70.93
2026-09-15T13:05:02.585354Z,3,NVIDIA L20Z,4,81559,0,32,73.38
2026-09-15T13:05:02.585354Z,4,NVIDIA L20Z,4,81559,0,30,71.38
2026-09-15T13:05:02.585354Z,5,NVIDIA L20Z,4,81559,0,33,69.96
2026-09-15T13:05:02.585354Z,6,NVIDIA L20Z,72048,81559,89,52,390.95
2026-09-15T13:05:02.585354Z,7,NVIDIA L20Z,71408,81559,46,55,323.73
2026-09-15T13:05:07.748766Z,0,NVIDIA L20Z,4,81559,0,32,69.93
2026-09-15T13:05:07.748766Z,1,NVIDIA L20Z,4,81559,0,30,69.87
2026-09-15T13:05:07.748766Z,2,NVIDIA L20Z,4,81559,0,34,71.15
2026-09-15T13:05:07.748766Z,3,NVIDIA L20Z,4,81559,0,32,73.41
2026-09-15T13:05:07.748766Z,4,NVIDIA L20Z,4,81559,0,30,71.28
2026-09-15T13:05:07.748766Z,5,NVIDIA L20Z,4,81559,0,33,70.06
2026-09-15T13:05:07.748766Z,6,NVIDIA L20Z,72048,81559,84,52,360.24
2026-09-15T13:05:07.748766Z,7,NVIDIA L20Z,71408,81559,84,57,339.84
2026-09-15T13:05:12.911957Z,0,NVIDIA L20Z,4,81559,0,32,69.95
2026-09-15T13:05:12.911957Z,1,NVIDIA L20Z,4,81559,0,30,69.88
2026-09-15T13:05:12.911957Z,2,NVIDIA L20Z,4,81559,0,34,71.16
2026-09-15T13:05:12.911957Z,3,NVIDIA L20Z,4,81559,0,32,73.38
2026-09-15T13:05:12.911957Z,4,NVIDIA L20Z,4,81559,0,30,71.30
2026-09-15T13:05:12.911957Z,5,NVIDIA L20Z,4,81559,0,33,69.99
2026-09-15T13:05:12.911957Z,6,NVIDIA L20Z,72048,81559,42,50,352.16
2026-09-15T13:05:12.911957Z,7,NVIDIA L20Z,71408,81559,28,55,326.67
2026-09-15T13:05:18.095352Z,0,NVIDIA L20Z,4,81559,0,32,70.00
2026-09-15T13:05:18.095352Z,1,NVIDIA L20Z,4,81559,0,30,69.89
2026-09-15T13:05:18.095352Z,2,NVIDIA L20Z,4,81559,0,34,71.15
2026-09-15T13:05:18.095352Z,3,NVIDIA L20Z,4,81559,0,32,73.37
2026-09-15T13:05:18.095352Z,4,NVIDIA L20Z,4,81559,0,30,71.24
2026-09-15T13:05:18.095352Z,5,NVIDIA L20Z,4,81559,0,33,69.99
2026-09-15T13:05:18.095352Z,6,NVIDIA L20Z,72048,81559,82,49,347.91
2026-09-15T13:05:18.095352Z,7,NVIDIA L20Z,71408,81559,81,54,330.98
2026-09-15T13:05:23.263327Z,0,NVIDIA L20Z,4,81559,0,32,69.95
2026-09-15T13:05:23.263327Z,1,NVIDIA L20Z,4,81559,0,30,69.88
2026-09-15T13:05:23.263327Z,2,NVIDIA L20Z,4,81559,0,33,71.17
2026-09-15T13:05:23.263327Z,3,NVIDIA L20Z,4,81559,0,32,73.40
2026-09-15T13:05:23.263327Z,4,NVIDIA L20Z,4,81559,0,30,71.28
2026-09-15T13:05:23.263327Z,5,NVIDIA L20Z,4,81559,0,33,70.06
2026-09-15T13:05:23.263327Z,6,NVIDIA L20Z,72048,81559,83,50,338.88
2026-09-15T13:05:23.263327Z,7,NVIDIA L20Z,71408,81559,69,56,327.62
2026-09-15T13:05:28.425018Z,0,NVIDIA L20Z,4,81559,0,32,69.96
2026-09-15T13:05:28.425018Z,1,NVIDIA L20Z,4,81559,0,30,69.88
2026-09-15T13:05:28.425018Z,2,NVIDIA L20Z,4,81559,0,33,71.15
2026-09-15T13:05:28.425018Z,3,NVIDIA L20Z,4,81559,0,32,73.36
2026-09-15T13:05:28.425018Z,4,NVIDIA L20Z,4,81559,0,30,71.21
2026-09-15T13:05:28.425018Z,5,NVIDIA L20Z,4,81559,0,33,69.98
2026-09-15T13:05:28.425018Z,6,NVIDIA L20Z,72048,81559,73,49,342.66
2026-09-15T13:05:28.425018Z,7,NVIDIA L20Z,71408,81559,20,54,325.52
2026-09-15T13:05:33.583172Z,0,NVIDIA L20Z,4,81559,0,32,69.98
2026-09-15T13:05:33.583172Z,1,NVIDIA L20Z,4,81559,0,30,69.84
2026-09-15T13:05:33.583172Z,2,NVIDIA L20Z,4,81559,0,33,71.11
2026-09-15T13:05:33.583172Z,3,NVIDIA L20Z,4,81559,0,32,73.40
2026-09-15T13:05:33.583172Z,4,NVIDIA L20Z,4,81559,0,30,71.33
2026-09-15T13:05:33.583172Z,5,NVIDIA L20Z,4,81559,0,33,69.95
2026-09-15T13:05:33.583172Z,6,NVIDIA L20Z,72048,81559,84,51,373.04
2026-09-15T13:05:33.583172Z,7,NVIDIA L20Z,71408,81559,36,56,338.90
2026-09-15T13:05:38.776830Z,0,NVIDIA L20Z,4,81559,0,32,69.92
2026-09-15T13:05:38.776830Z,1,NVIDIA L20Z,4,81559,0,30,69.86
2026-09-15T13:05:38.776830Z,2,NVIDIA L20Z,4,81559,0,33,71.07
2026-09-15T13:05:38.776830Z,3,NVIDIA L20Z,4,81559,0,32,73.37
2026-09-15T13:05:38.776830Z,4,NVIDIA L20Z,4,81559,0,30,71.27
2026-09-15T13:05:38.776830Z,5,NVIDIA L20Z,4,81559,0,33,70.01
2026-09-15T13:05:38.776830Z,6,NVIDIA L20Z,72048,81559,38,51,368.77
2026-09-15T13:05:38.776830Z,7,NVIDIA L20Z,71408,81559,33,56,327.90
2026-09-15T13:05:43.934262Z,0,NVIDIA L20Z,4,81559,0,32,69.93
2026-09-15T13:05:43.934262Z,1,NVIDIA L20Z,4,81559,0,30,69.86
2026-09-15T13:05:43.934262Z,2,NVIDIA L20Z,4,81559,0,33,71.12
2026-09-15T13:05:43.934262Z,3,NVIDIA L20Z,4,81559,0,32,73.34
2026-09-15T13:05:43.934262Z,4,NVIDIA L20Z,4,81559,0,30,71.29
2026-09-15T13:05:43.934262Z,5,NVIDIA L20Z,4,81559,0,33,70.00
2026-09-15T13:05:43.934262Z,6,NVIDIA L20Z,72048,81559,91,52,338.80
2026-09-15T13:05:43.934262Z,7,NVIDIA L20Z,71408,81559,32,57,330.97
2026-09-15T13:05:49.110649Z,0,NVIDIA L20Z,4,81559,0,32,69.95
2026-09-15T13:05:49.110649Z,1,NVIDIA L20Z,4,81559,0,30,69.88
2026-09-15T13:05:49.110649Z,2,NVIDIA L20Z,4,81559,0,33,71.18
2026-09-15T13:05:49.110649Z,3,NVIDIA L20Z,4,81559,0,32,73.35
2026-09-15T13:05:49.110649Z,4,NVIDIA L20Z,4,81559,0,30,71.25
2026-09-15T13:05:49.110649Z,5,NVIDIA L20Z,4,81559,0,33,69.97
2026-09-15T13:05:49.110649Z,6,NVIDIA L20Z,72048,81559,37,51,352.90
2026-09-15T13:05:49.110649Z,7,NVIDIA L20Z,71408,81559,29,56,291.26
2026-09-15T13:05:54.271087Z,0,NVIDIA L20Z,4,81559,1,33,96.22
2026-09-15T13:05:54.271087Z,1,NVIDIA L20Z,4,81559,0,30,69.91
2026-09-15T13:05:54.271087Z,2,NVIDIA L20Z,4,81559,0,33,71.16
2026-09-15T13:05:54.271087Z,3,NVIDIA L20Z,4,81559,0,32,73.39
2026-09-15T13:05:54.271087Z,4,NVIDIA L20Z,4,81559,0,30,71.31
2026-09-15T13:05:54.271087Z,5,NVIDIA L20Z,4,81559,0,33,70.01
2026-09-15T13:05:54.271087Z,6,NVIDIA L20Z,72048,81559,0,48,148.68
2026-09-15T13:05:54.271087Z,7,NVIDIA L20Z,71408,81559,12,51,130.01
2026-09-15T13:05:59.424212Z,0,NVIDIA L20Z,4,81559,0,32,69.99
2026-09-15T13:05:59.424212Z,1,NVIDIA L20Z,4,81559,0,30,69.95
2026-09-15T13:05:59.424212Z,2,NVIDIA L20Z,4,81559,0,34,71.18
2026-09-15T13:05:59.424212Z,3,NVIDIA L20Z,4,81559,0,34,126.70
2026-09-15T13:05:59.424212Z,4,NVIDIA L20Z,4,81559,0,30,71.24
2026-09-15T13:05:59.424212Z,5,NVIDIA L20Z,4,81559,0,33,70.00
2026-09-15T13:05:59.424212Z,6,NVIDIA L20Z,72048,81559,86,51,388.67
2026-09-15T13:05:59.424212Z,7,NVIDIA L20Z,71408,81559,85,55,320.45
2026-09-15T13:06:04.734086Z,0,NVIDIA L20Z,4,81559,0,32,69.99
2026-09-15T13:06:04.734086Z,1,NVIDIA L20Z,4,81559,0,30,69.97
2026-09-15T13:06:04.734086Z,2,NVIDIA L20Z,4,81559,0,33,70.95
2026-09-15T13:06:04.734086Z,3,NVIDIA L20Z,4,81559,0,32,73.44
2026-09-15T13:06:04.734086Z,4,NVIDIA L20Z,4,81559,0,30,71.35
2026-09-15T13:06:04.734086Z,5,NVIDIA L20Z,4,81559,0,33,70.08
2026-09-15T13:06:04.734086Z,6,NVIDIA L20Z,72048,81559,91,51,391.06
2026-09-15T13:06:04.734086Z,7,NVIDIA L20Z,71427,81559,37,55,345.60
2026-09-15T13:06:10.066479Z,0,NVIDIA L20Z,4,81559,0,32,69.96
2026-09-15T13:06:10.066479Z,1,NVIDIA L20Z,4,81559,0,30,69.95
2026-09-15T13:06:10.066479Z,2,NVIDIA L20Z,4,81559,0,33,70.96
2026-09-15T13:06:10.066479Z,3,NVIDIA L20Z,4,81559,0,32,73.41
2026-09-15T13:06:10.066479Z,4,NVIDIA L20Z,4,81559,0,30,71.36
2026-09-15T13:06:10.066479Z,5,NVIDIA L20Z,4,81559,0,33,69.92
2026-09-15T13:06:10.066479Z,6,NVIDIA L20Z,72048,81559,85,51,395.45
2026-09-15T13:06:10.066479Z,7,NVIDIA L20Z,71408,81559,84,57,318.01
2026-09-15T13:06:15.233446Z,0,NVIDIA L20Z,4,81559,0,32,69.97
2026-09-15T13:06:15.233446Z,1,NVIDIA L20Z,4,81559,0,30,69.88
2026-09-15T13:06:15.233446Z,2,NVIDIA L20Z,4,81559,0,33,70.89
2026-09-15T13:06:15.233446Z,3,NVIDIA L20Z,4,81559,0,32,73.38
2026-09-15T13:06:15.233446Z,4,NVIDIA L20Z,4,81559,0,30,71.38
2026-09-15T13:06:15.233446Z,5,NVIDIA L20Z,4,81559,0,33,70.08
2026-09-15T13:06:15.233446Z,6,NVIDIA L20Z,72048,81559,83,52,389.39
2026-09-15T13:06:15.233446Z,7,NVIDIA L20Z,71408,81559,84,57,319.58
2026-09-15T13:06:20.392977Z,0,NVIDIA L20Z,4,81559,0,32,69.97
2026-09-15T13:06:20.392977Z,1,NVIDIA L20Z,4,81559,0,30,69.87
2026-09-15T13:06:20.392977Z,2,NVIDIA L20Z,4,81559,0,33,70.90
2026-09-15T13:06:20.392977Z,3,NVIDIA L20Z,4,81559,0,32,73.40
2026-09-15T13:06:20.392977Z,4,NVIDIA L20Z,4,81559,0,30,71.27
2026-09-15T13:06:20.392977Z,5,NVIDIA L20Z,4,81559,0,33,69.94
2026-09-15T13:06:20.392977Z,6,NVIDIA L20Z,72048,81559,43,52,375.17
2026-09-15T13:06:20.392977Z,7,NVIDIA L20Z,71408,81559,11,56,354.60
2026-09-15T13:06:25.553469Z,0,NVIDIA L20Z,4,81559,0,32,69.91
2026-09-15T13:06:25.553469Z,1,NVIDIA L20Z,4,81559,0,30,69.87
2026-09-15T13:06:25.553469Z,2,NVIDIA L20Z,4,81559,0,33,70.94
2026-09-15T13:06:25.553469Z,3,NVIDIA L20Z,4,81559,0,32,73.39
2026-09-15T13:06:25.553469Z,4,NVIDIA L20Z,4,81559,0,30,71.28
2026-09-15T13:06:25.553469Z,5,NVIDIA L20Z,4,81559,0,33,70.07
2026-09-15T13:06:25.553469Z,6,NVIDIA L20Z,72048,81559,0,51,372.40
2026-09-15T13:06:25.553469Z,7,NVIDIA L20Z,71408,81559,7,55,311.86
2026-09-15T13:06:30.763683Z,0,NVIDIA L20Z,4,81559,0,32,69.98
2026-09-15T13:06:30.763683Z,1,NVIDIA L20Z,4,81559,0,30,69.83
2026-09-15T13:06:30.763683Z,2,NVIDIA L20Z,4,81559,0,33,70.93
2026-09-15T13:06:30.763683Z,3,NVIDIA L20Z,4,81559,0,32,73.35
2026-09-15T13:06:30.763683Z,4,NVIDIA L20Z,4,81559,0,30,71.29
2026-09-15T13:06:30.763683Z,5,NVIDIA L20Z,4,81559,0,33,69.95
2026-09-15T13:06:30.763683Z,6,NVIDIA L20Z,72048,81559,39,51,352.45
2026-09-15T13:06:30.763683Z,7,NVIDIA L20Z,71408,81559,12,55,320.80
2026-09-15T13:06:35.928810Z,0,NVIDIA L20Z,4,81559,0,32,70.00
2026-09-15T13:06:35.928810Z,1,NVIDIA L20Z,4,81559,0,30,69.86
2026-09-15T13:06:35.928810Z,2,NVIDIA L20Z,4,81559,0,33,70.93
2026-09-15T13:06:35.928810Z,3,NVIDIA L20Z,4,81559,0,32,73.39
2026-09-15T13:06:35.928810Z,4,NVIDIA L20Z,4,81559,0,30,71.29
2026-09-15T13:06:35.928810Z,5,NVIDIA L20Z,4,81559,0,33,69.99
2026-09-15T13:06:35.928810Z,6,NVIDIA L20Z,72048,81559,82,50,327.77
2026-09-15T13:06:35.928810Z,7,NVIDIA L20Z,71408,81559,44,57,298.89
2026-09-15T13:06:41.092908Z,0,NVIDIA L20Z,4,81559,0,32,92.12
2026-09-15T13:06:41.092908Z,1,NVIDIA L20Z,23,81559,0,31,89.82
2026-09-15T13:06:41.092908Z,2,NVIDIA L20Z,4,81559,0,33,70.88
2026-09-15T13:06:41.092908Z,3,NVIDIA L20Z,4,81559,0,32,73.36
2026-09-15T13:06:41.092908Z,4,NVIDIA L20Z,4,81559,0,30,71.21
2026-09-15T13:06:41.092908Z,5,NVIDIA L20Z,4,81559,0,33,69.96
2026-09-15T13:06:41.092908Z,6,NVIDIA L20Z,72048,81559,36,51,352.71
2026-09-15T13:06:41.092908Z,7,NVIDIA L20Z,71408,81559,79,56,346.61
2026-09-15T13:06:46.368723Z,0,NVIDIA L20Z,4,81559,0,32,69.99
2026-09-15T13:06:46.368723Z,1,NVIDIA L20Z,4,81559,0,30,69.97
2026-09-15T13:06:46.368723Z,2,NVIDIA L20Z,4,81559,0,35,125.54
2026-09-15T13:06:46.368723Z,3,NVIDIA L20Z,4,81559,0,34,125.67
2026-09-15T13:06:46.368723Z,4,NVIDIA L20Z,23,81559,0,31,84.21
2026-09-15T13:06:46.368723Z,5,NVIDIA L20Z,4,81559,0,33,69.93
2026-09-15T13:06:46.368723Z,6,NVIDIA L20Z,72048,81559,85,52,365.60
2026-09-15T13:06:46.368723Z,7,NVIDIA L20Z,71408,81559,83,58,351.03
2026-09-15T13:06:51.560868Z,0,NVIDIA L20Z,4,81559,0,32,69.99
2026-09-15T13:06:51.560868Z,1,NVIDIA L20Z,4,81559,0,30,69.96
2026-09-15T13:06:51.560868Z,2,NVIDIA L20Z,4,81559,0,34,70.91
2026-09-15T13:06:51.560868Z,3,NVIDIA L20Z,4,81559,0,32,73.43
2026-09-15T13:06:51.560868Z,4,NVIDIA L20Z,4,81559,0,30,71.38
2026-09-15T13:06:51.560868Z,5,NVIDIA L20Z,4,81559,0,33,70.01
2026-09-15T13:06:51.560868Z,6,NVIDIA L20Z,72048,81559,90,51,338.13
2026-09-15T13:06:51.560868Z,7,NVIDIA L20Z,71408,81559,57,56,312.11
2026-09-15T13:06:56.848940Z,0,NVIDIA L20Z,4,81559,0,32,69.98
2026-09-15T13:06:56.848940Z,1,NVIDIA L20Z,4,81559,0,30,69.90
2026-09-15T13:06:56.848940Z,2,NVIDIA L20Z,4,81559,0,34,70.89
2026-09-15T13:06:56.848940Z,3,NVIDIA L20Z,4,81559,0,32,73.36
2026-09-15T13:06:56.848940Z,4,NVIDIA L20Z,4,81559,0,30,71.24
2026-09-15T13:06:56.848940Z,5,NVIDIA L20Z,4,81559,0,33,70.03
2026-09-15T13:06:56.848940Z,6,NVIDIA L20Z,72048,81559,81,52,346.22
2026-09-15T13:06:56.848940Z,7,NVIDIA L20Z,71408,81559,81,58,326.87
2026-09-15T13:07:02.009270Z,0,NVIDIA L20Z,4,81559,0,32,69.94
2026-09-15T13:07:02.009270Z,1,NVIDIA L20Z,4,81559,0,30,69.86
2026-09-15T13:07:02.009270Z,2,NVIDIA L20Z,4,81559,0,34,70.90
2026-09-15T13:07:02.009270Z,3,NVIDIA L20Z,4,81559,0,32,73.39
2026-09-15T13:07:02.009270Z,4,NVIDIA L20Z,4,81559,0,30,71.35
2026-09-15T13:07:02.009270Z,5,NVIDIA L20Z,4,81559,0,33,69.94
2026-09-15T13:07:02.009270Z,6,NVIDIA L20Z,72048,81559,83,51,332.31
2026-09-15T13:07:02.009270Z,7,NVIDIA L20Z,71408,81559,52,57,334.24
2026-09-15T13:07:07.213514Z,0,NVIDIA L20Z,4,81559,0,33,95.72
2026-09-15T13:07:07.213514Z,1,NVIDIA L20Z,4,81559,0,30,69.87
2026-09-15T13:07:07.213514Z,2,NVIDIA L20Z,4,81559,0,34,70.93
2026-09-15T13:07:07.213514Z,3,NVIDIA L20Z,4,81559,0,32,73.40
2026-09-15T13:07:07.213514Z,4,NVIDIA L20Z,4,81559,0,30,71.37
2026-09-15T13:07:07.213514Z,5,NVIDIA L20Z,4,81559,0,33,70.02
2026-09-15T13:07:07.213514Z,6,NVIDIA L20Z,72048,81559,6,51,347.41
2026-09-15T13:07:07.213514Z,7,NVIDIA L20Z,71408,81559,61,56,344.82
2026-09-15T13:07:12.416011Z,0,NVIDIA L20Z,4,81559,0,32,70.01
2026-09-15T13:07:12.416011Z,1,NVIDIA L20Z,4,81559,0,30,69.96
2026-09-15T13:07:12.416011Z,2,NVIDIA L20Z,4,81559,0,34,71.39
2026-09-15T13:07:12.416011Z,3,NVIDIA L20Z,4,81559,0,32,73.40
2026-09-15T13:07:12.416011Z,4,NVIDIA L20Z,4,81559,0,30,71.22
2026-09-15T13:07:12.416011Z,5,NVIDIA L20Z,4,81559,0,33,70.00
2026-09-15T13:07:12.416011Z,6,NVIDIA L20Z,72048,81559,46,51,364.64
2026-09-15T13:07:12.416011Z,7,NVIDIA L20Z,71408,81559,40,57,321.62
2026-09-15T13:07:17.882528Z,0,NVIDIA L20Z,4,81559,0,32,70.04
2026-09-15T13:07:17.882528Z,1,NVIDIA L20Z,4,81559,0,30,69.89
2026-09-15T13:07:17.882528Z,2,NVIDIA L20Z,4,81559,0,34,71.19
2026-09-15T13:07:17.882528Z,3,NVIDIA L20Z,4,81559,0,32,73.47
2026-09-15T13:07:17.882528Z,4,NVIDIA L20Z,4,81559,0,30,71.20
2026-09-15T13:07:17.882528Z,5,NVIDIA L20Z,4,81559,0,34,109.52
2026-09-15T13:07:17.882528Z,6,NVIDIA L20Z,72048,81559,77,52,383.95
2026-09-15T13:07:17.882528Z,7,NVIDIA L20Z,71408,81559,35,57,352.77
2026-09-15T13:07:23.182110Z,0,NVIDIA L20Z,4,81559,0,32,70.00
2026-09-15T13:07:23.182110Z,1,NVIDIA L20Z,4,81559,0,30,69.92
2026-09-15T13:07:23.182110Z,2,NVIDIA L20Z,4,81559,0,34,71.20
2026-09-15T13:07:23.182110Z,3,NVIDIA L20Z,4,81559,0,32,73.45
2026-09-15T13:07:23.182110Z,4,NVIDIA L20Z,4,81559,0,30,71.26
2026-09-15T13:07:23.182110Z,5,NVIDIA L20Z,4,81559,0,33,70.01
2026-09-15T13:07:23.182110Z,6,NVIDIA L20Z,72048,81559,81,51,380.85
2026-09-15T13:07:23.182110Z,7,NVIDIA L20Z,71408,81559,42,56,330.92
2026-09-15T13:07:28.340766Z,0,NVIDIA L20Z,4,81559,0,32,69.96
2026-09-15T13:07:28.340766Z,1,NVIDIA L20Z,4,81559,0,30,69.90
2026-09-15T13:07:28.340766Z,2,NVIDIA L20Z,4,81559,0,33,70.94
2026-09-15T13:07:28.340766Z,3,NVIDIA L20Z,4,81559,0,32,73.46
2026-09-15T13:07:28.340766Z,4,NVIDIA L20Z,4,81559,0,30,71.34
2026-09-15T13:07:28.340766Z,5,NVIDIA L20Z,4,81559,0,33,70.06
2026-09-15T13:07:28.340766Z,6,NVIDIA L20Z,72048,81559,85,52,355.08
2026-09-15T13:07:28.340766Z,7,NVIDIA L20Z,71408,81559,86,56,289.29
2026-09-15T13:07:33.548260Z,0,NVIDIA L20Z,4,81559,0,32,69.94
2026-09-15T13:07:33.548260Z,1,NVIDIA L20Z,4,81559,0,30,69.89
2026-09-15T13:07:33.548260Z,2,NVIDIA L20Z,4,81559,0,33,70.90
2026-09-15T13:07:33.548260Z,3,NVIDIA L20Z,4,81559,0,32,73.42
2026-09-15T13:07:33.548260Z,4,NVIDIA L20Z,4,81559,0,30,71.29
2026-09-15T13:07:33.548260Z,5,NVIDIA L20Z,4,81559,0,33,69.99
2026-09-15T13:07:33.548260Z,6,NVIDIA L20Z,72048,81559,86,52,394.31
2026-09-15T13:07:33.548260Z,7,NVIDIA L20Z,71408,81559,37,56,310.79
2026-09-15T13:07:38.907682Z,0,NVIDIA L20Z,4,81559,0,32,69.96
2026-09-15T13:07:38.907682Z,1,NVIDIA L20Z,4,81559,0,30,69.90
2026-09-15T13:07:38.907682Z,2,NVIDIA L20Z,4,81559,0,33,70.91
2026-09-15T13:07:38.907682Z,3,NVIDIA L20Z,4,81559,0,32,73.34
2026-09-15T13:07:38.907682Z,4,NVIDIA L20Z,4,81559,0,30,71.24
2026-09-15T13:07:38.907682Z,5,NVIDIA L20Z,4,81559,0,33,70.00
2026-09-15T13:07:38.907682Z,6,NVIDIA L20Z,72048,81559,88,53,392.18
2026-09-15T13:07:38.907682Z,7,NVIDIA L20Z,71408,81559,37,56,338.07
2026-09-15T13:07:44.098802Z,0,NVIDIA L20Z,4,81559,0,32,69.94
2026-09-15T13:07:44.098802Z,1,NVIDIA L20Z,4,81559,0,30,69.84
2026-09-15T13:07:44.098802Z,2,NVIDIA L20Z,4,81559,0,33,70.88
2026-09-15T13:07:44.098802Z,3,NVIDIA L20Z,4,81559,0,32,73.39
2026-09-15T13:07:44.098802Z,4,NVIDIA L20Z,4,81559,0,30,71.21
2026-09-15T13:07:44.098802Z,5,NVIDIA L20Z,4,81559,0,33,69.91
2026-09-15T13:07:44.098802Z,6,NVIDIA L20Z,72048,81559,17,52,371.50
2026-09-15T13:07:44.098802Z,7,NVIDIA L20Z,71408,81559,75,57,334.61
2026-09-15T13:07:49.257799Z,0,NVIDIA L20Z,4,81559,0,32,69.95
2026-09-15T13:07:49.257799Z,1,NVIDIA L20Z,4,81559,0,30,69.84
2026-09-15T13:07:49.257799Z,2,NVIDIA L20Z,4,81559,0,33,70.94
2026-09-15T13:07:49.257799Z,3,NVIDIA L20Z,4,81559,0,32,73.37
2026-09-15T13:07:49.257799Z,4,NVIDIA L20Z,4,81559,0,30,71.33
2026-09-15T13:07:49.257799Z,5,NVIDIA L20Z,4,81559,0,33,70.11
2026-09-15T13:07:49.257799Z,6,NVIDIA L20Z,72048,81559,86,51,367.45
2026-09-15T13:07:49.257799Z,7,NVIDIA L20Z,71408,81559,38,57,346.70
2026-09-15T13:07:54.415049Z,0,NVIDIA L20Z,4,81559,0,32,69.94
2026-09-15T13:07:54.415049Z,1,NVIDIA L20Z,4,81559,0,30,69.84
2026-09-15T13:07:54.415049Z,2,NVIDIA L20Z,4,81559,0,33,70.90
2026-09-15T13:07:54.415049Z,3,NVIDIA L20Z,4,81559,0,32,73.36
2026-09-15T13:07:54.415049Z,4,NVIDIA L20Z,4,81559,0,30,71.31
2026-09-15T13:07:54.415049Z,5,NVIDIA L20Z,4,81559,0,33,69.96
2026-09-15T13:07:54.415049Z,6,NVIDIA L20Z,72048,81559,82,52,314.01
2026-09-15T13:07:54.415049Z,7,NVIDIA L20Z,71408,81559,45,57,307.40
2026-09-15T13:07:59.574955Z,0,NVIDIA L20Z,4,81559,0,32,69.95
2026-09-15T13:07:59.574955Z,1,NVIDIA L20Z,4,81559,0,30,69.86
2026-09-15T13:07:59.574955Z,2,NVIDIA L20Z,4,81559,0,33,70.86
2026-09-15T13:07:59.574955Z,3,NVIDIA L20Z,4,81559,0,32,73.35
2026-09-15T13:07:59.574955Z,4,NVIDIA L20Z,4,81559,0,30,71.18
2026-09-15T13:07:59.574955Z,5,NVIDIA L20Z,4,81559,0,33,70.04
2026-09-15T13:07:59.574955Z,6,NVIDIA L20Z,72048,81559,82,52,362.73
2026-09-15T13:07:59.574955Z,7,NVIDIA L20Z,71408,81559,83,58,349.49
2026-09-15T13:08:04.763804Z,0,NVIDIA L20Z,4,81559,0,32,69.93
2026-09-15T13:08:04.763804Z,1,NVIDIA L20Z,4,81559,0,30,69.86
2026-09-15T13:08:04.763804Z,2,NVIDIA L20Z,4,81559,0,33,70.86
2026-09-15T13:08:04.763804Z,3,NVIDIA L20Z,4,81559,0,32,73.38
2026-09-15T13:08:04.763804Z,4,NVIDIA L20Z,4,81559,0,30,71.22
2026-09-15T13:08:04.763804Z,5,NVIDIA L20Z,4,81559,0,33,69.97
2026-09-15T13:08:04.763804Z,6,NVIDIA L20Z,72048,81559,83,50,311.95
2026-09-15T13:08:04.763804Z,7,NVIDIA L20Z,71408,81559,51,59,359.16
2026-09-15T13:08:09.929914Z,0,NVIDIA L20Z,4,81559,0,32,69.93
2026-09-15T13:08:09.929914Z,1,NVIDIA L20Z,4,81559,0,30,69.86
2026-09-15T13:08:09.929914Z,2,NVIDIA L20Z,4,81559,0,33,70.87
2026-09-15T13:08:09.929914Z,3,NVIDIA L20Z,4,81559,0,32,73.35
2026-09-15T13:08:09.929914Z,4,NVIDIA L20Z,4,81559,0,30,71.24
2026-09-15T13:08:09.929914Z,5,NVIDIA L20Z,4,81559,0,33,69.96
2026-09-15T13:08:09.929914Z,6,NVIDIA L20Z,72048,81559,72,51,373.07
2026-09-15T13:08:09.929914Z,7,NVIDIA L20Z,71408,81559,32,57,320.17
2026-09-15T13:08:15.090401Z,0,NVIDIA L20Z,4,81559,0,32,69.92
2026-09-15T13:08:15.090401Z,1,NVIDIA L20Z,4,81559,0,30,69.85
2026-09-15T13:08:15.090401Z,2,NVIDIA L20Z,4,81559,0,33,70.89
2026-09-15T13:08:15.090401Z,3,NVIDIA L20Z,4,81559,0,32,73.37
2026-09-15T13:08:15.090401Z,4,NVIDIA L20Z,4,81559,0,30,71.33
2026-09-15T13:08:15.090401Z,5,NVIDIA L20Z,4,81559,0,33,70.06
2026-09-15T13:08:15.090401Z,6,NVIDIA L20Z,72048,81559,84,51,318.63
2026-09-15T13:08:15.090401Z,7,NVIDIA L20Z,71408,81559,84,58,323.41
2026-09-15T13:08:20.261189Z,0,NVIDIA L20Z,4,81559,0,32,69.93
2026-09-15T13:08:20.261189Z,1,NVIDIA L20Z,4,81559,0,30,69.84
2026-09-15T13:08:20.261189Z,2,NVIDIA L20Z,4,81559,0,33,70.90
2026-09-15T13:08:20.261189Z,3,NVIDIA L20Z,4,81559,0,32,73.32
2026-09-15T13:08:20.261189Z,4,NVIDIA L20Z,4,81559,0,30,71.29
2026-09-15T13:08:20.261189Z,5,NVIDIA L20Z,4,81559,0,33,69.99
2026-09-15T13:08:20.261189Z,6,NVIDIA L20Z,72048,81559,87,50,277.01
2026-09-15T13:08:20.261189Z,7,NVIDIA L20Z,71408,81559,36,57,291.37
2026-09-15T13:08:25.423977Z,0,NVIDIA L20Z,4,81559,0,32,70.02
2026-09-15T13:08:25.423977Z,1,NVIDIA L20Z,4,81559,0,30,70.13
2026-09-15T13:08:25.423977Z,2,NVIDIA L20Z,4,81559,0,35,125.58
2026-09-15T13:08:25.423977Z,3,NVIDIA L20Z,4,81559,0,32,73.33
2026-09-15T13:08:25.423977Z,4,NVIDIA L20Z,4,81559,0,30,71.25
2026-09-15T13:08:25.423977Z,5,NVIDIA L20Z,4,81559,0,33,69.96
2026-09-15T13:08:25.423977Z,6,NVIDIA L20Z,72048,81559,54,48,305.94
2026-09-15T13:08:25.423977Z,7,NVIDIA L20Z,71408,81559,61,57,295.61
2026-09-15T13:08:30.724472Z,0,NVIDIA L20Z,4,81559,0,32,69.97
2026-09-15T13:08:30.724472Z,1,NVIDIA L20Z,4,81559,0,30,69.83
2026-09-15T13:08:30.724472Z,2,NVIDIA L20Z,4,81559,0,34,70.94
2026-09-15T13:08:30.724472Z,3,NVIDIA L20Z,4,81559,0,32,73.39
2026-09-15T13:08:30.724472Z,4,NVIDIA L20Z,4,81559,0,30,71.21
2026-09-15T13:08:30.724472Z,5,NVIDIA L20Z,4,81559,0,34,120.81
2026-09-15T13:08:30.724472Z,6,NVIDIA L20Z,72048,81559,91,52,362.56
2026-09-15T13:08:30.724472Z,7,NVIDIA L20Z,71408,81559,38,56,277.82
2026-09-15T13:08:35.946235Z,0,NVIDIA L20Z,4,81559,0,32,69.98
2026-09-15T13:08:35.946235Z,1,NVIDIA L20Z,4,81559,0,30,69.86
2026-09-15T13:08:35.946235Z,2,NVIDIA L20Z,4,81559,0,33,70.95
2026-09-15T13:08:35.946235Z,3,NVIDIA L20Z,4,81559,0,32,73.41
2026-09-15T13:08:35.946235Z,4,NVIDIA L20Z,4,81559,0,30,71.17
2026-09-15T13:08:35.946235Z,5,NVIDIA L20Z,4,81559,0,33,70.04
2026-09-15T13:08:35.946235Z,6,NVIDIA L20Z,72048,81559,83,51,311.96
2026-09-15T13:08:35.946235Z,7,NVIDIA L20Z,71408,81559,84,59,340.46
2026-09-15T13:08:41.107305Z,0,NVIDIA L20Z,4,81559,0,32,69.97
2026-09-15T13:08:41.107305Z,1,NVIDIA L20Z,4,81559,0,30,69.88
2026-09-15T13:08:41.107305Z,2,NVIDIA L20Z,4,81559,0,33,71.10
2026-09-15T13:08:41.107305Z,3,NVIDIA L20Z,4,81559,0,32,73.40
2026-09-15T13:08:41.107305Z,4,NVIDIA L20Z,4,81559,0,30,71.27
2026-09-15T13:08:41.107305Z,5,NVIDIA L20Z,4,81559,0,33,70.06
2026-09-15T13:08:41.107305Z,6,NVIDIA L20Z,72048,81559,58,49,343.36
2026-09-15T13:08:41.107305Z,7,NVIDIA L20Z,71408,81559,82,58,366.25
2026-09-15T13:08:46.269628Z,0,NVIDIA L20Z,4,81559,0,32,69.96
2026-09-15T13:08:46.269628Z,1,NVIDIA L20Z,4,81559,0,30,69.92
2026-09-15T13:08:46.269628Z,2,NVIDIA L20Z,4,81559,0,33,70.87
2026-09-15T13:08:46.269628Z,3,NVIDIA L20Z,4,81559,0,32,73.38
2026-09-15T13:08:46.269628Z,4,NVIDIA L20Z,4,81559,0,30,71.28
2026-09-15T13:08:46.269628Z,5,NVIDIA L20Z,4,81559,0,33,70.03
2026-09-15T13:08:46.269628Z,6,NVIDIA L20Z,72048,81559,85,51,324.45
2026-09-15T13:08:46.269628Z,7,NVIDIA L20Z,71408,81559,54,59,356.55
2026-09-15T13:08:51.429973Z,0,NVIDIA L20Z,4,81559,0,32,69.96
2026-09-15T13:08:51.429973Z,1,NVIDIA L20Z,4,81559,0,30,69.90
2026-09-15T13:08:51.429973Z,2,NVIDIA L20Z,4,81559,0,33,71.07
2026-09-15T13:08:51.429973Z,3,NVIDIA L20Z,4,81559,0,32,73.38
2026-09-15T13:08:51.429973Z,4,NVIDIA L20Z,4,81559,0,30,71.13
2026-09-15T13:08:51.429973Z,5,NVIDIA L20Z,4,81559,0,33,69.94
2026-09-15T13:08:51.429973Z,6,NVIDIA L20Z,72048,81559,0,46,242.69
2026-09-15T13:08:51.429973Z,7,NVIDIA L20Z,71408,81559,0,54,246.19
2026-09-15T13:08:56.736072Z,0,NVIDIA L20Z,4,81559,0,32,69.94
2026-09-15T13:08:56.736072Z,1,NVIDIA L20Z,4,81559,0,30,69.89
2026-09-15T13:08:56.736072Z,2,NVIDIA L20Z,4,81559,0,33,71.13
2026-09-15T13:08:56.736072Z,3,NVIDIA L20Z,4,81559,0,32,73.33
2026-09-15T13:08:56.736072Z,4,NVIDIA L20Z,4,81559,0,30,71.07
2026-09-15T13:08:56.736072Z,5,NVIDIA L20Z,4,81559,0,33,69.97
2026-09-15T13:08:56.736072Z,6,NVIDIA L20Z,72048,81559,56,47,319.64
2026-09-15T13:08:56.736072Z,7,NVIDIA L20Z,71408,81559,11,56,351.07
2026-09-15T13:09:01.898661Z,0,NVIDIA L20Z,4,81559,0,32,69.93
2026-09-15T13:09:01.898661Z,1,NVIDIA L20Z,4,81559,0,30,69.83
2026-09-15T13:09:01.898661Z,2,NVIDIA L20Z,4,81559,0,33,70.93
2026-09-15T13:09:01.898661Z,3,NVIDIA L20Z,4,81559,0,32,73.33
2026-09-15T13:09:01.898661Z,4,NVIDIA L20Z,4,81559,0,30,71.24
2026-09-15T13:09:01.898661Z,5,NVIDIA L20Z,4,81559,0,33,70.03
2026-09-15T13:09:01.898661Z,6,NVIDIA L20Z,72048,81559,11,49,285.61
2026-09-15T13:09:01.898661Z,7,NVIDIA L20Z,71408,81559,72,55,315.54
2026-09-15T13:09:07.064575Z,0,NVIDIA L20Z,4,81559,0,32,69.99
2026-09-15T13:09:07.064575Z,1,NVIDIA L20Z,4,81559,0,30,69.84
2026-09-15T13:09:07.064575Z,2,NVIDIA L20Z,4,81559,0,33,71.08
2026-09-15T13:09:07.064575Z,3,NVIDIA L20Z,4,81559,0,32,73.36
2026-09-15T13:09:07.064575Z,4,NVIDIA L20Z,4,81559,0,30,71.27
2026-09-15T13:09:07.064575Z,5,NVIDIA L20Z,4,81559,0,33,70.00
2026-09-15T13:09:07.064575Z,6,NVIDIA L20Z,72048,81559,82,51,339.39
2026-09-15T13:09:07.064575Z,7,NVIDIA L20Z,71408,81559,83,58,348.40
2026-09-15T13:09:12.220553Z,0,NVIDIA L20Z,4,81559,0,32,69.99
2026-09-15T13:09:12.220553Z,1,NVIDIA L20Z,4,81559,0,30,69.84
2026-09-15T13:09:12.220553Z,2,NVIDIA L20Z,4,81559,0,33,71.08
2026-09-15T13:09:12.220553Z,3,NVIDIA L20Z,4,81559,0,32,73.37
2026-09-15T13:09:12.220553Z,4,NVIDIA L20Z,4,81559,0,30,71.32
2026-09-15T13:09:12.220553Z,5,NVIDIA L20Z,4,81559,0,33,70.06
2026-09-15T13:09:12.220553Z,6,NVIDIA L20Z,72048,81559,33,49,291.36
2026-09-15T13:09:12.220553Z,7,NVIDIA L20Z,71408,81559,72,58,352.27
2026-09-15T13:09:17.387046Z,0,NVIDIA L20Z,4,81559,0,32,69.96
2026-09-15T13:09:17.387046Z,1,NVIDIA L20Z,4,81559,0,30,69.84
2026-09-15T13:09:17.387046Z,2,NVIDIA L20Z,4,81559,0,33,71.05
2026-09-15T13:09:17.387046Z,3,NVIDIA L20Z,4,81559,0,32,73.37
2026-09-15T13:09:17.387046Z,4,NVIDIA L20Z,4,81559,0,30,71.26
2026-09-15T13:09:17.387046Z,5,NVIDIA L20Z,4,81559,0,33,70.02
2026-09-15T13:09:17.387046Z,6,NVIDIA L20Z,72048,81559,84,50,352.95
2026-09-15T13:09:17.387046Z,7,NVIDIA L20Z,71408,81559,84,58,374.62
2026-09-15T13:09:22.551070Z,0,NVIDIA L20Z,4,81559,0,32,69.91
2026-09-15T13:09:22.551070Z,1,NVIDIA L20Z,4,81559,0,30,69.88
2026-09-15T13:09:22.551070Z,2,NVIDIA L20Z,4,81559,0,33,70.93
2026-09-15T13:09:22.551070Z,3,NVIDIA L20Z,4,81559,0,32,73.37
2026-09-15T13:09:22.551070Z,4,NVIDIA L20Z,4,81559,0,30,71.24
2026-09-15T13:09:22.551070Z,5,NVIDIA L20Z,4,81559,0,33,69.96
2026-09-15T13:09:22.551070Z,6,NVIDIA L20Z,72048,81559,31,49,306.89
2026-09-15T13:09:22.551070Z,7,NVIDIA L20Z,71408,81559,4,57,361.69
2026-09-15T13:09:27.714684Z,0,NVIDIA L20Z,4,81559,0,32,69.92
2026-09-15T13:09:27.714684Z,1,NVIDIA L20Z,4,81559,0,30,69.88
2026-09-15T13:09:27.714684Z,2,NVIDIA L20Z,4,81559,0,33,71.24
2026-09-15T13:09:27.714684Z,3,NVIDIA L20Z,4,81559,0,32,73.36
2026-09-15T13:09:27.714684Z,4,NVIDIA L20Z,4,81559,0,30,71.26
2026-09-15T13:09:27.714684Z,5,NVIDIA L20Z,4,81559,0,33,69.91
2026-09-15T13:09:27.714684Z,6,NVIDIA L20Z,72048,81559,42,48,303.33
2026-09-15T13:09:27.714684Z,7,NVIDIA L20Z,71408,81559,61,56,341.15
2026-09-15T13:09:32.912007Z,0,NVIDIA L20Z,4,81559,0,32,69.89
2026-09-15T13:09:32.912007Z,1,NVIDIA L20Z,4,81559,0,30,69.85
2026-09-15T13:09:32.912007Z,2,NVIDIA L20Z,4,81559,0,33,71.32
2026-09-15T13:09:32.912007Z,3,NVIDIA L20Z,4,81559,0,32,73.37
2026-09-15T13:09:32.912007Z,4,NVIDIA L20Z,4,81559,0,30,71.34
2026-09-15T13:09:32.912007Z,5,NVIDIA L20Z,4,81559,0,33,69.91
2026-09-15T13:09:32.912007Z,6,NVIDIA L20Z,72048,81559,39,49,337.68
2026-09-15T13:09:32.912007Z,7,NVIDIA L20Z,71408,81559,82,58,370.86
2026-09-15T13:09:38.071795Z,0,NVIDIA L20Z,4,81559,0,32,69.99
2026-09-15T13:09:38.071795Z,1,NVIDIA L20Z,4,81559,0,31,120.72
2026-09-15T13:09:38.071795Z,2,NVIDIA L20Z,4,81559,0,33,71.31
2026-09-15T13:09:38.071795Z,3,NVIDIA L20Z,4,81559,0,32,73.29
2026-09-15T13:09:38.071795Z,4,NVIDIA L20Z,4,81559,0,30,71.33
2026-09-15T13:09:38.071795Z,5,NVIDIA L20Z,4,81559,0,33,70.00
2026-09-15T13:09:38.071795Z,6,NVIDIA L20Z,72048,81559,34,48,323.30
2026-09-15T13:09:38.071795Z,7,NVIDIA L20Z,71408,81559,84,58,359.08
2026-09-15T13:09:43.525926Z,0,NVIDIA L20Z,531,81559,0,33,119.10
2026-09-15T13:09:43.525926Z,1,NVIDIA L20Z,4,81559,0,30,69.90
2026-09-15T13:09:43.525926Z,2,NVIDIA L20Z,4,81559,0,33,71.44
2026-09-15T13:09:43.525926Z,3,NVIDIA L20Z,4,81559,0,34,126.24
2026-09-15T13:09:43.525926Z,4,NVIDIA L20Z,4,81559,0,30,71.23
2026-09-15T13:09:43.525926Z,5,NVIDIA L20Z,4,81559,0,33,70.11
2026-09-15T13:09:43.525926Z,6,NVIDIA L20Z,72048,81559,21,47,344.13
2026-09-15T13:09:43.525926Z,7,NVIDIA L20Z,71408,81559,71,56,356.98
2026-09-15T13:09:48.810689Z,0,NVIDIA L20Z,4,81559,0,32,70.07
2026-09-15T13:09:48.810689Z,1,NVIDIA L20Z,4,81559,0,31,120.72
2026-09-15T13:09:48.810689Z,2,NVIDIA L20Z,23,81559,0,34,80.16
2026-09-15T13:09:48.810689Z,3,NVIDIA L20Z,4,81559,0,32,73.43
2026-09-15T13:09:48.810689Z,4,NVIDIA L20Z,4,81559,0,30,71.15
2026-09-15T13:09:48.810689Z,5,NVIDIA L20Z,4,81559,0,33,103.32
2026-09-15T13:09:48.810689Z,6,NVIDIA L20Z,72087,81559,84,50,316.27
2026-09-15T13:09:48.810689Z,7,NVIDIA L20Z,71408,81559,84,59,359.47
2026-09-15T13:09:54.264267Z,0,NVIDIA L20Z,4,81559,0,32,70.08
2026-09-15T13:09:54.264267Z,1,NVIDIA L20Z,4,81559,0,30,74.80
2026-09-15T13:09:54.264267Z,2,NVIDIA L20Z,4,81559,0,35,125.39
2026-09-15T13:09:54.264267Z,3,NVIDIA L20Z,4,81559,0,33,90.89
2026-09-15T13:09:54.264267Z,4,NVIDIA L20Z,4,81559,0,30,71.14
2026-09-15T13:09:54.264267Z,5,NVIDIA L20Z,4,81559,0,33,70.05
2026-09-15T13:09:54.264267Z,6,NVIDIA L20Z,72048,81559,85,50,350.46
2026-09-15T13:09:54.264267Z,7,NVIDIA L20Z,71408,81559,73,58,354.49
2026-09-15T13:09:59.692940Z,0,NVIDIA L20Z,4,81559,0,32,70.01
2026-09-15T13:09:59.692940Z,1,NVIDIA L20Z,4,81559,0,30,69.93
2026-09-15T13:09:59.692940Z,2,NVIDIA L20Z,4,81559,0,34,70.98
2026-09-15T13:09:59.692940Z,3,NVIDIA L20Z,4,81559,0,34,125.91
2026-09-15T13:09:59.692940Z,4,NVIDIA L20Z,4,81559,0,32,123.88
2026-09-15T13:09:59.692940Z,5,NVIDIA L20Z,4,81559,0,35,104.68
2026-09-15T13:09:59.692940Z,6,NVIDIA L20Z,72048,81559,85,50,331.47
2026-09-15T13:09:59.692940Z,7,NVIDIA L20Z,71408,81559,83,58,341.30
2026-09-15T13:10:05.044274Z,0,NVIDIA L20Z,4,81559,0,32,69.97
2026-09-15T13:10:05.044274Z,1,NVIDIA L20Z,4,81559,0,30,69.93
2026-09-15T13:10:05.044274Z,2,NVIDIA L20Z,4,81559,0,34,70.89
2026-09-15T13:10:05.044274Z,3,NVIDIA L20Z,4,81559,0,32,73.50
2026-09-15T13:10:05.044274Z,4,NVIDIA L20Z,4,81559,0,30,71.32
2026-09-15T13:10:05.044274Z,5,NVIDIA L20Z,4,81559,0,33,70.11
2026-09-15T13:10:05.044274Z,6,NVIDIA L20Z,72048,81559,73,49,341.12
2026-09-15T13:10:05.044274Z,7,NVIDIA L20Z,71408,81559,30,55,303.30
2026-09-15T13:10:10.199745Z,0,NVIDIA L20Z,4,81559,0,32,69.98
2026-09-15T13:10:10.199745Z,1,NVIDIA L20Z,4,81559,0,30,69.94
2026-09-15T13:10:10.199745Z,2,NVIDIA L20Z,4,81559,0,34,70.92
2026-09-15T13:10:10.199745Z,3,NVIDIA L20Z,4,81559,0,32,73.44
2026-09-15T13:10:10.199745Z,4,NVIDIA L20Z,4,81559,0,30,71.27
2026-09-15T13:10:10.199745Z,5,NVIDIA L20Z,4,81559,0,33,70.06
2026-09-15T13:10:10.199745Z,6,NVIDIA L20Z,72052,81559,38,50,362.68
2026-09-15T13:10:10.199745Z,7,NVIDIA L20Z,71408,81559,89,58,369.71
2026-09-15T13:10:15.416757Z,0,NVIDIA L20Z,4,81559,0,32,69.92
2026-09-15T13:10:15.416757Z,1,NVIDIA L20Z,4,81559,0,30,69.88
2026-09-15T13:10:15.416757Z,2,NVIDIA L20Z,4,81559,0,34,70.94
2026-09-15T13:10:15.416757Z,3,NVIDIA L20Z,4,81559,0,32,73.45
2026-09-15T13:10:15.416757Z,4,NVIDIA L20Z,4,81559,0,30,71.22
2026-09-15T13:10:15.416757Z,5,NVIDIA L20Z,4,81559,0,33,70.09
2026-09-15T13:10:15.416757Z,6,NVIDIA L20Z,72052,81559,78,48,365.66
2026-09-15T13:10:15.416757Z,7,NVIDIA L20Z,71408,81559,80,55,343.18
2026-09-15T13:10:20.574713Z,0,NVIDIA L20Z,4,81559,0,32,69.95
2026-09-15T13:10:20.574713Z,1,NVIDIA L20Z,4,81559,0,30,69.89
2026-09-15T13:10:20.574713Z,2,NVIDIA L20Z,4,81559,0,33,70.96
2026-09-15T13:10:20.574713Z,3,NVIDIA L20Z,4,81559,0,32,73.39
2026-09-15T13:10:20.574713Z,4,NVIDIA L20Z,4,81559,0,30,71.26
2026-09-15T13:10:20.574713Z,5,NVIDIA L20Z,4,81559,0,33,70.07
2026-09-15T13:10:20.574713Z,6,NVIDIA L20Z,72052,81559,81,51,368.98
2026-09-15T13:10:20.574713Z,7,NVIDIA L20Z,71408,81559,81,57,345.46
2026-09-15T13:10:25.735874Z,0,NVIDIA L20Z,4,81559,0,32,69.96
2026-09-15T13:10:25.735874Z,1,NVIDIA L20Z,4,81559,0,30,69.90
2026-09-15T13:10:25.735874Z,2,NVIDIA L20Z,4,81559,0,33,70.94
2026-09-15T13:10:25.735874Z,3,NVIDIA L20Z,4,81559,0,32,73.33
2026-09-15T13:10:25.735874Z,4,NVIDIA L20Z,4,81559,0,30,71.32
2026-09-15T13:10:25.735874Z,5,NVIDIA L20Z,4,81559,0,33,70.03
2026-09-15T13:10:25.735874Z,6,NVIDIA L20Z,72052,81559,70,51,388.14
2026-09-15T13:10:25.735874Z,7,NVIDIA L20Z,71408,81559,42,56,339.59
2026-09-15T13:10:30.952322Z,0,NVIDIA L20Z,4,81559,0,32,69.99
2026-09-15T13:10:30.952322Z,1,NVIDIA L20Z,4,81559,0,30,69.82
2026-09-15T13:10:30.952322Z,2,NVIDIA L20Z,4,81559,0,33,70.91
2026-09-15T13:10:30.952322Z,3,NVIDIA L20Z,4,81559,0,32,73.37
2026-09-15T13:10:30.952322Z,4,NVIDIA L20Z,4,81559,0,30,71.28
2026-09-15T13:10:30.952322Z,5,NVIDIA L20Z,4,81559,0,33,70.05
2026-09-15T13:10:30.952322Z,6,NVIDIA L20Z,72052,81559,85,49,338.57
2026-09-15T13:10:30.952322Z,7,NVIDIA L20Z,71408,81559,29,55,322.01
2026-09-15T13:10:36.291929Z,0,NVIDIA L20Z,4,81559,0,32,69.93
2026-09-15T13:10:36.291929Z,1,NVIDIA L20Z,4,81559,0,30,69.81
2026-09-15T13:10:36.291929Z,2,NVIDIA L20Z,4,81559,0,33,70.89
2026-09-15T13:10:36.291929Z,3,NVIDIA L20Z,4,81559,0,32,73.35
2026-09-15T13:10:36.291929Z,4,NVIDIA L20Z,4,81559,0,30,71.27
2026-09-15T13:10:36.291929Z,5,NVIDIA L20Z,4,81559,0,33,70.06
2026-09-15T13:10:36.291929Z,6,NVIDIA L20Z,72052,81559,80,51,382.36
2026-09-15T13:10:36.291929Z,7,NVIDIA L20Z,71408,81559,33,56,333.63
2026-09-15T13:10:41.592749Z,0,NVIDIA L20Z,4,81559,0,32,69.96
2026-09-15T13:10:41.592749Z,1,NVIDIA L20Z,4,81559,0,30,69.85
2026-09-15T13:10:41.592749Z,2,NVIDIA L20Z,4,81559,0,33,70.87
2026-09-15T13:10:41.592749Z,3,NVIDIA L20Z,4,81559,0,32,73.42
2026-09-15T13:10:41.592749Z,4,NVIDIA L20Z,4,81559,0,30,71.30
2026-09-15T13:10:41.592749Z,5,NVIDIA L20Z,4,81559,0,33,70.02
2026-09-15T13:10:41.592749Z,6,NVIDIA L20Z,72052,81559,0,45,129.67
2026-09-15T13:10:41.592749Z,7,NVIDIA L20Z,71408,81559,0,52,125.76
2026-09-15T13:10:46.747493Z,0,NVIDIA L20Z,4,81559,0,32,69.92
2026-09-15T13:10:46.747493Z,1,NVIDIA L20Z,4,81559,0,30,69.81
2026-09-15T13:10:46.747493Z,2,NVIDIA L20Z,4,81559,0,33,70.86
2026-09-15T13:10:46.747493Z,3,NVIDIA L20Z,4,81559,0,32,73.39
2026-09-15T13:10:46.747493Z,4,NVIDIA L20Z,4,81559,0,30,71.26
2026-09-15T13:10:46.747493Z,5,NVIDIA L20Z,4,81559,0,33,69.96
2026-09-15T13:10:46.747493Z,6,NVIDIA L20Z,72052,81559,0,44,128.37
2026-09-15T13:10:46.747493Z,7,NVIDIA L20Z,71408,81559,0,50,124.62
2026-09-15T13:10:51.912530Z,0,NVIDIA L20Z,4,81559,0,32,69.97
2026-09-15T13:10:51.912530Z,1,NVIDIA L20Z,4,81559,0,30,69.85
2026-09-15T13:10:51.912530Z,2,NVIDIA L20Z,4,81559,0,33,70.82
2026-09-15T13:10:51.912530Z,3,NVIDIA L20Z,4,81559,0,32,73.44
2026-09-15T13:10:51.912530Z,4,NVIDIA L20Z,4,81559,0,30,71.21
2026-09-15T13:10:51.912530Z,5,NVIDIA L20Z,4,81559,0,33,69.98
2026-09-15T13:10:51.912530Z,6,NVIDIA L20Z,72052,81559,0,43,127.61
2026-09-15T13:10:51.912530Z,7,NVIDIA L20Z,71408,81559,0,49,123.92
2026-09-15T13:10:57.691379Z,0,NVIDIA L20Z,4,81559,0,32,69.97
2026-09-15T13:10:57.691379Z,1,NVIDIA L20Z,4,81559,0,30,70.00
2026-09-15T13:10:57.691379Z,2,NVIDIA L20Z,4,81559,0,35,125.20
2026-09-15T13:10:57.691379Z,3,NVIDIA L20Z,4,81559,0,32,73.40
2026-09-15T13:10:57.691379Z,4,NVIDIA L20Z,4,81559,0,30,71.23
2026-09-15T13:10:57.691379Z,5,NVIDIA L20Z,4,81559,0,33,69.95
2026-09-15T13:10:57.691379Z,6,NVIDIA L20Z,72052,81559,0,42,126.49
2026-09-15T13:10:57.691379Z,7,NVIDIA L20Z,71408,81559,0,48,122.68
2026-09-15T13:11:02.951295Z,0,NVIDIA L20Z,4,81559,0,32,69.98
2026-09-15T13:11:02.951295Z,1,NVIDIA L20Z,4,81559,0,30,69.92
2026-09-15T13:11:02.951295Z,2,NVIDIA L20Z,4,81559,0,34,71.19
2026-09-15T13:11:02.951295Z,3,NVIDIA L20Z,4,81559,0,32,73.47
2026-09-15T13:11:02.951295Z,4,NVIDIA L20Z,4,81559,0,30,71.10
2026-09-15T13:11:02.951295Z,5,NVIDIA L20Z,4,81559,0,34,110.53
2026-09-15T13:11:02.951295Z,6,NVIDIA L20Z,72052,81559,0,42,126.61
2026-09-15T13:11:02.951295Z,7,NVIDIA L20Z,71408,81559,0,47,122.16
2026-09-15T13:11:08.203742Z,0,NVIDIA L20Z,4,81559,0,32,69.98
2026-09-15T13:11:08.203742Z,1,NVIDIA L20Z,4,81559,0,30,69.88
2026-09-15T13:11:08.203742Z,2,NVIDIA L20Z,4,81559,0,33,71.15
2026-09-15T13:11:08.203742Z,3,NVIDIA L20Z,4,81559,0,32,73.41
2026-09-15T13:11:08.203742Z,4,NVIDIA L20Z,4,81559,0,30,71.06
2026-09-15T13:11:08.203742Z,5,NVIDIA L20Z,4,81559,0,33,69.98
2026-09-15T13:11:08.203742Z,6,NVIDIA L20Z,72052,81559,0,41,129.72
2026-09-15T13:11:08.203742Z,7,NVIDIA L20Z,71408,81559,0,47,125.97
2026-09-15T13:11:13.356344Z,0,NVIDIA L20Z,4,81559,0,32,69.99
2026-09-15T13:11:13.356344Z,1,NVIDIA L20Z,4,81559,0,30,69.88
2026-09-15T13:11:13.356344Z,2,NVIDIA L20Z,4,81559,0,33,71.15
2026-09-15T13:11:13.356344Z,3,NVIDIA L20Z,4,81559,0,32,73.40
2026-09-15T13:11:13.356344Z,4,NVIDIA L20Z,4,81559,0,30,71.28
2026-09-15T13:11:13.356344Z,5,NVIDIA L20Z,4,81559,0,33,70.01
2026-09-15T13:11:13.356344Z,6,NVIDIA L20Z,72052,81559,0,40,129.39
2026-09-15T13:11:13.356344Z,7,NVIDIA L20Z,71408,81559,0,46,125.53
2026-09-15T13:11:18.514228Z,0,NVIDIA L20Z,4,81559,0,32,69.97
2026-09-15T13:11:18.514228Z,1,NVIDIA L20Z,4,81559,0,30,69.84
2026-09-15T13:11:18.514228Z,2,NVIDIA L20Z,4,81559,0,33,71.31
2026-09-15T13:11:18.514228Z,3,NVIDIA L20Z,4,81559,0,32,73.39
2026-09-15T13:11:18.514228Z,4,NVIDIA L20Z,4,81559,0,30,71.25
2026-09-15T13:11:18.514228Z,5,NVIDIA L20Z,4,81559,0,33,69.99
2026-09-15T13:11:18.514228Z,6,NVIDIA L20Z,72052,81559,0,40,129.02
2026-09-15T13:11:18.514228Z,7,NVIDIA L20Z,71408,81559,0,45,123.85
2026-09-15T13:11:23.673471Z,0,NVIDIA L20Z,4,81559,0,32,69.95
2026-09-15T13:11:23.673471Z,1,NVIDIA L20Z,4,81559,0,30,69.82
2026-09-15T13:11:23.673471Z,2,NVIDIA L20Z,4,81559,0,33,71.28
2026-09-15T13:11:23.673471Z,3,NVIDIA L20Z,4,81559,0,32,73.37
2026-09-15T13:11:23.673471Z,4,NVIDIA L20Z,4,81559,0,30,71.24
2026-09-15T13:11:23.673471Z,5,NVIDIA L20Z,4,81559,0,33,70.04
2026-09-15T13:11:23.673471Z,6,NVIDIA L20Z,72052,81559,0,41,147.99
2026-09-15T13:11:23.673471Z,7,NVIDIA L20Z,71408,81559,4,47,151.23
2026-09-15T13:11:28.881515Z,0,NVIDIA L20Z,4,81559,0,32,69.96
2026-09-15T13:11:28.881515Z,1,NVIDIA L20Z,4,81559,0,30,69.86
2026-09-15T13:11:28.881515Z,2,NVIDIA L20Z,4,81559,0,33,71.25
2026-09-15T13:11:28.881515Z,3,NVIDIA L20Z,4,81559,0,32,73.38
2026-09-15T13:11:28.881515Z,4,NVIDIA L20Z,4,81559,0,30,71.25
2026-09-15T13:11:28.881515Z,5,NVIDIA L20Z,4,81559,0,33,70.00
2026-09-15T13:11:28.881515Z,6,NVIDIA L20Z,72052,81559,0,39,124.21
2026-09-15T13:11:28.881515Z,7,NVIDIA L20Z,71408,81559,0,44,119.76
2026-09-15T13:11:34.048943Z,0,NVIDIA L20Z,4,81559,0,32,69.93
2026-09-15T13:11:34.048943Z,1,NVIDIA L20Z,4,81559,0,30,69.85
2026-09-15T13:11:34.048943Z,2,NVIDIA L20Z,4,81559,0,33,71.12
2026-09-15T13:11:34.048943Z,3,NVIDIA L20Z,4,81559,0,32,73.36
2026-09-15T13:11:34.048943Z,4,NVIDIA L20Z,4,81559,0,30,71.26
2026-09-15T13:11:34.048943Z,5,NVIDIA L20Z,4,81559,0,33,69.97
2026-09-15T13:11:34.048943Z,6,NVIDIA L20Z,72052,81559,0,39,123.95
2026-09-15T13:11:34.048943Z,7,NVIDIA L20Z,71408,81559,0,43,124.24
2026-09-15T13:11:39.211537Z,0,NVIDIA L20Z,4,81559,0,32,69.90
2026-09-15T13:11:39.211537Z,1,NVIDIA L20Z,4,81559,0,30,69.82
2026-09-15T13:11:39.211537Z,2,NVIDIA L20Z,4,81559,0,33,71.31
2026-09-15T13:11:39.211537Z,3,NVIDIA L20Z,4,81559,0,32,73.29
2026-09-15T13:11:39.211537Z,4,NVIDIA L20Z,4,81559,0,30,71.29
2026-09-15T13:11:39.211537Z,5,NVIDIA L20Z,4,81559,0,33,69.94
2026-09-15T13:11:39.211537Z,6,NVIDIA L20Z,72052,81559,25,44,332.15
2026-09-15T13:11:39.211537Z,7,NVIDIA L20Z,71408,81559,54,49,312.66
2026-09-15T13:11:44.380472Z,0,NVIDIA L20Z,4,81559,0,32,69.92
2026-09-15T13:11:44.380472Z,1,NVIDIA L20Z,4,81559,0,30,69.86
2026-09-15T13:11:44.380472Z,2,NVIDIA L20Z,4,81559,0,33,71.11
2026-09-15T13:11:44.380472Z,3,NVIDIA L20Z,4,81559,0,32,73.29
2026-09-15T13:11:44.380472Z,4,NVIDIA L20Z,4,81559,0,30,71.24
2026-09-15T13:11:44.380472Z,5,NVIDIA L20Z,4,81559,0,33,69.94
2026-09-15T13:11:44.380472Z,6,NVIDIA L20Z,72052,81559,56,45,348.43
2026-09-15T13:11:44.380472Z,7,NVIDIA L20Z,71408,81559,38,50,301.15
2026-09-15T13:11:49.536914Z,0,NVIDIA L20Z,4,81559,0,32,69.93
2026-09-15T13:11:49.536914Z,1,NVIDIA L20Z,4,81559,0,30,69.83
2026-09-15T13:11:49.536914Z,2,NVIDIA L20Z,4,81559,0,33,71.14
2026-09-15T13:11:49.536914Z,3,NVIDIA L20Z,4,81559,0,32,73.29
2026-09-15T13:11:49.536914Z,4,NVIDIA L20Z,4,81559,0,30,71.25
2026-09-15T13:11:49.536914Z,5,NVIDIA L20Z,4,81559,0,33,69.94
2026-09-15T13:11:49.536914Z,6,NVIDIA L20Z,72052,81559,32,44,283.82
2026-09-15T13:11:49.536914Z,7,NVIDIA L20Z,71408,81559,51,49,272.55
2026-09-15T13:11:54.698037Z,0,NVIDIA L20Z,4,81559,0,32,69.91
2026-09-15T13:11:54.698037Z,1,NVIDIA L20Z,4,81559,0,30,69.80
2026-09-15T13:11:54.698037Z,2,NVIDIA L20Z,4,81559,0,33,71.11
2026-09-15T13:11:54.698037Z,3,NVIDIA L20Z,4,81559,0,32,73.29
2026-09-15T13:11:54.698037Z,4,NVIDIA L20Z,4,81559,0,30,71.22
2026-09-15T13:11:54.698037Z,5,NVIDIA L20Z,4,81559,0,33,69.88
2026-09-15T13:11:54.698037Z,6,NVIDIA L20Z,72052,81559,51,47,336.93
2026-09-15T13:11:54.698037Z,7,NVIDIA L20Z,71408,81559,56,51,288.69
2026-09-15T13:11:59.860683Z,0,NVIDIA L20Z,4,81559,0,32,69.92
2026-09-15T13:11:59.860683Z,1,NVIDIA L20Z,4,81559,0,30,69.78
2026-09-15T13:11:59.860683Z,2,NVIDIA L20Z,4,81559,0,33,71.09
2026-09-15T13:11:59.860683Z,3,NVIDIA L20Z,4,81559,0,32,73.33
2026-09-15T13:11:59.860683Z,4,NVIDIA L20Z,4,81559,0,30,71.21
2026-09-15T13:11:59.860683Z,5,NVIDIA L20Z,4,81559,0,33,69.89
2026-09-15T13:11:59.860683Z,6,NVIDIA L20Z,72052,81559,65,47,330.59
2026-09-15T13:11:59.860683Z,7,NVIDIA L20Z,71408,81559,81,52,318.83
2026-09-15T13:12:05.019697Z,0,NVIDIA L20Z,4,81559,0,32,69.89
2026-09-15T13:12:05.019697Z,1,NVIDIA L20Z,4,81559,0,30,69.77
2026-09-15T13:12:05.019697Z,2,NVIDIA L20Z,4,81559,0,33,71.09
2026-09-15T13:12:05.019697Z,3,NVIDIA L20Z,4,81559,0,32,73.28
2026-09-15T13:12:05.019697Z,4,NVIDIA L20Z,4,81559,0,30,71.22
2026-09-15T13:12:05.019697Z,5,NVIDIA L20Z,4,81559,0,33,69.94
2026-09-15T13:12:05.019697Z,6,NVIDIA L20Z,72052,81559,83,48,377.09
2026-09-15T13:12:05.019697Z,7,NVIDIA L20Z,71408,81559,85,53,325.46
2026-09-15T13:12:10.186934Z,0,NVIDIA L20Z,4,81559,0,32,69.95
2026-09-15T13:12:10.186934Z,1,NVIDIA L20Z,4,81559,0,30,83.93
2026-09-15T13:12:10.186934Z,2,NVIDIA L20Z,4,81559,0,35,125.08
2026-09-15T13:12:10.186934Z,3,NVIDIA L20Z,4,81559,0,32,73.33
2026-09-15T13:12:10.186934Z,4,NVIDIA L20Z,4,81559,0,30,71.21
2026-09-15T13:12:10.186934Z,5,NVIDIA L20Z,4,81559,0,33,69.97
2026-09-15T13:12:10.186934Z,6,NVIDIA L20Z,72052,81559,17,46,332.52
2026-09-15T13:12:10.186934Z,7,NVIDIA L20Z,71408,81559,11,49,305.60
2026-09-15T13:12:15.458737Z,0,NVIDIA L20Z,4,81559,0,32,69.95
2026-09-15T13:12:15.458737Z,1,NVIDIA L20Z,4,81559,0,30,69.86
2026-09-15T13:12:15.458737Z,2,NVIDIA L20Z,4,81559,0,33,71.19
2026-09-15T13:12:15.458737Z,3,NVIDIA L20Z,4,81559,0,32,73.40
2026-09-15T13:12:15.458737Z,4,NVIDIA L20Z,4,81559,0,30,71.20
2026-09-15T13:12:15.458737Z,5,NVIDIA L20Z,4,81559,0,34,124.44
2026-09-15T13:12:15.458737Z,6,NVIDIA L20Z,72052,81559,90,47,368.54
2026-09-15T13:12:15.458737Z,7,NVIDIA L20Z,71408,81559,47,53,319.72
2026-09-15T13:12:20.684648Z,0,NVIDIA L20Z,4,81559,0,32,69.93
2026-09-15T13:12:20.684648Z,1,NVIDIA L20Z,4,81559,0,30,69.88
2026-09-15T13:12:20.684648Z,2,NVIDIA L20Z,4,81559,0,33,71.16
2026-09-15T13:12:20.684648Z,3,NVIDIA L20Z,4,81559,0,32,73.35
2026-09-15T13:12:20.684648Z,4,NVIDIA L20Z,4,81559,0,30,71.27
2026-09-15T13:12:20.684648Z,5,NVIDIA L20Z,4,81559,0,33,69.91
2026-09-15T13:12:20.684648Z,6,NVIDIA L20Z,72052,81559,76,49,356.61
2026-09-15T13:12:20.684648Z,7,NVIDIA L20Z,71408,81559,39,51,279.83
2026-09-15T13:12:25.872389Z,0,NVIDIA L20Z,4,81559,0,32,69.96
2026-09-15T13:12:25.872389Z,1,NVIDIA L20Z,4,81559,0,30,69.85
2026-09-15T13:12:25.872389Z,2,NVIDIA L20Z,4,81559,0,33,71.10
2026-09-15T13:12:25.872389Z,3,NVIDIA L20Z,4,81559,0,32,73.32
2026-09-15T13:12:25.872389Z,4,NVIDIA L20Z,4,81559,0,30,71.30
2026-09-15T13:12:25.872389Z,5,NVIDIA L20Z,4,81559,0,33,69.91
2026-09-15T13:12:25.872389Z,6,NVIDIA L20Z,72052,81559,83,47,331.05
2026-09-15T13:12:25.872389Z,7,NVIDIA L20Z,71408,81559,83,52,341.54
2026-09-15T13:12:31.080179Z,0,NVIDIA L20Z,4,81559,0,32,69.90
2026-09-15T13:12:31.080179Z,1,NVIDIA L20Z,4,81559,0,30,69.84
2026-09-15T13:12:31.080179Z,2,NVIDIA L20Z,4,81559,0,33,70.87
2026-09-15T13:12:31.080179Z,3,NVIDIA L20Z,4,81559,0,32,73.29
2026-09-15T13:12:31.080179Z,4,NVIDIA L20Z,4,81559,0,30,71.21
2026-09-15T13:12:31.080179Z,5,NVIDIA L20Z,4,81559,0,33,70.01
2026-09-15T13:12:31.080179Z,6,NVIDIA L20Z,72052,81559,84,50,363.24
2026-09-15T13:12:31.080179Z,7,NVIDIA L20Z,71408,81559,84,54,304.09
2026-09-15T13:12:36.307139Z,0,NVIDIA L20Z,4,81559,0,32,69.94
2026-09-15T13:12:36.307139Z,1,NVIDIA L20Z,4,81559,0,30,69.83
2026-09-15T13:12:36.307139Z,2,NVIDIA L20Z,4,81559,0,33,70.87
2026-09-15T13:12:36.307139Z,3,NVIDIA L20Z,4,81559,0,32,73.38
2026-09-15T13:12:36.307139Z,4,NVIDIA L20Z,4,81559,0,30,71.18
2026-09-15T13:12:36.307139Z,5,NVIDIA L20Z,4,81559,0,33,70.01
2026-09-15T13:12:36.307139Z,6,NVIDIA L20Z,72052,81559,69,50,353.89
2026-09-15T13:12:36.307139Z,7,NVIDIA L20Z,71408,81559,59,53,339.05
2026-09-15T13:12:41.485803Z,0,NVIDIA L20Z,4,81559,0,32,69.90
2026-09-15T13:12:41.485803Z,1,NVIDIA L20Z,4,81559,0,30,69.80
2026-09-15T13:12:41.485803Z,2,NVIDIA L20Z,4,81559,0,33,70.85
2026-09-15T13:12:41.485803Z,3,NVIDIA L20Z,4,81559,0,32,73.36
2026-09-15T13:12:41.485803Z,4,NVIDIA L20Z,4,81559,0,30,71.21
2026-09-15T13:12:41.485803Z,5,NVIDIA L20Z,4,81559,0,33,69.89
2026-09-15T13:12:41.485803Z,6,NVIDIA L20Z,72052,81559,34,47,266.39
2026-09-15T13:12:41.485803Z,7,NVIDIA L20Z,71408,81559,91,56,331.22
2026-09-15T13:12:46.648265Z,0,NVIDIA L20Z,4,81559,0,32,69.90
2026-09-15T13:12:46.648265Z,1,NVIDIA L20Z,4,81559,0,30,69.86
2026-09-15T13:12:46.648265Z,2,NVIDIA L20Z,4,81559,0,33,70.97
2026-09-15T13:12:46.648265Z,3,NVIDIA L20Z,4,81559,0,32,73.33
2026-09-15T13:12:46.648265Z,4,NVIDIA L20Z,4,81559,0,30,71.22
2026-09-15T13:12:46.648265Z,5,NVIDIA L20Z,4,81559,0,33,69.90
2026-09-15T13:12:46.648265Z,6,NVIDIA L20Z,72052,81559,34,49,307.19
2026-09-15T13:12:46.648265Z,7,NVIDIA L20Z,71408,81559,71,56,330.88
2026-09-15T13:12:51.806172Z,0,NVIDIA L20Z,4,81559,0,32,69.90
2026-09-15T13:12:51.806172Z,1,NVIDIA L20Z,4,81559,0,30,69.82
2026-09-15T13:12:51.806172Z,2,NVIDIA L20Z,4,81559,0,33,71.17
2026-09-15T13:12:51.806172Z,3,NVIDIA L20Z,4,81559,0,32,73.34
2026-09-15T13:12:51.806172Z,4,NVIDIA L20Z,4,81559,0,30,71.20
2026-09-15T13:12:51.806172Z,5,NVIDIA L20Z,4,81559,0,33,69.89
2026-09-15T13:12:51.806172Z,6,NVIDIA L20Z,72052,81559,30,48,284.74
2026-09-15T13:12:51.806172Z,7,NVIDIA L20Z,71408,81559,53,55,331.71
2026-09-15T13:12:57.335363Z,0,NVIDIA L20Z,4,81559,0,32,69.89
2026-09-15T13:12:57.335363Z,1,NVIDIA L20Z,4,81559,0,30,69.78
2026-09-15T13:12:57.335363Z,2,NVIDIA L20Z,4,81559,0,33,70.87
2026-09-15T13:12:57.335363Z,3,NVIDIA L20Z,4,81559,0,32,73.29
2026-09-15T13:12:57.335363Z,4,NVIDIA L20Z,4,81559,0,30,71.23
2026-09-15T13:12:57.335363Z,5,NVIDIA L20Z,4,81559,0,33,69.99
2026-09-15T13:12:57.335363Z,6,NVIDIA L20Z,72052,81559,44,48,307.71
2026-09-15T13:12:57.335363Z,7,NVIDIA L20Z,71408,81559,82,56,315.59
2026-09-15T13:13:02.559088Z,0,NVIDIA L20Z,4,81559,0,32,69.92
2026-09-15T13:13:02.559088Z,1,NVIDIA L20Z,4,81559,0,30,69.83
2026-09-15T13:13:02.559088Z,2,NVIDIA L20Z,4,81559,0,33,70.85
2026-09-15T13:13:02.559088Z,3,NVIDIA L20Z,4,81559,0,32,73.29
2026-09-15T13:13:02.559088Z,4,NVIDIA L20Z,4,81559,0,30,71.23
2026-09-15T13:13:02.559088Z,5,NVIDIA L20Z,4,81559,0,33,69.94
2026-09-15T13:13:02.559088Z,6,NVIDIA L20Z,72052,81559,29,49,353.67
2026-09-15T13:13:02.559088Z,7,NVIDIA L20Z,71408,81559,73,57,358.08
2026-09-15T13:13:07.764177Z,0,NVIDIA L20Z,4,81559,0,32,69.95
2026-09-15T13:13:07.764177Z,1,NVIDIA L20Z,4,81559,0,30,69.86
2026-09-15T13:13:07.764177Z,2,NVIDIA L20Z,4,81559,0,33,70.85
2026-09-15T13:13:07.764177Z,3,NVIDIA L20Z,4,81559,0,32,73.24
2026-09-15T13:13:07.764177Z,4,NVIDIA L20Z,4,81559,0,30,71.18
2026-09-15T13:13:07.764177Z,5,NVIDIA L20Z,4,81559,0,33,69.93
2026-09-15T13:13:07.764177Z,6,NVIDIA L20Z,72052,81559,34,48,316.93
2026-09-15T13:13:07.764177Z,7,NVIDIA L20Z,71408,81559,82,55,314.46
2026-09-15T13:13:13.020918Z,0,NVIDIA L20Z,4,81559,0,32,69.95
2026-09-15T13:13:13.020918Z,1,NVIDIA L20Z,4,81559,0,30,69.83
2026-09-15T13:13:13.020918Z,2,NVIDIA L20Z,4,81559,0,33,70.87
2026-09-15T13:13:13.020918Z,3,NVIDIA L20Z,4,81559,0,32,73.29
2026-09-15T13:13:13.020918Z,4,NVIDIA L20Z,4,81559,0,30,71.25
2026-09-15T13:13:13.020918Z,5,NVIDIA L20Z,4,81559,0,33,70.00
2026-09-15T13:13:13.020918Z,6,NVIDIA L20Z,72052,81559,82,50,342.73
2026-09-15T13:13:13.020918Z,7,NVIDIA L20Z,71408,81559,81,57,330.68
2026-09-15T13:13:18.617377Z,0,NVIDIA L20Z,4,81559,0,32,69.89
2026-09-15T13:13:18.617377Z,1,NVIDIA L20Z,4,81559,0,30,69.82
2026-09-15T13:13:18.617377Z,2,NVIDIA L20Z,4,81559,0,33,70.82
2026-09-15T13:13:18.617377Z,3,NVIDIA L20Z,4,81559,0,32,73.29
2026-09-15T13:13:18.617377Z,4,NVIDIA L20Z,4,81559,0,30,71.19
2026-09-15T13:13:18.617377Z,5,NVIDIA L20Z,4,81559,0,33,69.99
2026-09-15T13:13:18.617377Z,6,NVIDIA L20Z,72052,81559,72,50,344.26
2026-09-15T13:13:18.617377Z,7,NVIDIA L20Z,71408,81559,34,55,295.13
2026-09-15T13:13:23.934948Z,0,NVIDIA L20Z,4,81559,0,32,69.99
2026-09-15T13:13:23.934948Z,1,NVIDIA L20Z,4,81559,0,30,94.14
2026-09-15T13:13:23.934948Z,2,NVIDIA L20Z,4,81559,0,35,109.87
2026-09-15T13:13:23.934948Z,3,NVIDIA L20Z,4,81559,0,32,73.30
2026-09-15T13:13:23.934948Z,4,NVIDIA L20Z,4,81559,0,30,71.24
2026-09-15T13:13:23.934948Z,5,NVIDIA L20Z,4,81559,0,33,69.93
2026-09-15T13:13:23.934948Z,6,NVIDIA L20Z,72052,81559,58,51,332.28
2026-09-15T13:13:23.934948Z,7,NVIDIA L20Z,71408,81559,38,55,307.37
2026-09-15T13:13:29.156805Z,0,NVIDIA L20Z,4,81559,0,32,69.97
2026-09-15T13:13:29.156805Z,1,NVIDIA L20Z,4,81559,0,30,69.86
2026-09-15T13:13:29.156805Z,2,NVIDIA L20Z,4,81559,0,33,70.90
2026-09-15T13:13:29.156805Z,3,NVIDIA L20Z,4,81559,0,32,73.40
2026-09-15T13:13:29.156805Z,4,NVIDIA L20Z,4,81559,0,31,122.27
2026-09-15T13:13:29.156805Z,5,NVIDIA L20Z,531,81559,0,34,82.91
2026-09-15T13:13:29.156805Z,6,NVIDIA L20Z,72052,81559,82,49,349.61
2026-09-15T13:13:29.156805Z,7,NVIDIA L20Z,71408,81559,63,55,334.15
2026-09-15T13:13:34.387962Z,0,NVIDIA L20Z,4,81559,0,32,69.95
2026-09-15T13:13:34.387962Z,1,NVIDIA L20Z,4,81559,0,30,69.82
2026-09-15T13:13:34.387962Z,2,NVIDIA L20Z,4,81559,0,33,70.94
2026-09-15T13:13:34.387962Z,3,NVIDIA L20Z,4,81559,0,32,73.38
2026-09-15T13:13:34.387962Z,4,NVIDIA L20Z,4,81559,0,30,71.10
2026-09-15T13:13:34.387962Z,5,NVIDIA L20Z,4,81559,0,33,69.98
2026-09-15T13:13:34.387962Z,6,NVIDIA L20Z,72052,81559,52,50,347.87
2026-09-15T13:13:34.387962Z,7,NVIDIA L20Z,71408,81559,32,54,282.61
2026-09-15T13:13:39.583619Z,0,NVIDIA L20Z,4,81559,0,32,69.89
2026-09-15T13:13:39.583619Z,1,NVIDIA L20Z,4,81559,0,30,69.81
2026-09-15T13:13:39.583619Z,2,NVIDIA L20Z,4,81559,0,33,70.87
2026-09-15T13:13:39.583619Z,3,NVIDIA L20Z,4,81559,0,32,73.35
2026-09-15T13:13:39.583619Z,4,NVIDIA L20Z,4,81559,0,30,71.31
2026-09-15T13:13:39.583619Z,5,NVIDIA L20Z,4,81559,0,33,69.99
2026-09-15T13:13:39.583619Z,6,NVIDIA L20Z,72052,81559,81,51,335.81
2026-09-15T13:13:39.583619Z,7,NVIDIA L20Z,71408,81559,75,56,322.51
2026-09-15T13:13:44.749724Z,0,NVIDIA L20Z,4,81559,0,32,69.93
2026-09-15T13:13:44.749724Z,1,NVIDIA L20Z,4,81559,0,30,69.85
2026-09-15T13:13:44.749724Z,2,NVIDIA L20Z,4,81559,0,33,71.08
2026-09-15T13:13:44.749724Z,3,NVIDIA L20Z,4,81559,0,32,73.34
2026-09-15T13:13:44.749724Z,4,NVIDIA L20Z,4,81559,0,30,71.27
2026-09-15T13:13:44.749724Z,5,NVIDIA L20Z,4,81559,0,33,69.98
2026-09-15T13:13:44.749724Z,6,NVIDIA L20Z,72052,81559,64,49,298.63
2026-09-15T13:13:44.749724Z,7,NVIDIA L20Z,71408,81559,44,55,312.69
2026-09-15T13:13:49.925366Z,0,NVIDIA L20Z,4,81559,0,32,69.94
2026-09-15T13:13:49.925366Z,1,NVIDIA L20Z,4,81559,0,30,69.85
2026-09-15T13:13:49.925366Z,2,NVIDIA L20Z,4,81559,0,33,70.84
2026-09-15T13:13:49.925366Z,3,NVIDIA L20Z,4,81559,0,32,73.32
2026-09-15T13:13:49.925366Z,4,NVIDIA L20Z,4,81559,0,30,71.27
2026-09-15T13:13:49.925366Z,5,NVIDIA L20Z,4,81559,0,33,69.97
2026-09-15T13:13:49.925366Z,6,NVIDIA L20Z,72052,81559,76,51,342.74
2026-09-15T13:13:49.925366Z,7,NVIDIA L20Z,71408,81559,40,56,297.67
2026-09-15T13:13:55.087931Z,0,NVIDIA L20Z,4,81559,0,32,69.91
2026-09-15T13:13:55.087931Z,1,NVIDIA L20Z,4,81559,0,30,69.85
2026-09-15T13:13:55.087931Z,2,NVIDIA L20Z,4,81559,0,33,70.87
2026-09-15T13:13:55.087931Z,3,NVIDIA L20Z,4,81559,0,32,73.29
2026-09-15T13:13:55.087931Z,4,NVIDIA L20Z,4,81559,0,30,71.25
2026-09-15T13:13:55.087931Z,5,NVIDIA L20Z,4,81559,0,33,70.06
2026-09-15T13:13:55.087931Z,6,NVIDIA L20Z,72052,81559,83,51,361.25
2026-09-15T13:13:55.087931Z,7,NVIDIA L20Z,71408,81559,34,56,311.54
2026-09-15T13:14:00.248303Z,0,NVIDIA L20Z,4,81559,0,32,69.89
2026-09-15T13:14:00.248303Z,1,NVIDIA L20Z,4,81559,0,30,69.84
2026-09-15T13:14:00.248303Z,2,NVIDIA L20Z,4,81559,0,33,70.80
2026-09-15T13:14:00.248303Z,3,NVIDIA L20Z,4,81559,0,32,73.31
2026-09-15T13:14:00.248303Z,4,NVIDIA L20Z,4,81559,0,30,71.24
2026-09-15T13:14:00.248303Z,5,NVIDIA L20Z,4,81559,0,33,70.02
2026-09-15T13:14:00.248303Z,6,NVIDIA L20Z,72052,81559,85,51,372.87
2026-09-15T13:14:00.248303Z,7,NVIDIA L20Z,71408,81559,30,54,272.29
2026-09-15T13:14:05.413019Z,0,NVIDIA L20Z,4,81559,0,32,69.89
2026-09-15T13:14:05.413019Z,1,NVIDIA L20Z,4,81559,0,30,69.84
2026-09-15T13:14:05.413019Z,2,NVIDIA L20Z,4,81559,0,33,70.83
2026-09-15T13:14:05.413019Z,3,NVIDIA L20Z,4,81559,0,32,73.35
2026-09-15T13:14:05.413019Z,4,NVIDIA L20Z,4,81559,0,30,71.28
2026-09-15T13:14:05.413019Z,5,NVIDIA L20Z,4,81559,0,33,69.94
2026-09-15T13:14:05.413019Z,6,NVIDIA L20Z,72052,81559,82,51,311.88
2026-09-15T13:14:05.413019Z,7,NVIDIA L20Z,71408,81559,76,57,290.40
2026-09-15T13:14:10.586958Z,0,NVIDIA L20Z,4,81559,0,32,69.91
2026-09-15T13:14:10.586958Z,1,NVIDIA L20Z,4,81559,0,30,69.83
2026-09-15T13:14:10.586958Z,2,NVIDIA L20Z,4,81559,0,33,70.92
2026-09-15T13:14:10.586958Z,3,NVIDIA L20Z,4,81559,0,32,73.34
2026-09-15T13:14:10.586958Z,4,NVIDIA L20Z,4,81559,0,30,71.19
2026-09-15T13:14:10.586958Z,5,NVIDIA L20Z,4,81559,0,33,70.07
2026-09-15T13:14:10.586958Z,6,NVIDIA L20Z,72052,81559,26,50,366.21
2026-09-15T13:14:10.586958Z,7,NVIDIA L20Z,71408,81559,24,55,321.38
2026-09-15T13:14:15.749117Z,0,NVIDIA L20Z,4,81559,0,32,69.89
2026-09-15T13:14:15.749117Z,1,NVIDIA L20Z,4,81559,0,30,69.78
2026-09-15T13:14:15.749117Z,2,NVIDIA L20Z,4,81559,0,33,70.86
2026-09-15T13:14:15.749117Z,3,NVIDIA L20Z,4,81559,0,32,73.31
2026-09-15T13:14:15.749117Z,4,NVIDIA L20Z,4,81559,0,30,71.20
2026-09-15T13:14:15.749117Z,5,NVIDIA L20Z,4,81559,0,33,69.90
2026-09-15T13:14:15.749117Z,6,NVIDIA L20Z,72052,81559,75,51,338.04
2026-09-15T13:14:15.749117Z,7,NVIDIA L20Z,71408,81559,84,56,338.13
2026-09-15T13:14:20.983897Z,0,NVIDIA L20Z,4,81559,0,32,69.96
2026-09-15T13:14:20.983897Z,1,NVIDIA L20Z,4,81559,0,30,69.85
2026-09-15T13:14:20.983897Z,2,NVIDIA L20Z,4,81559,0,33,70.86
2026-09-15T13:14:20.983897Z,3,NVIDIA L20Z,4,81559,0,32,73.29
2026-09-15T13:14:20.983897Z,4,NVIDIA L20Z,4,81559,0,30,71.27
2026-09-15T13:14:20.983897Z,5,NVIDIA L20Z,4,81559,0,33,69.90
2026-09-15T13:14:20.983897Z,6,NVIDIA L20Z,72052,81559,83,51,378.77
2026-09-15T13:14:20.983897Z,7,NVIDIA L20Z,71408,81559,35,56,332.03
2026-09-15T13:14:26.153522Z,0,NVIDIA L20Z,4,81559,0,32,69.89
2026-09-15T13:14:26.153522Z,1,NVIDIA L20Z,4,81559,0,30,69.85
2026-09-15T13:14:26.153522Z,2,NVIDIA L20Z,4,81559,0,33,70.83
2026-09-15T13:14:26.153522Z,3,NVIDIA L20Z,4,81559,0,32,73.24
2026-09-15T13:14:26.153522Z,4,NVIDIA L20Z,4,81559,0,30,71.11
2026-09-15T13:14:26.153522Z,5,NVIDIA L20Z,4,81559,0,33,69.90
2026-09-15T13:14:26.153522Z,6,NVIDIA L20Z,72052,81559,85,52,363.50
2026-09-15T13:14:26.153522Z,7,NVIDIA L20Z,71408,81559,84,56,294.12
2026-09-15T13:14:31.321000Z,0,NVIDIA L20Z,4,81559,0,32,69.91
2026-09-15T13:14:31.321000Z,1,NVIDIA L20Z,4,81559,0,30,69.86
2026-09-15T13:14:31.321000Z,2,NVIDIA L20Z,4,81559,0,33,70.84
2026-09-15T13:14:31.321000Z,3,NVIDIA L20Z,4,81559,0,32,73.25
2026-09-15T13:14:31.321000Z,4,NVIDIA L20Z,4,81559,0,30,71.11
2026-09-15T13:14:31.321000Z,5,NVIDIA L20Z,4,81559,0,33,69.95
2026-09-15T13:14:31.321000Z,6,NVIDIA L20Z,72052,81559,77,51,367.23
2026-09-15T13:14:31.321000Z,7,NVIDIA L20Z,71408,81559,38,55,291.44
2026-09-15T13:14:37.285638Z,0,NVIDIA L20Z,4,81559,0,33,120.42
2026-09-15T13:14:37.285638Z,1,NVIDIA L20Z,531,81559,0,31,119.59
2026-09-15T13:14:37.285638Z,2,NVIDIA L20Z,4,81559,0,33,70.85
2026-09-15T13:14:37.285638Z,3,NVIDIA L20Z,4,81559,0,32,73.30
2026-09-15T13:14:37.285638Z,4,NVIDIA L20Z,4,81559,0,30,71.24
2026-09-15T13:14:37.285638Z,5,NVIDIA L20Z,4,81559,0,33,69.96
2026-09-15T13:14:37.285638Z,6,NVIDIA L20Z,72052,81559,86,51,367.30
2026-09-15T13:14:37.285638Z,7,NVIDIA L20Z,71408,81559,36,55,335.74
2026-09-15T13:14:42.637064Z,0,NVIDIA L20Z,4,81559,0,32,69.97
2026-09-15T13:14:42.637064Z,1,NVIDIA L20Z,4,81559,0,30,69.92
2026-09-15T13:14:42.637064Z,2,NVIDIA L20Z,4,81559,0,34,71.08
2026-09-15T13:14:42.637064Z,3,NVIDIA L20Z,4,81559,0,34,127.91
2026-09-15T13:14:42.637064Z,4,NVIDIA L20Z,4,81559,0,31,123.78
2026-09-15T13:14:42.637064Z,5,NVIDIA L20Z,4,81559,0,33,69.95
2026-09-15T13:14:42.637064Z,6,NVIDIA L20Z,72052,81559,88,53,378.25
2026-09-15T13:14:42.637064Z,7,NVIDIA L20Z,71408,81559,35,55,264.95
2026-09-15T13:14:47.989150Z,0,NVIDIA L20Z,4,81559,0,32,69.94
2026-09-15T13:14:47.989150Z,1,NVIDIA L20Z,4,81559,0,30,69.89
2026-09-15T13:14:47.989150Z,2,NVIDIA L20Z,4,81559,0,33,70.86
2026-09-15T13:14:47.989150Z,3,NVIDIA L20Z,4,81559,0,32,73.46
2026-09-15T13:14:47.989150Z,4,NVIDIA L20Z,4,81559,0,30,71.32
2026-09-15T13:14:47.989150Z,5,NVIDIA L20Z,4,81559,0,34,111.99
2026-09-15T13:14:47.989150Z,6,NVIDIA L20Z,72052,81559,80,51,362.64
2026-09-15T13:14:47.989150Z,7,NVIDIA L20Z,71408,81559,50,55,330.39
2026-09-15T13:14:53.175637Z,0,NVIDIA L20Z,4,81559,0,32,69.90
2026-09-15T13:14:53.175637Z,1,NVIDIA L20Z,4,81559,0,30,69.81
2026-09-15T13:14:53.175637Z,2,NVIDIA L20Z,4,81559,0,33,70.92
2026-09-15T13:14:53.175637Z,3,NVIDIA L20Z,4,81559,0,32,73.40
2026-09-15T13:14:53.175637Z,4,NVIDIA L20Z,4,81559,0,30,71.30
2026-09-15T13:14:53.175637Z,5,NVIDIA L20Z,4,81559,0,33,70.06
2026-09-15T13:14:53.175637Z,6,NVIDIA L20Z,72052,81559,74,52,336.21
2026-09-15T13:14:53.175637Z,7,NVIDIA L20Z,71408,81559,32,54,263.30
2026-09-15T13:14:58.345929Z,0,NVIDIA L20Z,4,81559,0,32,69.90
2026-09-15T13:14:58.345929Z,1,NVIDIA L20Z,4,81559,0,30,69.82
2026-09-15T13:14:58.345929Z,2,NVIDIA L20Z,4,81559,0,33,70.88
2026-09-15T13:14:58.345929Z,3,NVIDIA L20Z,4,81559,0,32,73.36
2026-09-15T13:14:58.345929Z,4,NVIDIA L20Z,4,81559,0,30,71.30
2026-09-15T13:14:58.345929Z,5,NVIDIA L20Z,4,81559,0,33,70.00
2026-09-15T13:14:58.345929Z,6,NVIDIA L20Z,72052,81559,82,52,380.24
2026-09-15T13:14:58.345929Z,7,NVIDIA L20Z,71408,81559,39,55,304.22
2026-09-15T13:15:03.515629Z,0,NVIDIA L20Z,4,81559,0,32,69.93
2026-09-15T13:15:03.515629Z,1,NVIDIA L20Z,4,81559,0,30,69.83
2026-09-15T13:15:03.515629Z,2,NVIDIA L20Z,4,81559,0,33,70.91
2026-09-15T13:15:03.515629Z,3,NVIDIA L20Z,4,81559,0,32,73.37
2026-09-15T13:15:03.515629Z,4,NVIDIA L20Z,4,81559,0,30,71.22
2026-09-15T13:15:03.515629Z,5,NVIDIA L20Z,4,81559,0,33,69.96
2026-09-15T13:15:03.515629Z,6,NVIDIA L20Z,72052,81559,53,51,365.31
2026-09-15T13:15:03.515629Z,7,NVIDIA L20Z,71408,81559,72,57,352.97
2026-09-15T13:15:08.699975Z,0,NVIDIA L20Z,4,81559,0,32,69.96
2026-09-15T13:15:08.699975Z,1,NVIDIA L20Z,4,81559,0,30,69.82
2026-09-15T13:15:08.699975Z,2,NVIDIA L20Z,4,81559,0,33,70.88
2026-09-15T13:15:08.699975Z,3,NVIDIA L20Z,4,81559,0,32,73.31
2026-09-15T13:15:08.699975Z,4,NVIDIA L20Z,4,81559,0,30,71.22
2026-09-15T13:15:08.699975Z,5,NVIDIA L20Z,4,81559,0,33,69.93
2026-09-15T13:15:08.699975Z,6,NVIDIA L20Z,72052,81559,55,51,356.46
2026-09-15T13:15:08.699975Z,7,NVIDIA L20Z,71408,81559,36,55,301.45
2026-09-15T13:15:13.869242Z,0,NVIDIA L20Z,4,81559,0,32,69.95
2026-09-15T13:15:13.869242Z,1,NVIDIA L20Z,4,81559,0,30,69.86
2026-09-15T13:15:13.869242Z,2,NVIDIA L20Z,4,81559,0,33,70.84
2026-09-15T13:15:13.869242Z,3,NVIDIA L20Z,4,81559,0,32,73.31
2026-09-15T13:15:13.869242Z,4,NVIDIA L20Z,4,81559,0,30,71.24
2026-09-15T13:15:13.869242Z,5,NVIDIA L20Z,4,81559,0,33,69.94
2026-09-15T13:15:13.869242Z,6,NVIDIA L20Z,72052,81559,80,52,382.77
2026-09-15T13:15:13.869242Z,7,NVIDIA L20Z,71408,81559,81,58,372.21
2026-09-15T13:15:19.066781Z,0,NVIDIA L20Z,4,81559,0,32,69.91
2026-09-15T13:15:19.066781Z,1,NVIDIA L20Z,4,81559,0,30,69.87
2026-09-15T13:15:19.066781Z,2,NVIDIA L20Z,4,81559,0,33,70.81
2026-09-15T13:15:19.066781Z,3,NVIDIA L20Z,4,81559,0,32,73.30
2026-09-15T13:15:19.066781Z,4,NVIDIA L20Z,4,81559,0,30,71.31
2026-09-15T13:15:19.066781Z,5,NVIDIA L20Z,4,81559,0,33,69.97
2026-09-15T13:15:19.066781Z,6,NVIDIA L20Z,72052,81559,28,51,337.94
2026-09-15T13:15:19.066781Z,7,NVIDIA L20Z,71408,81559,87,57,324.69
2026-09-15T13:15:24.230336Z,0,NVIDIA L20Z,4,81559,0,32,69.91
2026-09-15T13:15:24.230336Z,1,NVIDIA L20Z,4,81559,0,30,69.86
2026-09-15T13:15:24.230336Z,2,NVIDIA L20Z,4,81559,0,33,70.85
2026-09-15T13:15:24.230336Z,3,NVIDIA L20Z,4,81559,0,32,73.36
2026-09-15T13:15:24.230336Z,4,NVIDIA L20Z,4,81559,0,30,71.18
2026-09-15T13:15:24.230336Z,5,NVIDIA L20Z,4,81559,0,33,69.99
2026-09-15T13:15:24.230336Z,6,NVIDIA L20Z,72052,81559,84,51,343.74
2026-09-15T13:15:24.230336Z,7,NVIDIA L20Z,71408,81559,84,58,364.31
2026-09-15T13:15:29.394650Z,0,NVIDIA L20Z,4,81559,0,32,69.93
2026-09-15T13:15:29.394650Z,1,NVIDIA L20Z,4,81559,0,30,69.82
2026-09-15T13:15:29.394650Z,2,NVIDIA L20Z,4,81559,0,33,70.84
2026-09-15T13:15:29.394650Z,3,NVIDIA L20Z,4,81559,0,32,73.32
2026-09-15T13:15:29.394650Z,4,NVIDIA L20Z,4,81559,0,30,71.26
2026-09-15T13:15:29.394650Z,5,NVIDIA L20Z,4,81559,0,33,70.03
2026-09-15T13:15:29.394650Z,6,NVIDIA L20Z,72052,81559,84,52,350.76
2026-09-15T13:15:29.394650Z,7,NVIDIA L20Z,71408,81559,84,57,307.41
2026-09-15T13:15:34.555533Z,0,NVIDIA L20Z,4,81559,0,32,69.89
2026-09-15T13:15:34.555533Z,1,NVIDIA L20Z,4,81559,0,30,69.83
2026-09-15T13:15:34.555533Z,2,NVIDIA L20Z,4,81559,0,33,70.90
2026-09-15T13:15:34.555533Z,3,NVIDIA L20Z,4,81559,0,32,73.28
2026-09-15T13:15:34.555533Z,4,NVIDIA L20Z,4,81559,0,30,71.20
2026-09-15T13:15:34.555533Z,5,NVIDIA L20Z,4,81559,0,33,69.90
2026-09-15T13:15:34.555533Z,6,NVIDIA L20Z,72052,81559,88,53,377.64
2026-09-15T13:15:34.555533Z,7,NVIDIA L20Z,71408,81559,41,56,290.87
2026-09-15T13:15:40.522131Z,0,NVIDIA L20Z,4,81559,0,32,79.37
2026-09-15T13:15:40.522131Z,1,NVIDIA L20Z,23,81559,0,31,88.54
2026-09-15T13:15:40.522131Z,2,NVIDIA L20Z,4,81559,0,33,70.87
2026-09-15T13:15:40.522131Z,3,NVIDIA L20Z,4,81559,0,32,73.32
2026-09-15T13:15:40.522131Z,4,NVIDIA L20Z,4,81559,0,30,71.18
2026-09-15T13:15:40.522131Z,5,NVIDIA L20Z,4,81559,0,33,69.92
2026-09-15T13:15:40.522131Z,6,NVIDIA L20Z,72052,81559,81,52,378.93
2026-09-15T13:15:40.522131Z,7,NVIDIA L20Z,71408,81559,43,56,305.98
2026-09-15T13:15:45.686756Z,0,NVIDIA L20Z,4,81559,0,32,70.02
2026-09-15T13:15:45.686756Z,1,NVIDIA L20Z,4,81559,0,30,70.08
2026-09-15T13:15:45.686756Z,2,NVIDIA L20Z,4,81559,0,34,106.08
2026-09-15T13:15:45.686756Z,3,NVIDIA L20Z,4,81559,0,34,127.61
2026-09-15T13:15:45.686756Z,4,NVIDIA L20Z,4,81559,0,31,97.07
2026-09-15T13:15:45.686756Z,5,NVIDIA L20Z,4,81559,0,33,69.93
2026-09-15T13:15:45.686756Z,6,NVIDIA L20Z,72052,81559,69,52,374.82
2026-09-15T13:15:45.686756Z,7,NVIDIA L20Z,71408,81559,45,56,295.34
2026-09-15T13:15:51.156011Z,0,NVIDIA L20Z,16,81559,0,32,70.03
2026-09-15T13:15:51.156011Z,1,NVIDIA L20Z,4,81559,0,30,70.01
2026-09-15T13:15:51.156011Z,2,NVIDIA L20Z,4,81559,0,33,70.91
2026-09-15T13:15:51.156011Z,3,NVIDIA L20Z,4,81559,0,32,73.41
2026-09-15T13:15:51.156011Z,4,NVIDIA L20Z,4,81559,0,30,71.28
2026-09-15T13:15:51.156011Z,5,NVIDIA L20Z,4,81559,0,33,70.00
2026-09-15T13:15:51.156011Z,6,NVIDIA L20Z,72052,81559,84,52,394.94
2026-09-15T13:15:51.156011Z,7,NVIDIA L20Z,71408,81559,66,58,371.78
2026-09-15T13:15:56.650349Z,0,NVIDIA L20Z,4,81559,0,32,69.99
2026-09-15T13:15:56.650349Z,1,NVIDIA L20Z,4,81559,0,30,70.03
2026-09-15T13:15:56.650349Z,2,NVIDIA L20Z,4,81559,0,35,125.22
2026-09-15T13:15:56.650349Z,3,NVIDIA L20Z,4,81559,0,32,73.35
2026-09-15T13:15:56.650349Z,4,NVIDIA L20Z,4,81559,0,30,71.26
2026-09-15T13:15:56.650349Z,5,NVIDIA L20Z,4,81559,0,33,69.99
2026-09-15T13:15:56.650349Z,6,NVIDIA L20Z,72052,81559,36,50,340.21
2026-09-15T13:15:56.650349Z,7,NVIDIA L20Z,71408,81559,60,58,378.01
2026-09-15T13:16:01.953802Z,0,NVIDIA L20Z,4,81559,0,32,69.99
2026-09-15T13:16:01.953802Z,1,NVIDIA L20Z,4,81559,0,30,69.89
2026-09-15T13:16:01.953802Z,2,NVIDIA L20Z,4,81559,0,33,70.90
2026-09-15T13:16:01.953802Z,3,NVIDIA L20Z,4,81559,0,32,73.39
2026-09-15T13:16:01.953802Z,4,NVIDIA L20Z,4,81559,0,30,71.15
2026-09-15T13:16:01.953802Z,5,NVIDIA L20Z,4,81559,0,33,107.12
2026-09-15T13:16:01.953802Z,6,NVIDIA L20Z,72052,81559,41,49,303.27
2026-09-15T13:16:01.953802Z,7,NVIDIA L20Z,71408,81559,75,58,340.54
2026-09-15T13:16:07.280711Z,0,NVIDIA L20Z,4,81559,0,32,69.93
2026-09-15T13:16:07.280711Z,1,NVIDIA L20Z,4,81559,0,30,69.88
2026-09-15T13:16:07.280711Z,2,NVIDIA L20Z,4,81559,0,33,70.86
2026-09-15T13:16:07.280711Z,3,NVIDIA L20Z,4,81559,0,32,73.35
2026-09-15T13:16:07.280711Z,4,NVIDIA L20Z,4,81559,0,30,71.16
2026-09-15T13:16:07.280711Z,5,NVIDIA L20Z,4,81559,0,33,69.92
2026-09-15T13:16:07.280711Z,6,NVIDIA L20Z,72052,81559,32,49,329.90
2026-09-15T13:16:07.280711Z,7,NVIDIA L20Z,71408,81559,89,59,387.91
2026-09-15T13:16:12.491765Z,0,NVIDIA L20Z,4,81559,0,32,69.93
2026-09-15T13:16:12.491765Z,1,NVIDIA L20Z,4,81559,0,30,69.90
2026-09-15T13:16:12.491765Z,2,NVIDIA L20Z,4,81559,0,33,70.93
2026-09-15T13:16:12.491765Z,3,NVIDIA L20Z,4,81559,0,32,73.36
2026-09-15T13:16:12.491765Z,4,NVIDIA L20Z,4,81559,0,30,71.09
2026-09-15T13:16:12.491765Z,5,NVIDIA L20Z,4,81559,0,33,69.93
2026-09-15T13:16:12.491765Z,6,NVIDIA L20Z,72052,81559,35,51,344.71
2026-09-15T13:16:12.491765Z,7,NVIDIA L20Z,71408,81559,81,58,362.87
2026-09-15T13:16:17.664382Z,0,NVIDIA L20Z,4,81559,0,32,69.96
2026-09-15T13:16:17.664382Z,1,NVIDIA L20Z,4,81559,0,30,69.86
2026-09-15T13:16:17.664382Z,2,NVIDIA L20Z,4,81559,0,33,70.89
2026-09-15T13:16:17.664382Z,3,NVIDIA L20Z,4,81559,0,32,73.36
2026-09-15T13:16:17.664382Z,4,NVIDIA L20Z,4,81559,0,30,71.02
2026-09-15T13:16:17.664382Z,5,NVIDIA L20Z,4,81559,0,33,70.08
2026-09-15T13:16:17.664382Z,6,NVIDIA L20Z,72052,81559,44,50,348.54
2026-09-15T13:16:17.664382Z,7,NVIDIA L20Z,71408,81559,83,58,373.91
2026-09-15T13:16:22.837076Z,0,NVIDIA L20Z,4,81559,0,32,69.93
2026-09-15T13:16:22.837076Z,1,NVIDIA L20Z,4,81559,0,30,69.86
2026-09-15T13:16:22.837076Z,2,NVIDIA L20Z,4,81559,0,33,70.91
2026-09-15T13:16:22.837076Z,3,NVIDIA L20Z,4,81559,0,32,73.32
2026-09-15T13:16:22.837076Z,4,NVIDIA L20Z,4,81559,0,30,71.04
2026-09-15T13:16:22.837076Z,5,NVIDIA L20Z,4,81559,0,33,69.92
2026-09-15T13:16:22.837076Z,6,NVIDIA L20Z,72052,81559,85,51,347.09
2026-09-15T13:16:22.837076Z,7,NVIDIA L20Z,71408,81559,84,58,337.02
2026-09-15T13:16:28.027239Z,0,NVIDIA L20Z,4,81559,0,32,69.93
2026-09-15T13:16:28.027239Z,1,NVIDIA L20Z,4,81559,0,30,69.84
2026-09-15T13:16:28.027239Z,2,NVIDIA L20Z,4,81559,0,33,70.90
2026-09-15T13:16:28.027239Z,3,NVIDIA L20Z,4,81559,0,32,73.35
2026-09-15T13:16:28.027239Z,4,NVIDIA L20Z,4,81559,0,30,71.08
2026-09-15T13:16:28.027239Z,5,NVIDIA L20Z,4,81559,0,33,69.97
2026-09-15T13:16:28.027239Z,6,NVIDIA L20Z,72052,81559,33,49,306.64
2026-09-15T13:16:28.027239Z,7,NVIDIA L20Z,71408,81559,76,58,348.33
2026-09-15T13:16:33.254513Z,0,NVIDIA L20Z,4,81559,0,32,69.96
2026-09-15T13:16:33.254513Z,1,NVIDIA L20Z,4,81559,0,30,69.84
2026-09-15T13:16:33.254513Z,2,NVIDIA L20Z,4,81559,0,33,70.84
2026-09-15T13:16:33.254513Z,3,NVIDIA L20Z,4,81559,0,32,73.31
2026-09-15T13:16:33.254513Z,4,NVIDIA L20Z,4,81559,0,30,71.02
2026-09-15T13:16:33.254513Z,5,NVIDIA L20Z,4,81559,0,33,69.95
2026-09-15T13:16:33.254513Z,6,NVIDIA L20Z,72052,81559,38,49,345.74
2026-09-15T13:16:33.254513Z,7,NVIDIA L20Z,71408,81559,87,59,382.39
2026-09-15T13:16:38.443511Z,0,NVIDIA L20Z,4,81559,0,32,69.95
2026-09-15T13:16:38.443511Z,1,NVIDIA L20Z,4,81559,0,30,69.83
2026-09-15T13:16:38.443511Z,2,NVIDIA L20Z,4,81559,0,33,70.85
2026-09-15T13:16:38.443511Z,3,NVIDIA L20Z,4,81559,0,32,73.30
2026-09-15T13:16:38.443511Z,4,NVIDIA L20Z,4,81559,0,30,71.13
2026-09-15T13:16:38.443511Z,5,NVIDIA L20Z,4,81559,0,33,70.02
2026-09-15T13:16:38.443511Z,6,NVIDIA L20Z,72052,81559,62,50,324.66
2026-09-15T13:16:38.443511Z,7,NVIDIA L20Z,71408,81559,72,59,359.12
2026-09-15T13:16:43.674713Z,0,NVIDIA L20Z,4,81559,0,32,69.89
2026-09-15T13:16:43.674713Z,1,NVIDIA L20Z,4,81559,0,30,69.82
2026-09-15T13:16:43.674713Z,2,NVIDIA L20Z,4,81559,0,33,70.80
2026-09-15T13:16:43.674713Z,3,NVIDIA L20Z,4,81559,0,32,73.26
2026-09-15T13:16:43.674713Z,4,NVIDIA L20Z,4,81559,0,30,71.14
2026-09-15T13:16:43.674713Z,5,NVIDIA L20Z,4,81559,0,33,69.92
2026-09-15T13:16:43.674713Z,6,NVIDIA L20Z,72052,81559,80,51,408.92
2026-09-15T13:16:43.674713Z,7,NVIDIA L20Z,71408,81559,81,58,383.45
2026-09-15T13:16:48.838527Z,0,NVIDIA L20Z,4,81559,0,32,69.89
2026-09-15T13:16:48.838527Z,1,NVIDIA L20Z,4,81559,0,30,69.84
2026-09-15T13:16:48.838527Z,2,NVIDIA L20Z,4,81559,0,33,70.84
2026-09-15T13:16:48.838527Z,3,NVIDIA L20Z,4,81559,0,32,73.32
2026-09-15T13:16:48.838527Z,4,NVIDIA L20Z,4,81559,0,30,71.18
2026-09-15T13:16:48.838527Z,5,NVIDIA L20Z,4,81559,0,33,69.99
2026-09-15T13:16:48.838527Z,6,NVIDIA L20Z,72052,81559,80,51,338.35
2026-09-15T13:16:48.838527Z,7,NVIDIA L20Z,71408,81559,75,57,300.83
2026-09-15T13:16:54.005506Z,0,NVIDIA L20Z,4,81559,0,32,69.93
2026-09-15T13:16:54.005506Z,1,NVIDIA L20Z,4,81559,0,30,69.86
2026-09-15T13:16:54.005506Z,2,NVIDIA L20Z,4,81559,0,33,70.92
2026-09-15T13:16:54.005506Z,3,NVIDIA L20Z,4,81559,0,32,73.31
2026-09-15T13:16:54.005506Z,4,NVIDIA L20Z,4,81559,0,30,71.08
2026-09-15T13:16:54.005506Z,5,NVIDIA L20Z,4,81559,0,33,69.92
2026-09-15T13:16:54.005506Z,6,NVIDIA L20Z,72052,81559,78,48,345.50
2026-09-15T13:16:54.005506Z,7,NVIDIA L20Z,71408,81559,53,56,339.78
2026-09-15T13:16:59.166349Z,0,NVIDIA L20Z,4,81559,0,32,69.88
2026-09-15T13:16:59.166349Z,1,NVIDIA L20Z,4,81559,0,30,69.82
2026-09-15T13:16:59.166349Z,2,NVIDIA L20Z,4,81559,0,33,70.89
2026-09-15T13:16:59.166349Z,3,NVIDIA L20Z,4,81559,0,32,73.35
2026-09-15T13:16:59.166349Z,4,NVIDIA L20Z,4,81559,0,30,71.07
2026-09-15T13:16:59.166349Z,5,NVIDIA L20Z,4,81559,0,33,69.94
2026-09-15T13:16:59.166349Z,6,NVIDIA L20Z,72052,81559,82,51,375.71
2026-09-15T13:16:59.166349Z,7,NVIDIA L20Z,71408,81559,83,58,334.84
2026-09-15T13:17:04.325678Z,0,NVIDIA L20Z,4,81559,0,32,69.93
2026-09-15T13:17:04.325678Z,1,NVIDIA L20Z,4,81559,0,30,69.85
2026-09-15T13:17:04.325678Z,2,NVIDIA L20Z,4,81559,0,33,71.08
2026-09-15T13:17:04.325678Z,3,NVIDIA L20Z,4,81559,0,32,73.31
2026-09-15T13:17:04.325678Z,4,NVIDIA L20Z,4,81559,0,30,71.03
2026-09-15T13:17:04.325678Z,5,NVIDIA L20Z,4,81559,0,33,69.97
2026-09-15T13:17:04.325678Z,6,NVIDIA L20Z,72052,81559,85,51,317.54
2026-09-15T13:17:04.325678Z,7,NVIDIA L20Z,71408,81559,53,58,327.65
2026-09-15T13:17:09.515883Z,0,NVIDIA L20Z,4,81559,0,32,70.00
2026-09-15T13:17:09.515883Z,1,NVIDIA L20Z,4,81559,0,31,120.65
2026-09-15T13:17:09.515883Z,2,NVIDIA L20Z,4,81559,0,34,100.53
2026-09-15T13:17:09.515883Z,3,NVIDIA L20Z,4,81559,0,32,73.30
2026-09-15T13:17:09.515883Z,4,NVIDIA L20Z,4,81559,0,30,71.09
2026-09-15T13:17:09.515883Z,5,NVIDIA L20Z,4,81559,0,33,69.93
2026-09-15T13:17:09.515883Z,6,NVIDIA L20Z,72052,81559,85,52,388.70
2026-09-15T13:17:09.515883Z,7,NVIDIA L20Z,71408,81559,28,57,317.26
2026-09-15T13:17:14.670606Z,0,NVIDIA L20Z,4,81559,0,32,69.98
2026-09-15T13:17:14.670606Z,1,NVIDIA L20Z,4,81559,0,30,69.85
2026-09-15T13:17:14.670606Z,2,NVIDIA L20Z,4,81559,0,33,71.11
2026-09-15T13:17:14.670606Z,3,NVIDIA L20Z,4,81559,0,32,73.41
2026-09-15T13:17:14.670606Z,4,NVIDIA L20Z,4,81559,0,30,102.86
2026-09-15T13:17:14.670606Z,5,NVIDIA L20Z,4,81559,0,34,109.46
2026-09-15T13:17:14.670606Z,6,NVIDIA L20Z,72052,81559,80,52,372.19
2026-09-15T13:17:14.670606Z,7,NVIDIA L20Z,71408,81559,35,56,330.24
2026-09-15T13:17:19.837431Z,0,NVIDIA L20Z,4,81559,0,32,69.94
2026-09-15T13:17:19.837431Z,1,NVIDIA L20Z,4,81559,0,30,69.84
2026-09-15T13:17:19.837431Z,2,NVIDIA L20Z,4,81559,0,33,71.07
2026-09-15T13:17:19.837431Z,3,NVIDIA L20Z,4,81559,0,32,73.37
2026-09-15T13:17:19.837431Z,4,NVIDIA L20Z,4,81559,0,30,71.17
2026-09-15T13:17:19.837431Z,5,NVIDIA L20Z,4,81559,0,33,69.94
2026-09-15T13:17:19.837431Z,6,NVIDIA L20Z,72052,81559,71,51,345.09
2026-09-15T13:17:19.837431Z,7,NVIDIA L20Z,71408,81559,32,55,276.05
2026-09-15T13:17:25.038785Z,0,NVIDIA L20Z,4,81559,0,32,69.96
2026-09-15T13:17:25.038785Z,1,NVIDIA L20Z,4,81559,0,30,69.86
2026-09-15T13:17:25.038785Z,2,NVIDIA L20Z,4,81559,0,33,71.12
2026-09-15T13:17:25.038785Z,3,NVIDIA L20Z,4,81559,0,32,73.34
2026-09-15T13:17:25.038785Z,4,NVIDIA L20Z,4,81559,0,30,71.11
2026-09-15T13:17:25.038785Z,5,NVIDIA L20Z,4,81559,0,33,70.04
2026-09-15T13:17:25.038785Z,6,NVIDIA L20Z,72052,81559,87,52,375.85
2026-09-15T13:17:25.038785Z,7,NVIDIA L20Z,71408,81559,28,56,316.59
2026-09-15T13:17:30.197373Z,0,NVIDIA L20Z,4,81559,0,32,69.93
2026-09-15T13:17:30.197373Z,1,NVIDIA L20Z,4,81559,0,30,69.90
2026-09-15T13:17:30.197373Z,2,NVIDIA L20Z,4,81559,0,33,71.12
2026-09-15T13:17:30.197373Z,3,NVIDIA L20Z,4,81559,0,32,73.33
2026-09-15T13:17:30.197373Z,4,NVIDIA L20Z,4,81559,0,30,71.08
2026-09-15T13:17:30.197373Z,5,NVIDIA L20Z,4,81559,0,33,69.98
2026-09-15T13:17:30.197373Z,6,NVIDIA L20Z,72052,81559,76,52,363.76
2026-09-15T13:17:30.197373Z,7,NVIDIA L20Z,71408,81559,37,56,277.73
2026-09-15T13:17:35.404529Z,0,NVIDIA L20Z,4,81559,0,32,69.91
2026-09-15T13:17:35.404529Z,1,NVIDIA L20Z,4,81559,0,30,69.86
2026-09-15T13:17:35.404529Z,2,NVIDIA L20Z,4,81559,0,33,71.13
2026-09-15T13:17:35.404529Z,3,NVIDIA L20Z,4,81559,0,32,73.30
2026-09-15T13:17:35.404529Z,4,NVIDIA L20Z,4,81559,0,30,71.04
2026-09-15T13:17:35.404529Z,5,NVIDIA L20Z,4,81559,0,33,69.97
2026-09-15T13:17:35.404529Z,6,NVIDIA L20Z,72052,81559,84,52,358.13
2026-09-15T13:17:35.404529Z,7,NVIDIA L20Z,71408,81559,84,58,336.18
2026-09-15T13:17:40.571050Z,0,NVIDIA L20Z,4,81559,0,32,69.93
2026-09-15T13:17:40.571050Z,1,NVIDIA L20Z,4,81559,0,30,69.88
2026-09-15T13:17:40.571050Z,2,NVIDIA L20Z,4,81559,0,33,71.21
2026-09-15T13:17:40.571050Z,3,NVIDIA L20Z,4,81559,0,32,73.33
2026-09-15T13:17:40.571050Z,4,NVIDIA L20Z,4,81559,0,30,71.07
2026-09-15T13:17:40.571050Z,5,NVIDIA L20Z,4,81559,0,33,69.93
2026-09-15T13:17:40.571050Z,6,NVIDIA L20Z,72052,81559,3,50,349.22
2026-09-15T13:17:40.571050Z,7,NVIDIA L20Z,71408,81559,8,55,262.55
2026-09-15T13:17:45.733801Z,0,NVIDIA L20Z,4,81559,0,32,69.95
2026-09-15T13:17:45.733801Z,1,NVIDIA L20Z,4,81559,0,30,69.81
2026-09-15T13:17:45.733801Z,2,NVIDIA L20Z,4,81559,0,33,71.06
2026-09-15T13:17:45.733801Z,3,NVIDIA L20Z,4,81559,0,32,73.32
2026-09-15T13:17:45.733801Z,4,NVIDIA L20Z,4,81559,0,30,71.07
2026-09-15T13:17:45.733801Z,5,NVIDIA L20Z,4,81559,0,33,69.96
2026-09-15T13:17:45.733801Z,6,NVIDIA L20Z,72052,81559,84,52,392.13
2026-09-15T13:17:45.733801Z,7,NVIDIA L20Z,71408,81559,84,57,313.75
2026-09-15T13:17:50.922404Z,0,NVIDIA L20Z,4,81559,0,32,69.95
2026-09-15T13:17:50.922404Z,1,NVIDIA L20Z,4,81559,0,30,69.79
2026-09-15T13:17:50.922404Z,2,NVIDIA L20Z,4,81559,0,33,71.06
2026-09-15T13:17:50.922404Z,3,NVIDIA L20Z,4,81559,0,32,73.33
2026-09-15T13:17:50.922404Z,4,NVIDIA L20Z,4,81559,0,30,71.07
2026-09-15T13:17:50.922404Z,5,NVIDIA L20Z,4,81559,0,33,69.88
2026-09-15T13:17:50.922404Z,6,NVIDIA L20Z,72052,81559,20,49,350.38
2026-09-15T13:17:50.922404Z,7,NVIDIA L20Z,71408,81559,40,54,331.36
2026-09-15T13:17:56.143172Z,0,NVIDIA L20Z,4,81559,0,32,69.92
2026-09-15T13:17:56.143172Z,1,NVIDIA L20Z,4,81559,0,30,69.79
2026-09-15T13:17:56.143172Z,2,NVIDIA L20Z,4,81559,0,33,71.03
2026-09-15T13:17:56.143172Z,3,NVIDIA L20Z,4,81559,0,32,73.26
2026-09-15T13:17:56.143172Z,4,NVIDIA L20Z,4,81559,0,30,71.12
2026-09-15T13:17:56.143172Z,5,NVIDIA L20Z,4,81559,0,33,69.91
2026-09-15T13:17:56.143172Z,6,NVIDIA L20Z,72052,81559,35,50,359.11
2026-09-15T13:17:56.143172Z,7,NVIDIA L20Z,71408,81559,60,56,335.71
2026-09-15T13:18:01.308149Z,0,NVIDIA L20Z,4,81559,0,32,69.94
2026-09-15T13:18:01.308149Z,1,NVIDIA L20Z,4,81559,0,30,69.77
2026-09-15T13:18:01.308149Z,2,NVIDIA L20Z,4,81559,0,33,71.08
2026-09-15T13:18:01.308149Z,3,NVIDIA L20Z,4,81559,0,32,73.24
2026-09-15T13:18:01.308149Z,4,NVIDIA L20Z,4,81559,0,30,71.08
2026-09-15T13:18:01.308149Z,5,NVIDIA L20Z,4,81559,0,33,69.96
2026-09-15T13:18:01.308149Z,6,NVIDIA L20Z,72052,81559,81,52,380.00
2026-09-15T13:18:01.308149Z,7,NVIDIA L20Z,71408,81559,43,57,346.96
2026-09-15T13:18:06.481699Z,0,NVIDIA L20Z,4,81559,0,32,69.90
2026-09-15T13:18:06.481699Z,1,NVIDIA L20Z,4,81559,0,30,69.81
2026-09-15T13:18:06.481699Z,2,NVIDIA L20Z,4,81559,0,33,70.86
2026-09-15T13:18:06.481699Z,3,NVIDIA L20Z,4,81559,0,32,73.28
2026-09-15T13:18:06.481699Z,4,NVIDIA L20Z,4,81559,0,30,71.15
2026-09-15T13:18:06.481699Z,5,NVIDIA L20Z,4,81559,0,33,69.94
2026-09-15T13:18:06.481699Z,6,NVIDIA L20Z,72052,81559,83,52,332.27
2026-09-15T13:18:06.481699Z,7,NVIDIA L20Z,71408,81559,83,58,327.49
2026-09-15T13:18:11.655755Z,0,NVIDIA L20Z,4,81559,0,32,69.88
2026-09-15T13:18:11.655755Z,1,NVIDIA L20Z,4,81559,0,30,69.87
2026-09-15T13:18:11.655755Z,2,NVIDIA L20Z,4,81559,0,33,71.01
2026-09-15T13:18:11.655755Z,3,NVIDIA L20Z,4,81559,0,32,73.33
2026-09-15T13:18:11.655755Z,4,NVIDIA L20Z,4,81559,0,30,71.11
2026-09-15T13:18:11.655755Z,5,NVIDIA L20Z,4,81559,0,33,70.06
2026-09-15T13:18:11.655755Z,6,NVIDIA L20Z,72052,81559,81,52,360.95
2026-09-15T13:18:11.655755Z,7,NVIDIA L20Z,71408,81559,85,58,322.86
2026-09-15T13:18:16.896286Z,0,NVIDIA L20Z,4,81559,0,32,69.90
2026-09-15T13:18:16.896286Z,1,NVIDIA L20Z,4,81559,0,30,69.85
2026-09-15T13:18:16.896286Z,2,NVIDIA L20Z,4,81559,0,33,71.25
2026-09-15T13:18:16.896286Z,3,NVIDIA L20Z,4,81559,0,32,73.26
2026-09-15T13:18:16.896286Z,4,NVIDIA L20Z,4,81559,0,30,71.09
2026-09-15T13:18:16.896286Z,5,NVIDIA L20Z,4,81559,0,33,70.04
2026-09-15T13:18:16.896286Z,6,NVIDIA L20Z,72052,81559,81,52,362.55
2026-09-15T13:18:16.896286Z,7,NVIDIA L20Z,71408,81559,81,57,333.98
2026-09-15T13:18:22.066861Z,0,NVIDIA L20Z,4,81559,0,32,70.02
2026-09-15T13:18:22.066861Z,1,NVIDIA L20Z,4,81559,0,31,120.35
2026-09-15T13:18:22.066861Z,2,NVIDIA L20Z,45,81559,0,34,79.87
2026-09-15T13:18:22.066861Z,3,NVIDIA L20Z,4,81559,0,32,73.28
2026-09-15T13:18:22.066861Z,4,NVIDIA L20Z,4,81559,0,30,71.08
2026-09-15T13:18:22.066861Z,5,NVIDIA L20Z,4,81559,0,33,69.98
2026-09-15T13:18:22.066861Z,6,NVIDIA L20Z,72052,81559,83,52,374.42
2026-09-15T13:18:22.066861Z,7,NVIDIA L20Z,71408,81559,32,56,314.34
2026-09-15T13:18:27.276862Z,0,NVIDIA L20Z,4,81559,0,32,69.96
2026-09-15T13:18:27.276862Z,1,NVIDIA L20Z,4,81559,0,30,69.86
2026-09-15T13:18:27.276862Z,2,NVIDIA L20Z,4,81559,0,33,70.90
2026-09-15T13:18:27.276862Z,3,NVIDIA L20Z,4,81559,0,32,73.41
2026-09-15T13:18:27.276862Z,4,NVIDIA L20Z,4,81559,0,31,122.66
2026-09-15T13:18:27.276862Z,5,NVIDIA L20Z,4,81559,0,34,95.87
2026-09-15T13:18:27.276862Z,6,NVIDIA L20Z,72052,81559,83,52,377.88
2026-09-15T13:18:27.276862Z,7,NVIDIA L20Z,71408,81559,84,58,372.53
2026-09-15T13:18:32.430861Z,0,NVIDIA L20Z,4,81559,0,32,69.98
2026-09-15T13:18:32.430861Z,1,NVIDIA L20Z,4,81559,0,30,69.82
2026-09-15T13:18:32.430861Z,2,NVIDIA L20Z,4,81559,0,33,70.82
2026-09-15T13:18:32.430861Z,3,NVIDIA L20Z,4,81559,0,32,73.32
2026-09-15T13:18:32.430861Z,4,NVIDIA L20Z,4,81559,0,30,71.07
2026-09-15T13:18:32.430861Z,5,NVIDIA L20Z,4,81559,0,33,69.93
2026-09-15T13:18:32.430861Z,6,NVIDIA L20Z,72052,81559,71,51,354.66
2026-09-15T13:18:32.430861Z,7,NVIDIA L20Z,71408,81559,51,57,346.74
2026-09-15T13:18:37.849365Z,0,NVIDIA L20Z,4,81559,0,32,69.96
2026-09-15T13:18:37.849365Z,1,NVIDIA L20Z,4,81559,0,30,69.82
2026-09-15T13:18:37.849365Z,2,NVIDIA L20Z,4,81559,0,33,71.07
2026-09-15T13:18:37.849365Z,3,NVIDIA L20Z,4,81559,0,32,73.27
2026-09-15T13:18:37.849365Z,4,NVIDIA L20Z,4,81559,0,30,71.15
2026-09-15T13:18:37.849365Z,5,NVIDIA L20Z,4,81559,0,33,69.93
2026-09-15T13:18:37.849365Z,6,NVIDIA L20Z,72052,81559,87,53,389.90
2026-09-15T13:18:37.849365Z,7,NVIDIA L20Z,71408,81559,35,56,326.02
2026-09-15T13:18:43.053234Z,0,NVIDIA L20Z,4,81559,0,32,69.89
2026-09-15T13:18:43.053234Z,1,NVIDIA L20Z,4,81559,0,30,69.81
2026-09-15T13:18:43.053234Z,2,NVIDIA L20Z,4,81559,0,33,71.14
2026-09-15T13:18:43.053234Z,3,NVIDIA L20Z,4,81559,0,32,73.29
2026-09-15T13:18:43.053234Z,4,NVIDIA L20Z,4,81559,0,30,71.07
2026-09-15T13:18:43.053234Z,5,NVIDIA L20Z,4,81559,0,33,70.08
2026-09-15T13:18:43.053234Z,6,NVIDIA L20Z,72052,81559,83,52,371.04
2026-09-15T13:18:43.053234Z,7,NVIDIA L20Z,71408,81559,83,58,356.98
2026-09-15T13:18:48.402619Z,0,NVIDIA L20Z,4,81559,0,32,69.91
2026-09-15T13:18:48.402619Z,1,NVIDIA L20Z,4,81559,0,30,69.85
2026-09-15T13:18:48.402619Z,2,NVIDIA L20Z,4,81559,0,33,71.14
2026-09-15T13:18:48.402619Z,3,NVIDIA L20Z,4,81559,0,32,73.28
2026-09-15T13:18:48.402619Z,4,NVIDIA L20Z,4,81559,0,30,71.03
2026-09-15T13:18:48.402619Z,5,NVIDIA L20Z,4,81559,0,33,70.05
2026-09-15T13:18:48.402619Z,6,NVIDIA L20Z,72052,81559,65,53,379.93
2026-09-15T13:18:48.402619Z,7,NVIDIA L20Z,71408,81559,56,57,339.33
2026-09-15T13:18:53.590852Z,0,NVIDIA L20Z,4,81559,0,32,69.90
2026-09-15T13:18:53.590852Z,1,NVIDIA L20Z,4,81559,0,30,69.87
2026-09-15T13:18:53.590852Z,2,NVIDIA L20Z,4,81559,0,33,71.12
2026-09-15T13:18:53.590852Z,3,NVIDIA L20Z,4,81559,0,32,73.31
2026-09-15T13:18:53.590852Z,4,NVIDIA L20Z,4,81559,0,30,71.14
2026-09-15T13:18:53.590852Z,5,NVIDIA L20Z,4,81559,0,33,69.97
2026-09-15T13:18:53.590852Z,6,NVIDIA L20Z,72052,81559,46,49,321.70
2026-09-15T13:18:53.590852Z,7,NVIDIA L20Z,71408,81559,12,57,308.61
2026-09-15T13:18:58.751247Z,0,NVIDIA L20Z,4,81559,0,32,69.91
2026-09-15T13:18:58.751247Z,1,NVIDIA L20Z,4,81559,0,30,69.83
2026-09-15T13:18:58.751247Z,2,NVIDIA L20Z,4,81559,0,33,71.07
2026-09-15T13:18:58.751247Z,3,NVIDIA L20Z,4,81559,0,32,73.29
2026-09-15T13:18:58.751247Z,4,NVIDIA L20Z,4,81559,0,30,71.12
2026-09-15T13:18:58.751247Z,5,NVIDIA L20Z,4,81559,0,33,69.95
2026-09-15T13:18:58.751247Z,6,NVIDIA L20Z,72052,81559,84,52,341.13
2026-09-15T13:18:58.751247Z,7,NVIDIA L20Z,71408,81559,83,58,330.86
2026-09-15T13:19:03.975747Z,0,NVIDIA L20Z,4,81559,0,32,69.94
2026-09-15T13:19:03.975747Z,1,NVIDIA L20Z,4,81559,0,30,69.83
2026-09-15T13:19:03.975747Z,2,NVIDIA L20Z,4,81559,0,33,71.05
2026-09-15T13:19:03.975747Z,3,NVIDIA L20Z,4,81559,0,32,73.26
2026-09-15T13:19:03.975747Z,4,NVIDIA L20Z,4,81559,0,30,71.05
2026-09-15T13:19:03.975747Z,5,NVIDIA L20Z,4,81559,0,33,69.97
2026-09-15T13:19:03.975747Z,6,NVIDIA L20Z,72052,81559,39,51,327.32
2026-09-15T13:19:03.975747Z,7,NVIDIA L20Z,71410,81559,70,56,308.52
2026-09-15T13:19:09.168020Z,0,NVIDIA L20Z,4,81559,0,32,69.91
2026-09-15T13:19:09.168020Z,1,NVIDIA L20Z,4,81559,0,30,69.81
2026-09-15T13:19:09.168020Z,2,NVIDIA L20Z,4,81559,0,33,71.03
2026-09-15T13:19:09.168020Z,3,NVIDIA L20Z,4,81559,0,32,73.28
2026-09-15T13:19:09.168020Z,4,NVIDIA L20Z,4,81559,0,30,71.03
2026-09-15T13:19:09.168020Z,5,NVIDIA L20Z,4,81559,0,33,69.95
2026-09-15T13:19:09.168020Z,6,NVIDIA L20Z,72052,81559,55,51,333.94
2026-09-15T13:19:09.168020Z,7,NVIDIA L20Z,71410,81559,84,58,343.70
2026-09-15T13:19:14.329414Z,0,NVIDIA L20Z,4,81559,0,32,69.91
2026-09-15T13:19:14.329414Z,1,NVIDIA L20Z,4,81559,0,30,69.80
2026-09-15T13:19:14.329414Z,2,NVIDIA L20Z,4,81559,0,33,71.06
2026-09-15T13:19:14.329414Z,3,NVIDIA L20Z,4,81559,0,32,73.29
2026-09-15T13:19:14.329414Z,4,NVIDIA L20Z,4,81559,0,30,71.07
2026-09-15T13:19:14.329414Z,5,NVIDIA L20Z,4,81559,0,33,69.95
2026-09-15T13:19:14.329414Z,6,NVIDIA L20Z,72052,81559,85,52,359.82
2026-09-15T13:19:14.329414Z,7,NVIDIA L20Z,71410,81559,84,58,306.79
2026-09-15T13:19:19.500159Z,0,NVIDIA L20Z,4,81559,0,32,69.91
2026-09-15T13:19:19.500159Z,1,NVIDIA L20Z,4,81559,0,30,69.82
2026-09-15T13:19:19.500159Z,2,NVIDIA L20Z,4,81559,0,33,71.09
2026-09-15T13:19:19.500159Z,3,NVIDIA L20Z,4,81559,0,32,73.25
2026-09-15T13:19:19.500159Z,4,NVIDIA L20Z,4,81559,0,30,71.18
2026-09-15T13:19:19.500159Z,5,NVIDIA L20Z,4,81559,0,33,70.01
2026-09-15T13:19:19.500159Z,6,NVIDIA L20Z,72052,81559,70,52,386.23
2026-09-15T13:19:19.500159Z,7,NVIDIA L20Z,71410,81559,38,57,355.49
2026-09-15T13:19:24.695258Z,0,NVIDIA L20Z,4,81559,0,32,69.91
2026-09-15T13:19:24.695258Z,1,NVIDIA L20Z,4,81559,0,30,69.82
2026-09-15T13:19:24.695258Z,2,NVIDIA L20Z,4,81559,0,33,71.13
2026-09-15T13:19:24.695258Z,3,NVIDIA L20Z,4,81559,0,32,73.25
2026-09-15T13:19:24.695258Z,4,NVIDIA L20Z,4,81559,0,30,71.11
2026-09-15T13:19:24.695258Z,5,NVIDIA L20Z,4,81559,0,33,70.04
2026-09-15T13:19:24.695258Z,6,NVIDIA L20Z,72052,81559,37,52,387.48
2026-09-15T13:19:24.695258Z,7,NVIDIA L20Z,71412,81559,55,58,338.46
2026-09-15T13:19:29.919639Z,0,NVIDIA L20Z,4,81559,0,32,69.88
2026-09-15T13:19:29.919639Z,1,NVIDIA L20Z,4,81559,0,30,69.82
2026-09-15T13:19:29.919639Z,2,NVIDIA L20Z,4,81559,0,33,71.08
2026-09-15T13:19:29.919639Z,3,NVIDIA L20Z,4,81559,0,32,73.29
2026-09-15T13:19:29.919639Z,4,NVIDIA L20Z,4,81559,0,30,71.14
2026-09-15T13:19:29.919639Z,5,NVIDIA L20Z,4,81559,0,33,69.88
2026-09-15T13:19:29.919639Z,6,NVIDIA L20Z,72052,81559,85,51,347.54
2026-09-15T13:19:29.919639Z,7,NVIDIA L20Z,71412,81559,48,57,291.34
2026-09-15T13:19:35.116880Z,0,NVIDIA L20Z,4,81559,0,33,103.01
2026-09-15T13:19:35.116880Z,1,NVIDIA L20Z,4,81559,0,31,119.79
2026-09-15T13:19:35.116880Z,2,NVIDIA L20Z,4,81559,0,33,71.05
2026-09-15T13:19:35.116880Z,3,NVIDIA L20Z,4,81559,0,32,73.28
2026-09-15T13:19:35.116880Z,4,NVIDIA L20Z,4,81559,0,30,71.08
2026-09-15T13:19:35.116880Z,5,NVIDIA L20Z,4,81559,0,33,69.85
2026-09-15T13:19:35.116880Z,6,NVIDIA L20Z,72052,81559,83,52,394.18
2026-09-15T13:19:35.116880Z,7,NVIDIA L20Z,71412,81559,84,57,356.11
2026-09-15T13:19:40.646585Z,0,NVIDIA L20Z,4,81559,0,32,69.97
2026-09-15T13:19:40.646585Z,1,NVIDIA L20Z,4,81559,0,30,70.06
2026-09-15T13:19:40.646585Z,2,NVIDIA L20Z,4,81559,0,35,121.39
2026-09-15T13:19:40.646585Z,3,NVIDIA L20Z,4,81559,0,34,125.81
2026-09-15T13:19:40.646585Z,4,NVIDIA L20Z,531,81559,0,31,85.11
2026-09-15T13:19:40.646585Z,5,NVIDIA L20Z,4,81559,0,33,70.02
2026-09-15T13:19:40.646585Z,6,NVIDIA L20Z,72052,81559,0,45,129.27
2026-09-15T13:19:40.646585Z,7,NVIDIA L20Z,71412,81559,0,51,124.12
